variant,canonical
ESRD,ESRD
CKD STAGE V,CKD STAGE V
CA BLADDER,CA BLADDER
BOWEL HABIT CHANGE,BOWEL HABIT CHANGE
BPH,BPH
LGIB,LGIB
CHANGE IN BOWEL HABIT,BOWEL HABIT CHANGE
PROLONG INTUBATION,PROLONG INTUBATION
FIA,FIA
GROSS HEMATURIA,GROSS HEMATURIA
HIGH PSA,HIGH PSA
HEMATURIA,HEMATURIA
BHC,BHC
HYPERHIDROSIS,HYPERHIDROSIS
PROLONGED INTUBATION,PROLONG INTUBATION
SGS,SGS
CA SIGMOID,CA SIGMOID
URETHRAL STRICTURE,URETHRAL STRICTURE
RECURRENT CA BLADDER,RECURRENT CA BLADDER
DYSPEPSIA,DYSPEPSIA
BPH WITH HIGH PSA,BPH WITH HIGH PSA
PTOSIS,PTOSIS
CONSTIPATION,CONSTIPATION
PTOSIS UPPER EYELID,PTOSIS UPPER EYELID
HEMORRHOID,HEMORRHOID
RIGHT CA BREAST,RIGHT CA BREAST
LEFT BREAST MASS,LEFT BREAST MASS
CA RECTUM,CA RECTUM
LUTS,LUTS
LEFT CA BREAST,LEFT CA BREAST
RT THYROID NODULE,RT THYROID NODULE
PHIMOSIS,PHIMOSIS
CA PROSTATE,CA PROSTATE
CEPHALIC VEIN STENOSIS,CEPHALIC VEIN STENOSIS
CENTRAL VEIN STENOSIS,CENTRAL VEIN STENOSIS
ACUTE APPENDICITIS,ACUTE APPENDICITIS
LGIH,LGIH
HYDROCEPHALUS,HYDROCEPHALUS
RIGHT BREAST MASS,RIGHT BREAST MASS
LT OUTFLOW STENOSIS,LT OUTFLOW STENOSIS
CHRONIC ANAL FISSURE,CHRONIC ANAL FISSURE
SUBSIDED CHOLECYSTITIS,SUBSIDED CHOLECYSTITIS
LT COM,LT COM
FERTILITY,FERTILITY
SYMPTOMATIC GALLSTONE,SYMPTOMATIC GALLSTONE
BLADDER TUMOR,BLADDER TUMOR
SUBSIDE CHOLECYSTITIS,SUBSIDED CHOLECYSTITIS
ITHT,ITHT
CHT,CHT
RT IIH,RT IIH
SWING VEIN STENOSIS,SWING VEIN STENOSIS
CA RECTOSIGMOID,CA RECTOSIGMOID
INTERNAL HEMORRHOID,INTERNAL HEMORRHOID
HYPERPLASIA OF PROSTATE,HYPERPLASIA OF PROSTATE
MALIGNANT NEOPLASM OF THYROID GLAND,MALIGNANT NEOPLASM OF THYROID GLAND
AVF STENOSIS,AVF STENOSIS
PRIMARY HYPERHIDROSIS,PRIMARY HYPERHIDROSIS
RT COM,RT COM
REDUNDANT PREPUCE PHIMOSIS AND PARAPHIMOSIS,REDUNDANT PREPUCE PHIMOSIS AND PARAPHIMOSIS
PTOSIS OF EYELID,PTOSIS OF EYELID
R O CENTRAL VEIN STENOSIS,R O CENTRAL VEIN STENOSIS
RT BREAST MASS,RIGHT BREAST MASS
PARAFFINOMA,PARAFFINOMA
CHRONIC DYSPEPSIA,CHRONIC DYSPEPSIA
ABDOMINAL PAIN,ABDOMINAL PAIN
MALIGNANT NEOPLASM OF BREAST UNSPECIFIED,MALIGNANT NEOPLASM OF BREAST UNSPECIFIED
CHRONIC TONSILLITIS,CHRONIC TONSILLITIS
CVI BOTH LEGS,CVI BOTH LEGS
COMBINED HEMORRHOID,COMBINED HEMORRHOID
CR WITH ITH,CR WITH ITH
LT BREAST MASS,LEFT BREAST MASS
RT UC,RT UC
LT THYROID NODULE,LT THYROID NODULE
S P DDKT,S P DDKT
CONTRACEPTIVE MANAGEMENT,CONTRACEPTIVE MANAGEMENT
ITH,ITH
BPH C HIGH PSA,BPH C HIGH PSA
NF LT LEG,NF LT LEG
RIGHT THYROID MASS,RIGHT THYROID MASS
RT INGUINAL HERNIA,RT INGUINAL HERNIA
R O CA PROSTATE,R O CA PROSTATE
CA SIGMOID COLON,CA SIGMOID COLON
FISTULA IN ANO,FISTULA IN ANO
SEVERE OSA,SEVERE OSA
SUSPICIOUS FOR THYROID CANCER,SUSPICIOUS FOR THYROID CANCER
BILAT NASAL POLYP,BILAT NASAL POLYP
CA ASCENDING COLON,CA ASCENDING COLON
L4 5 SPONDYLOSIS,L4 5 SPONDYLOSIS
R O OUTFLOW STENOSIS,R O OUTFLOW STENOSIS
LOCALIZED ENLARGED LYMPH NODES,LOCALIZED ENLARGED LYMPH NODES
LT IIH,LT IIH
GIANT AVF LT ARM,GIANT AVF LT ARM
ESRD WITH CENTRAL VEIN STENOSIS,ESRD WITH CENTRAL VEIN STENOSIS
BUGGY EYELID,BUGGY EYELID
LT UC,LT UC
NONTOXIC MULTINODULAR GOITRE,NONTOXIC MULTINODULAR GOITRE
LEFT IIH,LEFT IIH
FAILED OR DIFFICULT INTUBATION,FAILED OR DIFFICULT INTUBATION
MILD OSA,MILD OSA
NF RT LEG,NF RT LEG
JUXTA ANASTOMOSIS STENOSIS,JUXTA ANASTOMOSIS STENOSIS
ESRD S P DDKT,ESRD S P DDKT
CA HEPATIC FLEXURE,CA HEPATIC FLEXURE
CLTI RT LEG,CLTI RT LEG
BLADDER MASS,BLADDER MASS
R O BLADDER TUMOR,R O BLADDER TUMOR
LOW PROFILE NOSE,LOW PROFILE NOSE
OSA,OSA
L4 5 SPONDYLOLISTHESIS,L4 5 SPONDYLOLISTHESIS
BENIGN NEOPLASM OF THYROID GLAND,BENIGN NEOPLASM OF THYROID GLAND
LEFT THYROID MASS,LEFT THYROID MASS
RT DJ STENT,RT DJ STENT
MODERATE OSA,MODERATE OSA
AUR,AUR
THROMBOSED AVBG LT FOREARM,THROMBOSED AVBG LT FOREARM
CBD STONE S P ERCP,CBD STONE S P ERCP
GIANT AVF LT CUBITAL,GIANT AVF LT CUBITAL
L SPONDYLOSIS,L4 5 SPONDYLOSIS
CA COLON,CA COLON
C SPONDYLOSIS,C SPONDYLOSIS
BILAT NP,BILAT NP
AGING FACE,AGING FACE
ESRD WITH SWING VEIN STENOSIS,ESRD WITH SWING VEIN STENOSIS
R O OUTFLOW STENOSIS LT,R O OUTFLOW STENOSIS
DJ STENT,DJ STENT
BLUNT ABDOMINAL INJURY,BLUNT ABDOMINAL INJURY
L4 5 STENOSIS,L4 5 STENOSIS
MALIGNANT NEOPLASM OF TRIGONE OF BLADDER,MALIGNANT NEOPLASM OF TRIGONE OF BLADDER
R O CA BLADDER,R O CA BLADDER
LOCALIZED SWELLING MASS AND LUMP NECK,LOCALIZED SWELLING MASS AND LUMP NECK
UNSPECIFIED LUMP IN BREAST,UNSPECIFIED LUMP IN BREAST
RECTAL PROLAPSE,RECTAL PROLAPSE
STATUS CHEMOPORT,STATUS CHEMOPORT
CLTI LT LEG,CLTI RT LEG
MALIGNANT NEOPLASM OF FLOOR OF MOUTH ANTERIOR FLOOR OF MOUTH,MALIGNANT NEOPLASM OF FLOOR OF MOUTH ANTERIOR FLOOR OF MOUTH
L345 SPONDYLOSIS,L345 SPONDYLOSIS
ESRD ON HD,ESRD ON HD
ESRD WITH CEPHALIC VEIN STENOSIS,ESRD WITH CENTRAL VEIN STENOSIS
STERILIZATION,STERILIZATION
MASS AT SCALP,MASS AT SCALP
CAF,CAF
BENIGN NEOPLASM OF PAROTID GLAND,BENIGN NEOPLASM OF THYROID GLAND
PERIANAL ABSCESS,PERIANAL ABSCESS
AAA,AAA
C5 6 SPONDYLOSIS,C SPONDYLOSIS
RT RC,RT RC
RECTAL MASS,RECTAL MASS
CEPHALIC ARCH STENOSIS,CEPHALIC ARCH STENOSIS
BILAT CRS WITH NP,BILAT CRS WITH NP
L4 S1 SPONDYLOSIS,L4 S1 SPONDYLOSIS
NONTOXIC SINGLE THYROID NODULE,NONTOXIC SINGLE THYROID NODULE
RIGHT IIH,RIGHT IIH
LEFT THYROID NODULE,LT THYROID NODULE
CVI C2S BOTH LEGS,CVI C2S BOTH LEGS
SNORING,SNORING
ESRD WITH CRBSI,ESRD WITH CRBSI
HAEMORRHOID,HEMORRHOID
AVBG STENOSIS,AVF STENOSIS
CA CECUM,CA CECUM
STRICTURE URETHRA,URETHRAL STRICTURE
BILATERAL INGUINAL HERNIA,BILATERAL INGUINAL HERNIA
CA LT BREAST,LEFT CA BREAST
ACUTE CHOLECYSTITIS,ACUTE CHOLECYSTITIS
LT CA BREAST,LEFT CA BREAST
LT CRS,LT CRS
THROMBOSED AVBG LT UPPER ARM,THROMBOSED AVBG LT UPPER ARM
CA LOWER RECTUM,CA LOWER RECTUM
CA DESCENDING COLON,CA DESCENDING COLON
SYMPTOMATIC GS,SYMPTOMATIC GS
R O INFLOW STENOSIS,R O INFLOW STENOSIS
CHRONIC CHOLECYSTITIS,CHRONIC CHOLECYSTITIS
DDKT,DDKT
RECTAL CANCER,RECTAL CANCER
ERSD,ERSD
OUTFLOW STENOSIS,LT OUTFLOW STENOSIS
HAEMATURIA,HEMATURIA
CA ESOPHAGUS,CA ESOPHAGUS
UNILATERAL OR UNSPECIFIED INGUINAL HERNIA WITHOUT OBSTRUCTION OR GANGRENE,UNILATERAL OR UNSPECIFIED INGUINAL HERNIA WITHOUT OBSTRUCTION OR GANGRENE
BPH WITH AUR,BPH WITH AUR
UGIB,UGIB
RECTAL POLYP,RECTAL POLYP
ANEMIA,ANEMIA
PERICARDIAL EFFUSION,PERICARDIAL EFFUSION
LEFT CA BREAST S P NEOADJUVANT CHEMOTHERAPY,LEFT CA BREAST S P NEOADJUVANT CHEMOTHERAPY
INFRARENAL AAA,INFRARENAL AAA
LT OME,LT OME
ANAL POLYP,ANAL POLYP
LT INGUINAL HERNIA,RT INGUINAL HERNIA
ESRD WITH AVF STENOSIS,ESRD WITH AVF STENOSIS
PITUITARY ADENOMA,PITUITARY ADENOMA
CHRONIC RHINITIS,CHRONIC RHINITIS
THYROGLOSSAL DUCT CYST,THYROGLOSSAL DUCT CYST
CVI C2S LT LEG,CVI C2S LT LEG
INFECTED BEDSORE,INFECTED BEDSORE
RIGHT BREAST CANCER,RIGHT CA BREAST
R O URETHRAL STRICTURE,R O URETHRAL STRICTURE
PARAFINOMA,PARAFFINOMA
CEA RISING,CEA RISING
HNP L4 5,HNP L4 5
NF RT FOOT,NF RT FOOT
VC,VC
MULTIPLE THYROID NODULES,MULTIPLE THYROID NODULES
BPH LUTS,BPH LUTS
PTOSIS UPPER AND LOWER EYELID,PTOSIS UPPER AND LOWER EYELID
COMBINE HEMORRHOID,COMBINED HEMORRHOID
RT RENAL MASS,RT RENAL MASS
CKD,CKD
MULTINODULAR GOITER,MULTINODULAR GOITER
MALE CONTRACEPTIVE MANAGEMENT,CONTRACEPTIVE MANAGEMENT
ANAL CONDYLOMA,ANAL CONDYLOMA
BPH WITH VC,BPH WITH VC
CBD STONE,CBD STONE
PITUITARY MACROADENOMA,PITUITARY MACROADENOMA
CALCULUS OF URETER,CALCULUS OF URETER
MALIGNANT NEOPLASM OF LARYNX GLOTTIS,MALIGNANT NEOPLASM OF LARYNX GLOTTIS
RIGHT THYROID NODULE,RT THYROID NODULE
BENIGN NEOPLASM OF TONGUE,BENIGN NEOPLASM OF TONGUE
ATH,ATH
BILATERAL BREAST MASS,BILATERAL BREAST MASS
LT CEPHALIC VEIN STENOSIS,CEPHALIC VEIN STENOSIS
SEVERE DYSPEPSIA,SEVERE DYSPEPSIA
THROMBOSE AVF,THROMBOSE AVF
LT DJ STENT,RT DJ STENT
RT DISTAL UC,RT DISTAL UC
GERD,GERD
BAGGY EYELID,BUGGY EYELID
LT INFLOW STENOSIS,LT INFLOW STENOSIS
LIPOMA,LIPOMA
RT OME,RT OME
CA RT BREAST,RIGHT CA BREAST
PTOSIS UPPER LOWER EYELID,PTOSIS UPPER AND LOWER EYELID
SIGMOID CANCER,SIGMOID CANCER
CKD V,CKD V
BPH HIGH PSA,BPH C HIGH PSA
SEB K,SEB K
ESRD WITH JUXTA ANASTOMOSIS STENOSIS,ESRD WITH JUXTA ANASTOMOSIS STENOSIS
LOCALIZED SWELLING MASS AND LUMP HEAD,LOCALIZED SWELLING MASS AND LUMP HEAD
ACUTE CHOLANGITIS,ACUTE CHOLANGITIS
LT BREAST CANCER,LT BREAST CANCER
RECURRENT CYSTITIS,RECURRENT CYSTITIS
RT INDIRECT INGUINAL HERNIA,RT INDIRECT INGUINAL HERNIA
BEDSORE AT COCCYX,BEDSORE AT COCCYX
L3 4 5 SPONDYLOSIS,L4 5 SPONDYLOSIS
MNG,MNG
MUCOCELE OF SALIVARY GLAND,MUCOCELE OF SALIVARY GLAND
MORBID OBESITY,MORBID OBESITY
INCLUSION CYST,INCLUSION CYST
THROMBOSED AVF LT CUBITAL,THROMBOSED AVF LT CUBITAL
NF LT FOOT,NF LT FOOT
R O LT OUTFLOW STENOSIS,R O OUTFLOW STENOSIS
RT SINUSITIS,RT SINUSITIS
ESRD WITH OUTFLOW STENOSIS,ESRD WITH OUTFLOW STENOSIS
RT DIH,RT DIH
CKD STAGE 5,CKD STAGE 5
RIGHT CA BREAST S P NEOADJUVANT CHEMOTHERAPY,RIGHT CA BREAST S P NEOADJUVANT CHEMOTHERAPY
RUL NODULE,RUL NODULE
CA STOMACH,CA STOMACH
RT CA BREAST,RIGHT CA BREAST
SIALOLITHIASIS,SIALOLITHIASIS
MASS AT BACK,MASS AT BACK
MALIGNANT NEOPLASM OF OTHER AND UNSPECIFIED PARTS OT TONGUE BORDER OF TONGUE,MALIGNANT NEOPLASM OF OTHER AND UNSPECIFIED PARTS OT TONGUE BORDER OF TONGUE
ANKYLOGLOSSIA,ANKYLOGLOSSIA
R O INFLOW STENOSIS LT,R O INFLOW STENOSIS
OUTFLOW STENOSIS LT,LT OUTFLOW STENOSIS
DNS WITH ITH,DNS WITH ITH
R O CA RECTUM,R O CA RECTUM
HIGH CEA,HIGH CEA
LIPOMA AT BACK,LIPOMA AT BACK
CA SIGMOID S P LAP SIGMOIDECTOMY,CA SIGMOID S P LAP SIGMOIDECTOMY
CA RECTOSIGMOID COLON,CA RECTOSIGMOID COLON
BRAIN TUMOR,BRAIN TUMOR
ESRD S P TB1,ESRD S P TB1
NPH,NPH
PROLONGED ETT,PROLONGED ETT
CHRONIC KIDNEY DISEASE STAGE 5,CHRONIC KIDNEY DISEASE STAGE 5
L2345 STENOSIS,L2345 STENOSIS
INFECTED WOUND RT FOOT,INFECTED WOUND RT FOOT
THROMBOSE AVBG LT FOREARM,THROMBOSED AVBG LT FOREARM
ESRD WITH STEAL SYNDROME,ESRD WITH STEAL SYNDROME
POSTPROCEDURAL SUBGLOTTIC STENOSIS,POSTPROCEDURAL SUBGLOTTIC STENOSIS
ESRD S P AVF LT WRIST,ESRD S P AVF LT WRIST
ENOUGH CHILD,ENOUGH CHILD
LEFT UC,LEFT UC
BROW PTOSIS,BROW PTOSIS
BILATERAL OME,BILATERAL OME
INFLOW STENOSIS LT,LT INFLOW STENOSIS
R O CA COLON,R O CA COLON
LOW TRANSPHINCTERIC FIA,LOW TRANSPHINCTERIC FIA
CA BREAST,CA BREAST
EPISTAXIS,EPISTAXIS
INVERTED PAPILLOMA,INVERTED PAPILLOMA
CVI C2S RT LEG,CVI C2S LT LEG
PAPILLARY THYROID CANCER,PAPILLARY THYROID CANCER
LEFT BREAST CANCER,LT BREAST CANCER
RT HYDROCELE,RT HYDROCELE
RT PROXIMAL UC,RT PROXIMAL UC
INCISIONAL HERNIA,INCISIONAL HERNIA
SEVERE OSA WITH ITH,SEVERE OSA WITH ITH
INFRA RENAL AAA,INFRARENAL AAA
GASTRITIS,GASTRITIS
MENINGIOMA,MENINGIOMA
LT UC S P URSL DJ STENT,LT UC S P URSL DJ STENT
MILD OSA WITH ITH,MILD OSA WITH ITH
REDUNDANT PREPUCE,REDUNDANT PREPUCE
RIGHT INDIRECT INGUINAL HERNIA,RT INDIRECT INGUINAL HERNIA
CVI,CVI
CA UPPER RECTUM,CA UPPER RECTUM
EXTERNAL HEMORRHOID,EXTERNAL HEMORRHOID
BCC,BCC
BREAST MASS,BREAST MASS
C4 5 SPONDYLOSIS,L4 5 SPONDYLOSIS
CYST OF ORAL REGION UNSPECIFIED,CYST OF ORAL REGION UNSPECIFIED
LT RENAL MASS,LT RENAL MASS
INTERNAL HEMORRHOID GR 3,INTERNAL HEMORRHOID
DCIS OF RIGHT BREAST,DCIS OF RIGHT BREAST
HYPERSECRETION,HYPERSECRETION
RT TVC MASS,RT TVC MASS
ASCENDING COLON CANCER,CA ASCENDING COLON
THROMBOSE AVBG,THROMBOSE AVF
MASS AT NOSE,MASS AT NOSE
GIANT AVF RT ARM,GIANT AVF LT ARM
CVI LT LEG,CVI LT LEG
INFECTED WOUND LT FOOT,INFECTED WOUND RT FOOT
INFLOW STENOSIS,LT INFLOW STENOSIS
MASS AT NECK,MASS AT NECK
CRS,CRS
BILAT IIH,BILAT IIH
MULTIPLE THYROID MASSES,MULTIPLE THYROID MASSES
HYPERTROPHY OF BREAST,HYPERTROPHY OF BREAST
SYMPTOMATIC GB POLYP,SYMPTOMATIC GB POLYP
CA URETER,CA URETER
MALIGNANT POLYP,MALIGNANT POLYP
CLI LT LEG,CVI LT LEG
CARCINOMA IN SITU OF BREAST INTRADUCTAL CARCINOMA IN SITU,CARCINOMA IN SITU OF BREAST INTRADUCTAL CARCINOMA IN SITU
R O CEPHALIC VEIN STENOSIS,R O CEPHALIC VEIN STENOSIS
LOWER GI BLEEDING,LOWER GI BLEEDING
OAB,OAB
CVI RT LEG,CVI LT LEG
TVC MASS,TVC MASS
AGING EYE,AGING EYE
ESRD S P KT,ESRD S P KT
L345 STENOSIS,L2345 STENOSIS
BILATERAL CA BREAST,BILATERAL BREAST MASS
NASAL BONE FRACTURE,NASAL BONE FRACTURE
INFECTED DM FOOT,INFECTED DM FOOT
MALPOSITION TCC,MALPOSITION TCC
LT INNOMINATE VEIN STENOSIS,LT INNOMINATE VEIN STENOSIS
CLI RT LEG,CLTI RT LEG
BPH WITH RECURRENT UTI,BPH WITH RECURRENT UTI
INFLOW STENOSIS RT,LT INFLOW STENOSIS
CLEFT PALATE,CLEFT PALATE
CA BREAST RT,RIGHT CA BREAST
R O CA ESOPHAGUS,R O CA ESOPHAGUS
CALCULUS OF GALLBLADDER WITH OTHER CHOLECYSTITIS,CALCULUS OF GALLBLADDER WITH OTHER CHOLECYSTITIS
MALIGNANT NEOPLASM OF LATERAL WALL OF BLADDER,MALIGNANT NEOPLASM OF LATERAL WALL OF BLADDER
RT PAROTID MASS,RT PAROTID MASS
ANAL FISTULA,ANAL FISTULA
L4 5 SPINAL STENOSIS,L4 5 SPINAL STENOSIS
SUBSIDE CHOLANGITIS,SUBSIDE CHOLANGITIS
RT BREAST CANCER,LT BREAST CANCER
LT DISTAL UC,RT DISTAL UC
THROMBOSE AVBG LT UPPERARM,THROMBOSE AVBG LT UPPERARM
ANAL STRICTURE,ANAL STRICTURE
DYSPHAGIA,DYSPHAGIA
CHRONIC CONSTIPATION,CHRONIC CONSTIPATION
MALIGNANT NEOPLASM OF LARYNX SUPRAGLOTTIS,MALIGNANT NEOPLASM OF LARYNX SUPRAGLOTTIS
UMBILICAL HERNIA,UMBILICAL HERNIA
REFRACTORY AUR,REFRACTORY AUR
CLTI OF RT LEG,CLTI RT LEG
CA SPLENIC FLEXURE,CA SPLENIC FLEXURE
OBSTRUCTIVE UROPATHY,OBSTRUCTIVE UROPATHY
COMPLICATED UTI,COMPLICATED UTI
CRBSI,CRBSI
R O LT CEPHALIC VEIN STENOSIS,R O CEPHALIC VEIN STENOSIS
LARGE GS,LARGE GS
OSA WITH ITH,OSA WITH ITH
SKULL DEFECT,SKULL DEFECT
UNSPECIFIED HAEMATURIA,UNSPECIFIED HAEMATURIA
BILAT CRS WITH NP WITH DNS,BILAT CRS WITH NP WITH DNS
BREAST HYPERTROPHY,HYPERTROPHY OF BREAST
JUXTAANASTOMOSIS STENOSIS,JUXTAANASTOMOSIS STENOSIS
HAEMORRHOIDS UNSPECIFIED,HAEMORRHOIDS UNSPECIFIED
RT STAGHORN RC,RT STAGHORN RC
DCIS LT BREAST,DCIS LT BREAST
C456 SPONDYLOSIS,C SPONDYLOSIS
KELOID,KELOID
ABNORMAL WEIGHT LOSS,ABNORMAL WEIGHT LOSS
RT URETERAL STRICTURE S P DJ STENT,RT URETERAL STRICTURE S P DJ STENT
GB POLYP,GB POLYP
INCONTINENCE,INCONTINENCE
CVI C3 LT LEG,CVI C2S LT LEG
RT UC S P URSL DJ STENT,RT UC S P URSL DJ STENT
CA URETHRA,CA URETHRA
SIGMOID COLON CANCER,CA SIGMOID COLON
SUBSTERNAL GOITER,SUBSTERNAL GOITER
CA SIGMOID S P SIGMOIDECTOMY,CA SIGMOID S P LAP SIGMOIDECTOMY
DIVERTICULITIS,DIVERTICULITIS
L45 SPONDYLOLISTHESIS,L4 5 SPONDYLOLISTHESIS
DNS,DNS
LT TM PERFORATION,LT TM PERFORATION
L2 5 SPONDYLOSIS,L4 5 SPONDYLOSIS
BPH WITH REFRACTORY AUR,BPH WITH REFRACTORY AUR
INFECTED AVBG LT FOREARM,INFECTED AVBG LT FOREARM
BLEEDING HEMORRHOID,BLEEDING HEMORRHOID
PITUITARY TUMOR,PITUITARY TUMOR
MALE CONTRACEPTION,MALE CONTRACEPTION
PROLONG ETT,PROLONGED ETT
CA RECTUM S P LAR,CA RECTUM S P LAR
MALFUNCTION TCC,MALFUNCTION TCC
SURVEILLANCE CA SIGMOID,SURVEILLANCE CA SIGMOID
RLL MASS,RLL MASS
LIPODYSTROPHY,LIPODYSTROPHY
MALFUNCTION TCC RT IJV,MALFUNCTION TCC RT IJV
ESRD WITH MALPOSITION TCC,ESRD WITH MALPOSITION TCC
BILAT HYDRONEPHROSIS,BILAT HYDRONEPHROSIS
EC FISTULA,EC FISTULA
GALLSTONE,GALLSTONE
RT EMPYEMA THORACIS,RT EMPYEMA THORACIS
THROMBOSED AVF,THROMBOSE AVF
L2 S1 SPONDYLOSIS,L4 S1 SPONDYLOSIS
L45S1 SPONDYLOSIS,L4 S1 SPONDYLOSIS
LT DIH,LT DIH
INFECTED CAPD,INFECTED CAPD
DCIS OF LEFT BREAST,DCIS OF LEFT BREAST
SIGMOID DIVERTICULITIS,SIGMOID DIVERTICULITIS
ESRD WITH THROMBOSE AVF,ESRD WITH THROMBOSE AVF
R O CEPHALIC ARCH STENOSIS,R O CEPHALIC ARCH STENOSIS
COMPLEX FIA,COMPLEX FIA
STEAL SYNDROME,STEAL SYNDROME
APPENDICEAL PHLEGMON,APPENDICEAL PHLEGMON
ITH WITH OSA,OSA WITH ITH
SUBSIDED CHOLANGITIS,SUBSIDE CHOLANGITIS
PASSING CBD STONE,PASSING CBD STONE
THROMBOSED AVBG,THROMBOSED AVBG
LT UPPER UC,LT UPPER UC
ESRD S P AVF LT CUBITAL,ESRD S P AVF LT CUBITAL
C4 5 6 7 SPONDYLOSIS,C4 5 6 7 SPONDYLOSIS
OTHER CHRONIC NONSUPPURATIVE OTITIS MEDIA,OTHER CHRONIC NONSUPPURATIVE OTITIS MEDIA
BENIGN NEOPLASM OF MAJOR SALIVARY GLAND UNSPECIFIED,BENIGN NEOPLASM OF MAJOR SALIVARY GLAND UNSPECIFIED
LT NECK MASS,MASS AT NECK
PREAURICULAR SINUS AND CYST,PREAURICULAR SINUS AND CYST
CA LUNG,CA LUNG
CHRONIC SINUSITIS,CHRONIC SINUSITIS
MALIGNANT NEOPLASM OF BASE OF TONGUE,MALIGNANT NEOPLASM OF BASE OF TONGUE
ENTEROCUTANEOUS FISTULA,ENTEROCUTANEOUS FISTULA
2ND HPTH,2ND HPTH
PENILE MASS,PENILE MASS
ESRD WITH THROMBOSED AVF LT CUBITAL,ESRD WITH THROMBOSED AVF LT CUBITAL
MALIGNANT NEOPLASM OF OTHER AND UNSPECIFIED PARTS OF TONGUE VENTRAL SURFACE OF TONGUE,MALIGNANT NEOPLASM OF OTHER AND UNSPECIFIED PARTS OF TONGUE VENTRAL SURFACE OF TONGUE
THROMBOSE AVF RT CUBITAL,THROMBOSED AVF LT CUBITAL
CKD STAGEV,CKD STAGE V
CA LT BREAST S P NEOADJUVANT CHEMOTHERAPY,LEFT CA BREAST S P NEOADJUVANT CHEMOTHERAPY
ABNORMAL CALCIFICATION OF RIGHT BREAST,ABNORMAL CALCIFICATION OF RIGHT BREAST
LOCULATED RT PLEURAL EFFUSION,LOCULATED RT PLEURAL EFFUSION
CVI C2S OF BOTH LEGS,CVI C2S BOTH LEGS
ANASTOMOSIS STRICTURE,ANASTOMOSIS STRICTURE
CYSTITIS GLANDULARIS,CYSTITIS GLANDULARIS
L2345 SPONDYLOSIS,L345 SPONDYLOSIS
S P LAR,S P LAR
CTLI RT LEG,CLTI RT LEG
C3 7 SPONDYLOSIS,C SPONDYLOSIS
NF BOTH LEG,NF BOTH LEG
NORMAL PRESSURE HYDROCEPHALUS,NORMAL PRESSURE HYDROCEPHALUS
RUPTURE DISC L4 5,RUPTURE DISC L4 5
L 345 SPONDYLOSIS,L4 5 SPONDYLOSIS
SKIN TAG AT NECK,SKIN TAG AT NECK
PTOSIS EYELID,PTOSIS OF EYELID
MALPOSITION TCC RT IJV,MALPOSITION TCC RT IJV
BALANOPOSTHITIS,BALANOPOSTHITIS
CHRONIC ABDOMINAL PAIN,CHRONIC ABDOMINAL PAIN
URINARY INCONTINENCE,URINARY INCONTINENCE
ESRD WITH MALFUNCTION TCC,ESRD WITH MALFUNCTION TCC
CA BLADDER URETHRAL STRICTURE,CA BLADDER URETHRAL STRICTURE
DIVERTICULOSIS,DIVERTICULOSIS
RT OUTFLOW STENOSIS,RT OUTFLOW STENOSIS
RT FRONTAL BRAIN TUMOR,RT FRONTAL BRAIN TUMOR
NF LT LEG S P PARTIAL STSG,NF LT LEG S P PARTIAL STSG
LGIB HEMORRHOID,LGIB HEMORRHOID
STOOL OCCULT BLOOD POSITIVE,STOOL OCCULT BLOOD POSITIVE
RIGHT INGUINAL HERNIA,RT INGUINAL HERNIA
LT INDIRECT INGUINAL HERNIA,RT INDIRECT INGUINAL HERNIA
CA ASCENDING COLON S P LAP RHC,CA ASCENDING COLON S P LAP RHC
LT SUBMANDIBULAR MASS,LT SUBMANDIBULAR MASS
OBESITY,OBESITY
BILAT UC,BILAT UC
CA BLADDER S P TUR BT,CA BLADDER S P TUR BT
FAMILY PLANNING,FAMILY PLANNING
PTOSIS U L EYELID,PTOSIS U L EYELID
NASAL POLYP,NASAL POLYP
BLADDER WALL THICKENING,BLADDER WALL THICKENING
CLTI LEFT LEG,CLTI LEFT LEG
L4 5 S1 SPONDYLOSIS,L4 S1 SPONDYLOSIS
LEFT ADRENAL MASS,LEFT ADRENAL MASS
RT CEPHALIC VEIN STENOSIS,CEPHALIC VEIN STENOSIS
NF RIGHT FOOT,NF RIGHT FOOT
CHRONIC WOUND LT LEG,CHRONIC WOUND LT LEG
CA PROSTATE S P LRP,CA PROSTATE S P LRP
GROSS HEMATURIA R O CA BLADDER,GROSS HEMATURIA R O CA BLADDER
ESRD WITH UREMIA,ESRD WITH UREMIA
NAEVUS,NAEVUS
TRICHILEMMAL CYST,TRICHILEMMAL CYST
INTERNAL HEMORRHOID GR III,INTERNAL HEMORRHOID GR III
BURST FRACTURE L1,BURST FRACTURE L1
RT CERVICAL LN,RT CERVICAL LN
2ND HPTH WITH BONE PAIN,2ND HPTH WITH BONE PAIN
CEREBELLAR TUMOR,CEREBELLAR TUMOR
RESPIRATORY FAILURE UNSPECIFIED,RESPIRATORY FAILURE UNSPECIFIED
RECTAL GIST,RECTAL GIST
STOOL OCCULT BLOOD VE,STOOL OCCULT BLOOD VE
R O CBN,R O CBN
LUTS R O URETHRAL STRICTURE,R O URETHRAL STRICTURE
GI BLEEDING,GI BLEEDING
THROMBOSE AVF LT CUBITAL,THROMBOSED AVF LT CUBITAL
LGIBS,LGIB
CA OVARY,CA OVARY
R O OUTFLOW STENOSIS RT,R O OUTFLOW STENOSIS
ESRD WITH R O CENTRAL VEIN STENOSIS,ESRD WITH R O CENTRAL VEIN STENOSIS
ESRD WITH AVBG STENOSIS,ESRD WITH AVF STENOSIS
TRACHEOSTOMY STATUS,TRACHEOSTOMY STATUS
HERNIATED DISC L4 5,HERNIATED DISC L4 5
MUCOCELE,MUCOCELE
CA CECUM S P RHC,CA CECUM S P RHC
BILATERAL COM,BILATERAL OME
BLOODY NIPPLE DISCHARGE,BLOODY NIPPLE DISCHARGE
BILATERAL IIH,BILATERAL IIH
CLI LEFT LEG,CLTI LEFT LEG
LEFT RENAL MASS,LT RENAL MASS
DCIS RT BREAST,DCIS LT BREAST
GALLSTONE PANCREATITIS,GALLSTONE PANCREATITIS
CRLM,CRLM
INTERSPHINCTERIC FIA,INTERSPHINCTERIC FIA
HCC RIGHT LOBE,HCC RIGHT LOBE
RT FRONTAL TUMOR,RT FRONTAL TUMOR
RT CRS,RT CRS
BILATERAL NASAL POLYP,BILAT NASAL POLYP
CR WITH DNS WITH ITH,CR WITH DNS WITH ITH
RECURRENT RIGHT CA BREAST,RECURRENT RIGHT CA BREAST
RIGHT UC,RIGHT UC
ABNORMAL CALCIFICATION LT BREAST,ABNORMAL CALCIFICATION OF RIGHT BREAST
CA BREAST LT,LEFT CA BREAST
THROMBOSED AVF LT WRIST,THROMBOSED AVF LT WRIST
LT HYDRONEPHROSIS,LT HYDRONEPHROSIS
PAINLESS GROSS HEMATURIA,PAINLESS GROSS HEMATURIA
THYROTOXICOSIS WITH TOXIC MULTINODULAR GOITRE,THYROTOXICOSIS WITH TOXIC MULTINODULAR GOITRE
FRONTAL OSTEOMA,FRONTAL OSTEOMA
CLTI OF LT LEG,CLTI OF LT LEG
CA LEFT BREAST,LEFT CA BREAST
ADENOMYOMATOSIS,ADENOMYOMATOSIS
MALIGNANT NEOPLASM OF OTHER AND ILL DEFINED SITES IN THE LIP ORAL CAVITY AND PHARYNX UNSPECIFIED,MALIGNANT NEOPLASM OF OTHER AND ILL DEFINED SITES IN THE LIP ORAL CAVITY AND PHARYNX UNSPECIFIED
RECURRENT PITUITARY TUMOR,RECURRENT PITUITARY TUMOR
L45 SPONDYLOLITHESIS,L4 5 SPONDYLOLISTHESIS
ADJACENT LEVEL L2 3,ADJACENT LEVEL L2 3
MASS AT EYELID,MASS AT EYELID
CA RECTUM S P APR,CA RECTUM S P APR
PLANNED FOR CHEMOTHERAPY,PLANNED FOR CHEMOTHERAPY
DNS ITH,DNS ITH
LEUKOPLAKIA AND OTHER DISTURBANCES OF ORAL EPITHELIUM INCLUDING TONGUE,LEUKOPLAKIA AND OTHER DISTURBANCES OF ORAL EPITHELIUM INCLUDING TONGUE
JUXTAVENOUS ANASTOMOSIS STENOSIS,JUXTA ANASTOMOSIS STENOSIS
THROMBOSE AVBG RT FOREARM,THROMBOSED AVBG LT FOREARM
MICROSCOPIC HEMATURIA,MICROSCOPIC HEMATURIA
C4 5 6 SPONDYLOSIS,C4 5 6 7 SPONDYLOSIS
THROMBOSED LT AVBG,THROMBOSED AVBG
RIGHT CA BREAST S P BCT,RIGHT CA BREAST S P BCT
COLONIC POLYP,COLONIC POLYP
DYSURIA,DYSURIA
BILAT HN,BILAT HN
PANFACIAL FRACTURE,PANFACIAL FRACTURE
INFECTED WOUND,INFECTED WOUND
MICRO HEMATURIA,MICRO HEMATURIA
NF RT LEG S P DB,NF RT LEG S P DB
HX OF LGIB,HX OF LGIB
LUTS BPH,BPH LUTS
R O BLADDER MASS,R O BLADDER MASS
RT CAROTID STENOSIS,RT CAROTID STENOSIS
RT CENTRAL VEIN STENOSIS,CENTRAL VEIN STENOSIS
ESRD ON DLC RT IJV,ESRD ON DLC RT IJV
CEPHALIC V STENOSIS,CEPHALIC VEIN STENOSIS
LT TRIGEMINAL NEURALGIA,LT TRIGEMINAL NEURALGIA
INFECTED WOUND LEFT FOOT,INFECTED WOUND RT FOOT
URINARY RETENTION,URINARY RETENTION
LT RC,LT RC
RECURRENT CA BLADDER URETHRAL STRICTURE,RECURRENT CA BLADDER URETHRAL STRICTURE
THYROID NODULE,RT THYROID NODULE
WEIGHT LOSS,WEIGHT LOSS
BLUNT AB S P EL,BLUNT AB S P EL
SIMPLE SNORING,SIMPLE SNORING
MASS AT SHOULDER,MASS AT SHOULDER
VARICOSE VEIN LT LEG,VARICOSE VEIN LT LEG
LT CEPHALIC ARCH STENOSIS,CEPHALIC ARCH STENOSIS
RT CEPHALIC ARCH STENOSIS,CEPHALIC ARCH STENOSIS
C567 SPONDYLOSIS,C SPONDYLOSIS
LT FRONTAL BRAIN METASTASIS,LT FRONTAL BRAIN METASTASIS
XANTHELESMA,XANTHELESMA
CR WITH DNS,CR WITH DNS
PILONIDAL SINUS,PILONIDAL SINUS
NECK MASS,NECK MASS
RIGHT RC,RIGHT RC
R O LT CEPHALIC ARCH STENOSIS,R O CEPHALIC ARCH STENOSIS
MALIGNANT NEOPLASM OF PROSTATE,MALIGNANT NEOPLASM OF PROSTATE
SECONDARY HPTH WITH ELEVATED PTH,SECONDARY HPTH WITH ELEVATED PTH
RIGHT BREAST CANCER S P NEOADJUVANT CHEMOTHERAPY,RIGHT CA BREAST S P NEOADJUVANT CHEMOTHERAPY
LT URETERIC INJURY,LT URETERIC INJURY
UPPER AIRWAY OBSTRUCTION,UPPER AIRWAY OBSTRUCTION
BILATERAL CHRONIC SDH,BILATERAL CHRONIC SDH
MALIGNANT POLYP AT RECTUM,MALIGNANT POLYP AT RECTUM
SCREENING,SCREENING
CRITICAL LIMB ISCHEMIA RT LEG,CRITICAL LIMB ISCHEMIA RT LEG
HYDROCELE UNSPECIFIED,HYDROCELE UNSPECIFIED
MASS AT POSTERIOR NECK,MASS AT POSTERIOR NECK
CA PANCREAS,CA PANCREAS
ESRD S P TK INSERTION,ESRD S P TK INSERTION
WOUND DEHISCENCE,WOUND DEHISCENCE
GRAVES' DISEASE,GRAVES' DISEASE
SPINAL STENOSIS L3 S1,SPINAL STENOSIS L3 S1
RT SDH,RT SDH
ANAL FISTULAR,ANAL FISTULA
RT INNOMINATE VEIN STENOSIS,LT INNOMINATE VEIN STENOSIS
LEFT SUBSTERNAL THYROID MASS,LEFT SUBSTERNAL THYROID MASS
LOCULATED RIGHT PLEURAL EFFUSION,LOCULATED RT PLEURAL EFFUSION
THORACIC AORTIC ANEURYSM,THORACIC AORTIC ANEURYSM
LT BREAST MASS L12,LT BREAST MASS L12
PYOMYOSITIS S P DB,PYOMYOSITIS S P DB
CALCULUS OF KIDNEY,CALCULUS OF KIDNEY
MASS AT DESCENDING COLON,MASS AT DESCENDING COLON
L3 5 SPONDYLOSIS,L4 5 SPONDYLOSIS
MASS AT FACE,MASS AT FACE
GROSS HAEMATURIA,GROSS HEMATURIA
LARGE VC,LARGE VC
NEOPLASM OF LARYNX,NEOPLASM OF LARYNX
SEVERE ACUTE PANCREATITIS WITH ACS S P EL,SEVERE ACUTE PANCREATITIS WITH ACS S P EL
RECTOSIGMOID CANCER,CA RECTOSIGMOID
INFECTED PRESSURE SORE AT COCCYX,INFECTED PRESSURE SORE AT COCCYX
NEAR AMPUTATION,NEAR AMPUTATION
CRLM AT S6,CRLM AT S6
ESRD S P DDKT C DJ STENT,ESRD S P DDKT C DJ STENT
PUP WITH EC FISTULA WITH DIFFICULT ABDOMEN,PUP WITH EC FISTULA WITH DIFFICULT ABDOMEN
SAH C HYDROCEPHALUS,SAH C HYDROCEPHALUS
LEFT HEMIFACIAL SPASM,LEFT HEMIFACIAL SPASM
HNP L5 S1,HNP L5 S1
SPINAL STENOSIS L4 5,L4 5 SPINAL STENOSIS
SUBSIDE CHOLANGITIS S P ERCP,SUBSIDE CHOLANGITIS S P ERCP
BENIGN LIPOMATOUS NEOPLASM OF SKIN AND SUBCUTANEOUS TISSUE OF TRUNK,BENIGN LIPOMATOUS NEOPLASM OF SKIN AND SUBCUTANEOUS TISSUE OF TRUNK
ABNORMAL CALCIFICATION OF LEFT BREAST,ABNORMAL CALCIFICATION OF LEFT BREAST
SEBORRHOEIC KERATOSIS,SEBORRHOEIC KERATOSIS
LT STAGHORN,LT STAGHORN
LUL NODULE,LUL NODULE
RT NECK MASS,RT NECK MASS
MUCOSAL PROLAPSE,MUCOSAL PROLAPSE
LT INVERTED PAPILLOMA,INVERTED PAPILLOMA
CHOLECYSTITIS,CHOLECYSTITIS
RUPTURED DISC C6 7,RUPTURED DISC C6 7
DYSPHAGIA WITH SIGNIFICANT WEIGHT LOSS,DYSPHAGIA WITH SIGNIFICANT WEIGHT LOSS
MENINGIOMA S P LT CRANIOTOMY C HYDROCEPHALUS,MENINGIOMA S P LT CRANIOTOMY C HYDROCEPHALUS
INFECTED BEDSORE AT COCCYX,INFECTED BEDSORE AT COCCYX
L3 4 5 SPONDYLOLITHESIS,L4 5 SPONDYLOLISTHESIS
L 23 SPONDYLOSIS ADJACENT LEVEL,L 23 SPONDYLOSIS ADJACENT LEVEL
SCC,SCC
RT FVC MASS,RT FVC MASS
GROSS HEMATURIA C AUR,GROSS HEMATURIA C AUR
MALIGNANT NEOPLASM OF TONSIL UNSPECIFIED,MALIGNANT NEOPLASM OF TONSIL UNSPECIFIED
CENTRAL VEIN STENOSIS RT,CENTRAL VEIN STENOSIS
CA PROXIMAL TRANSVERSE COLON,CA PROXIMAL TRANSVERSE COLON
MALIGNANT NEOPLASM OF LARYNX UNSPECIFIED,MALIGNANT NEOPLASM OF LARYNX UNSPECIFIED
CBN,CBN
MULTIPLE RT THYROID NODULE,MULTIPLE THYROID NODULES
LT AVF OUTFLOW STENOSIS,LT OUTFLOW STENOSIS
LARGE LIPOMA AT BACK,LARGE LIPOMA AT BACK
HNP C5 6,HNP C5 6
EPIDERMAL CYST,EPIDERMAL CYST
SEVERE OSA ITH,SEVERE OSA ITH
LARGE BLADDER TUMOR,LARGE BLADDER TUMOR
2ND HPTH WITH ELEVATED PTH,2ND HPTH WITH ELEVATED PTH
RIGHT SUBSTERNAL THYROID MASS,RIGHT SUBSTERNAL THYROID MASS
RECURRENT GRAVES' DISEASE,RECURRENT GRAVES' DISEASE
STOOL OCCULT POSITIVE,STOOL OCCULT POSITIVE
BLUNT ABDOMINAL INJURY S P EL,BLUNT ABDOMINAL INJURY S P EL
HYPER SECRETION,HYPERSECRETION
PAPILLOMA RT SEPTUM,PAPILLOMA RT SEPTUM
RIGHT PROXIMAL UC,RT PROXIMAL UC
INTERNAL HEMORRHOID GRADE 3,INTERNAL HEMORRHOID GRADE 3
FIA LOW TRANSPHINCTERIC,LOW TRANSPHINCTERIC FIA
R O CA STOMACH,R O CA STOMACH
RT PTC,RT PTC
CA POSTERIOR PHARYNX,CA POSTERIOR PHARYNX
R O LYMPHOMA,R O LYMPHOMA
LT BREAST MASS L4,LT BREAST MASS L12
L5 S1 SPONDYLOLITHESIS,L5 S1 SPONDYLOLITHESIS
RT CHL,RT CHL
POLYP OF VOCAL CORD AND LARYNX,POLYP OF VOCAL CORD AND LARYNX
PROLAPSED THROMBOSED HEMORRHOID,PROLAPSED THROMBOSED HEMORRHOID
SUBSTERNAL THYROID GOITER,SUBSTERNAL THYROID GOITER
LT CENTRAL VEIN STENOSIS,CENTRAL VEIN STENOSIS
CA DISTAL ESOPHAGUS,CA DISTAL ESOPHAGUS
HYPERHYDROSIS,HYPERHIDROSIS
COMPRESSION FRACTURE L1,COMPRESSION FRACTURE L1
CA ANAL CANAL,CA ANAL CANAL
CECAL MASS,CECAL MASS
THROMBOSED AVBG RT UPPER ARM,THROMBOSED AVBG LT UPPER ARM
TONSILITIS,TONSILITIS
FACE LIFT,FACE LIFT
RT UPPER UC,LT UPPER UC
S P KIDNEY TRANSPLANT,S P KIDNEY TRANSPLANT
RT UVJ STONE,RT UVJ STONE
CKD STGAE V,CKD STAGE V
ESRD S P AVF,ESRD S P AVF
EPIGASTRIUM PAIN,EPIGASTRIUM PAIN
FALSE ANEURYSM AVBG LT FOREARM,FALSE ANEURYSM AVBG LT FOREARM
VESICAL STONE,VESICAL STONE
MASS AT RIGHT FOREARM,MASS AT RIGHT FOREARM
RIGHT SDH,RIGHT SDH
NF RT LEG S P FASCIOTOMY,NF RT LEG S P FASCIOTOMY
RT NASAL MASS,RT NASAL MASS
RESPIRATORY FAILURE,RESPIRATORY FAILURE
MASS AT CHIN,MASS AT CHIN
MALIGNANT NEOPLASM OF UPPER INNER QUADRANT OF BREAST,MALIGNANT NEOPLASM OF UPPER INNER QUADRANT OF BREAST
SCREENING CRC,SCREENING CRC
AVF LT CUBITAL STENOSIS,AVF LT CUBITAL STENOSIS
MALFUNCTION TCC AT RT IJV,MALFUNCTION TCC RT IJV
FALSE ANEURYSM AVBG LT UPPERARM,FALSE ANEURYSM AVBG LT UPPERARM
CA SIGMOID WITH LIVER METASTASIS,CA SIGMOID WITH LIVER METASTASIS
CA MID RECTUM,CA MID RECTUM
CA RT BREAST S P NEOADJUVANT CHEMO,CA RT BREAST S P NEOADJUVANT CHEMO
DISTAL CHOLANGIOCARCINOMA,DISTAL CHOLANGIOCARCINOMA
POSTHITIS,POSTHITIS
GIGANTOMASTIA,GIGANTOMASTIA
BILATERAL THYROID NODULE,BILATERAL THYROID NODULE
LARGE RT THYROID NODULE,LARGE RT THYROID NODULE
THYROID NODULE BOTH LOBES,THYROID NODULE BOTH LOBES
MODERATE OSA WITH ITH,MODERATE OSA WITH ITH
SCAR CONTRACTION,SCAR CONTRACTION
PIRADS 4,PIRADS 4
ADVANCE STAGE CA RECTUM,ADVANCE STAGE CA RECTUM
S P KT,S P KT
CVI C3 BOTH LEGS,CVI C2S BOTH LEGS
SVT LT LEG,SVT LT LEG
LT THYROID MASS,LEFT THYROID MASS
ANAL WART,ANAL WART
PERIANAL SKIN TAG,PERIANAL SKIN TAG
SUBSIDED CHOLECYTITIS,SUBSIDED CHOLECYSTITIS
R O URETHRAL MASS,R O URETHRAL MASS
ESRD WITH INFLOW STENOSIS,ESRD WITH OUTFLOW STENOSIS
C3 6 SPONDYLOSIS,C SPONDYLOSIS
LT PROXIMAL UC,LT PROXIMAL UC
VESICLE CALCULI,VESICLE CALCULI
CLTI LT FOOT,CLTI LT FOOT
R O RT OUTFLOW STENOSIS,R O OUTFLOW STENOSIS
ESRD WITH GIANT ANEURYSM,ESRD WITH GIANT ANEURYSM
BURST FRACTURE L3,BURST FRACTURE L1
C7 T1 SPONDYLOSIS,C7 T1 SPONDYLOSIS
OTHER BENIGN NEOPLASMS OF SKIN OF EAR AND EXTERNAL AURICULAR CANAL,OTHER BENIGN NEOPLASMS OF SKIN OF EAR AND EXTERNAL AURICULAR CANAL
HYPERTROPHIC SCAR,HYPERTROPHIC SCAR
LIPOMA AT CHEEK,LIPOMA AT CHEEK
KELOID AT LT EAR,KELOID AT LT EAR
SEBORRHIC KERATOSIS,SEBORRHOEIC KERATOSIS
MALIGNANT NEOPLASM OF OVERLAPPING LESION OF BLADDER,MALIGNANT NEOPLASM OF OVERLAPPING LESION OF BLADDER
SPONDYLOLISTHESIS L4 5,L4 5 SPONDYLOLISTHESIS
LT RCC,LT RC
CLI RIGHT FOOT,CLI RIGHT FOOT
NOSE INFECTION,NOSE INFECTION
OTHER DISEASES OF VOCAL CORDS,OTHER DISEASES OF VOCAL CORDS
JUXTAVENOUS STENOSIS LT,JUXTAVENOUS STENOSIS LT
OUTFLOW STENOSIS RT,RT OUTFLOW STENOSIS
RT INFLOW STENOSIS,LT INFLOW STENOSIS
INTRADUCTAL PAPILLOMA,INTRADUCTAL PAPILLOMA
CBD STONE S P ERCP STONE REMOVAL,CBD STONE S P ERCP STONE REMOVAL
CHRONIC SINUSITIS UNSPECIFIED,CHRONIC SINUSITIS UNSPECIFIED
RT SUPRACLAVICULAR MASS,RT SUPRACLAVICULAR MASS
CONTRACTURE BLADDER NECK,CONTRACTURE BLADDER NECK
S P LEFT DJ,S P LEFT DJ
HEMORRHOID LGIB,LGIB HEMORRHOID
GASTRIC POLYP,GASTRIC POLYP
R O AVBG STENOSIS,R O AVBG STENOSIS
INFECT AVBG LT THIGH,INFECT AVBG LT THIGH
CHOLESTEATOMA LT EAR,CHOLESTEATOMA LT EAR
CYST AT BACK,CYST AT BACK
INFECT AVBG LT FOREARM,INFECTED AVBG LT FOREARM
CA BLADDER WITH URETHRAL STRICTURE,CA BLADDER URETHRAL STRICTURE
RT PARIETAL MASS,RT PARIETAL MASS
OLF T10 11,OLF T10 11
BILATERAL URETEROSTOMY,BILATERAL URETEROSTOMY
DYSURIA CAUSE,DYSURIA CAUSE
R O CA SIGMOID,R O CA SIGMOID
R O CA DESCENDING COLON,R O CA DESCENDING COLON
CTLI LT LEG,CTLI LT LEG
CVI C3 RT LEG,CVI C3 RT LEG
ANAL FISSURE,ANAL FISSURE
COMPARTMENT SYNDROME S P FASCIOTOMY,COMPARTMENT SYNDROME S P FASCIOTOMY
SMALL BOWEL RESECTION C SPLENECTOMY C DISTAL PANCREATECTOMY,SMALL BOWEL RESECTION C SPLENECTOMY C DISTAL PANCREATECTOMY
ESRD WITH JUXTAANASTOMOSIS STENOSIS,ESRD WITH JUXTAANASTOMOSIS STENOSIS
P,P
INFECTED DM FOOT RT,INFECTED DM FOOT
CA SIGMOID S P LOOP PROXIMAL TRANSVERSE COLOSTOMY,CA SIGMOID S P LOOP PROXIMAL TRANSVERSE COLOSTOMY
BILATERAL BREAST CANCER,BILATERAL BREAST CANCER
LEFT CA BREAST S P NAC,LEFT CA BREAST S P NAC
CA HEAD OF PANCREAS,CA HEAD OF PANCREAS
BURST FX L4,BURST FX L4
PROLONG ET TUBE,PROLONG ET TUBE
GALL STONE,GALLSTONE
LEFT SCROTAL MASS,LEFT SCROTAL MASS
SCREENING COLONIC CANCER,SCREENING COLONIC CANCER
CA CECUM S P LAP RHC,CA CECUM S P RHC
CHRONIC KIDNEY DISEASE UNSPECIFIED,CHRONIC KIDNEY DISEASE UNSPECIFIED
R O CEPHALIC ARCH STENOSIS LT,R O CEPHALIC ARCH STENOSIS
2ND DEGREE BURN AT BACK,2ND DEGREE BURN AT BACK
HOLLOW VISCUS ORGAN PERFORATE,HOLLOW VISCUS ORGAN PERFORATE
HYPERTROPHY OF TONSILS,HYPERTROPHY OF TONSILS
BCC AT NOSE,BCC AT NOSE
CA BLADER,CA BLADDER
S P KT C DJ STENT,S P KT C DJ STENT
CVI C4A BOTH LEGS,CVI C2S BOTH LEGS
AIRWAY DISEASE DUE TO OTHER SPECIFIC ORGANIC DUSTS,AIRWAY DISEASE DUE TO OTHER SPECIFIC ORGANIC DUSTS
RIGHT RCC,RIGHT RC
FREQUENCY,FREQUENCY
HYDROCELE,HYDROCELE
CA RECTOSIGMOID S P SX,CA RECTOSIGMOID S P SX
BIRADS 4B,BIRADS 4B
RT BREAST MASS R9,RT BREAST MASS R9
LT VESTIBULAR SCHWANNOMA,LT VESTIBULAR SCHWANNOMA
CA HEPATIC FLEXURE COLON,CA HEPATIC FLEXURE COLON
LT HEMIFACIAL SPASM,LEFT HEMIFACIAL SPASM
RUPTURED DISC L4 5,RUPTURE DISC L4 5
PROLONGED ET,PROLONGED ETT
DERMOID CYST,DERMOID CYST
R O CENTRAL VEIN STENOSIS RT,R O CENTRAL VEIN STENOSIS
MASS AT RT GROIN,MASS AT RT GROIN
THROMBOSED AVBG LEFT FOREARM,THROMBOSED AVBG LT FOREARM
C5 6 7 SPONDYLOSIS,C4 5 6 7 SPONDYLOSIS
LT FRONTAL MENINGIOMA,LT FRONTAL MENINGIOMA
SYMPTOMATIC GALLSTONES,SYMPTOMATIC GALLSTONE
CRS WITH NP,CRS WITH NP
ESOPHAGEAL STRICTURE,ESOPHAGEAL STRICTURE
RECTUM CANCER,RECTUM CANCER
GS PANCREATITIS,GS PANCREATITIS
CFX NASAL BONE,CFX NASAL BONE
LT CRS WITH NP,CRS WITH NP
LEFT STAGHORN CALCULI,LEFT STAGHORN CALCULI
BILAT OBSTRUCTIVE UROPATHY,BILAT OBSTRUCTIVE UROPATHY
CVI C6 RT LEG,CVI C3 RT LEG
L SPONDYLOSIS L4 5,L4 5 SPONDYLOSIS
MASS SCALP,MASS SCALP
SEBACEOUS CYST AT SCROTUM,SEBACEOUS CYST AT SCROTUM
GRADE 4 HEMORRHOID,GRADE 4 HEMORRHOID
LT BASILIC VEIN STENOSIS,LT BASILIC VEIN STENOSIS
CA LT URETER,CA LT URETER
SCAR CONTRACTURE,SCAR CONTRACTURE
R O RECURRENT CA BLADDER,R O RECURRENT CA BLADDER
S P RT DJ,S P RT DJ
ACUTE CHOLANGITIS WITH CBD STONE S P ERCP,ACUTE CHOLANGITIS WITH CBD STONE S P ERCP
HIGH PSA R O CA PROSTATE,HIGH PSA R O CA PROSTATE
RISING CEA,CEA RISING
GALLSTONE PANCREATITIS S P ERCP,GALLSTONE PANCREATITIS S P ERCP
VERY LARGE RIGHT THYROID MASS,VERY LARGE RIGHT THYROID MASS
S P AVF RT CUBITAL WITH OUTFLOW STENOSIS,S P AVF RT CUBITAL WITH OUTFLOW STENOSIS
ESRD ON HD DLC RT IJV,ESRD ON DLC RT IJV
LT BREAST MASS L8 PALPABLE,LT BREAST MASS L8 PALPABLE
TUBERCULUM MENINGIOMA,TUBERCULUM MENINGIOMA
BILATERAL SDH,BILATERAL SDH
RECURRENT BILAT NASAL POLYP,RECURRENT BILAT NASAL POLYP
FIBROADENOMA RIGHT BREAST,FIBROADENOMA RIGHT BREAST
LEFT INGUINAL HERNIA,RT INGUINAL HERNIA
MALIGNANT NEOPLASM OF LARYNX OVERLAPPING LESION OF LARYNX,MALIGNANT NEOPLASM OF LARYNX OVERLAPPING LESION OF LARYNX
LEFT LOWER PARATHYROID ADENOMA,LEFT LOWER PARATHYROID ADENOMA
RT FRONTAL MENINGIOMA,RT FRONTAL MENINGIOMA
LT PARASAGGITAL MENINGIOMA,LT PARASAGGITAL MENINGIOMA
SCC AT SCALP,SCC AT SCALP
CA DESCENDOSIGMOID,CA DESCENDOSIGMOID
R O CA SUPRAGLOTTIS,R O CA SUPRAGLOTTIS
SPINAL STENOSIS L3 5,L4 5 SPINAL STENOSIS
PROLOGED INTUBATION,PROLONG INTUBATION
CENTRAL PERFORATION OF TYMPANIC MEMBRANE,CENTRAL PERFORATION OF TYMPANIC MEMBRANE
ABSCESS OF SALIVARY GLAND,ABSCESS OF SALIVARY GLAND
CA BLADDER SURVILLANCE,CA BLADDER SURVILLANCE
SIGMOID VOLVULUS,SIGMOID VOLVULUS
CA EGJ,CA EGJ
THROMBOSED AVBG RT FOREARM,THROMBOSED AVBG LT FOREARM
ESRD ON TCC LT IJV,ESRD ON TCC LT IJV
L1 BURST FRACTURE,BURST FRACTURE L1
R O CEPHALIC ARCH STENOSIS RT,R O CEPHALIC ARCH STENOSIS
LT TVC MASS,LT TVC MASS
SEQUELAE OF RESPIRATORY AND UNSPECIFIED TUBERCULOSIS,SEQUELAE OF RESPIRATORY AND UNSPECIFIED TUBERCULOSIS
MASS AT FOREHEAD,MASS AT FOREHEAD
RIGHT CA BREAST S P NAC,RIGHT CA BREAST S P NAC
PNEUMONIA UNSPECIFIED,PNEUMONIA UNSPECIFIED
ASCENDING COLON MASS,ASCENDING COLON MASS
CA APPENDIX,CA APPENDIX
CA SIGMOID COLON S P LAP SIGMOIDECTOMY,CA SIGMOID S P LAP SIGMOIDECTOMY
MULFUNCTION TCC,MALFUNCTION TCC
SWING VEIN STENOSIS AVF LT WRIST,SWING VEIN STENOSIS AVF LT WRIST
B,B
SECONDARY HYPERPARATHYROIDISM,SECONDARY HYPERPARATHYROIDISM
ACCESSORY BREAST,ACCESSORY BREAST
RT CRANIAL DEFECT,RT CRANIAL DEFECT
CA RECTUM S P LAP LAR,CA RECTUM S P LAR
C6 7 SPONDYLOSIS,C SPONDYLOSIS
CEREBELLAR MASS,CEREBELLAR MASS
INTESTINAL METAPLASIA AT GASTRIC BODY LESSER CURVATURE,INTESTINAL METAPLASIA AT GASTRIC BODY LESSER CURVATURE
TONSILLITIS,TONSILITIS
URETER STENOSIS,URETER STENOSIS
SEVERE PANCREATITIS WITH ABDOMINAL COMPARTMENT SYNDROME S P EL WITH TEMPORARY CLOSURE,SEVERE PANCREATITIS WITH ABDOMINAL COMPARTMENT SYNDROME S P EL WITH TEMPORARY CLOSURE
TRACHEOCUTANEOUS FISTULA,TRACHEOCUTANEOUS FISTULA
SEBACEOUS CYST,SEBACEOUS CYST
DYSTHYROID OPTIC NEUROPATHY,DYSTHYROID OPTIC NEUROPATHY
SPINDLE CELL BLADDER TUMOR,SPINDLE CELL BLADDER TUMOR
OBSTRUCTIVE HYDROCEPHALUS,OBSTRUCTIVE HYDROCEPHALUS
MALIGNANT NEOPLASM OF LYMPH NODES OF HEAD FACE AND NECK,MALIGNANT NEOPLASM OF LYMPH NODES OF HEAD FACE AND NECK
ANEURYSM AT AVF LT WRIST,ANEURYSM AT AVF LT WRIST
MULTIPLE TRAUMA S P EL TEMPORARY CLOSURE,MULTIPLE TRAUMA S P EL TEMPORARY CLOSURE
CA RECTOSIGMOID CRLM,CA RECTOSIGMOID CRLM
GASTROINTESTINAL HAEMORRHAGE UNSPECIFIED,GASTROINTESTINAL HAEMORRHAGE UNSPECIFIED
THROMBOSE AVF RT WRIST,THROMBOSED AVF LT WRIST
HCC S6,HCC S6
RT SPONTANEOUS PNEUMOTHORAX,RT SPONTANEOUS PNEUMOTHORAX
THROMBOSED AVF RT WRIST,THROMBOSED AVF LT WRIST
HCC S8,HCC S8
ABNORMAL CALCIFICATION BOTH BREAST,ABNORMAL CALCIFICATION BOTH BREAST
S P RHINOPLASTY,S P RHINOPLASTY
CYSTITIS CYSTICA GLANDULARIS,CYSTITIS CYSTICA GLANDULARIS
ULCER OF PENIS,ULCER OF PENIS
CVI C4B BOTH LEGS,CVI C2S BOTH LEGS
BOWEN'S DISEASE,BOWEN'S DISEASE
SUBGLOTTIC MASS,SUBGLOTTIC MASS
BILATERAL UC,BILATERAL UC
LOWER GI BLEED,LOWER GI BLEEDING
HEMATOCHEZIA,HEMATOCHEZIA
CVI C2S OF RT LEG,CVI C2S OF RT LEG
BLEEDING PER MEATUS,BLEEDING PER MEATUS
BALANITIS IN DISEASES CLASSIFIED ELSEWHERE,BALANITIS IN DISEASES CLASSIFIED ELSEWHERE
C4 7 SPONDYLOSIS,C SPONDYLOSIS
C4 6 SPONDYLOSIS,C SPONDYLOSIS
WOUND RIGHT THIGH,WOUND RIGHT THIGH
SCCA ON RIGHT LITTLE FINGER,SCCA ON RIGHT LITTLE FINGER
UNDESCENDED TESTICLE UNILATERAL,UNDESCENDED TESTICLE UNILATERAL
LUL MASS,LUL MASS
LEFT OUTFLOW STENOSIS,LT OUTFLOW STENOSIS
ADH,ADH
ADJACENT SEGMENT DISEASE L3 4,ADJACENT SEGMENT DISEASE L3 4
SURVEILLANCE,SURVEILLANCE
THROMBOSED HEMORRHOID,THROMBOSED HEMORRHOID
TOXIC MULTINODULAR GOITER,NONTOXIC MULTINODULAR GOITRE
CA THYROID,CA THYROID
MASS AT RT NECK,MASS AT NECK
R O CA THYROID,R O CA THYROID
L4 5 SPONDYLOLITHESIS,L4 5 SPONDYLOLISTHESIS
BLEEDING TUMOR,BLEEDING TUMOR
INFECTED VP SHUNT,INFECTED VP SHUNT
FX NASAL BONE,CFX NASAL BONE
LT PREAURICULAR ABSCESS,LT PREAURICULAR ABSCESS
HYDRONEPHROSIS,LT HYDRONEPHROSIS
BPH WITH PERSISTENT PYURIA,BPH WITH PERSISTENT PYURIA
ESRD WITH MULFUNCTION TCC,ESRD WITH MALFUNCTION TCC
CLTI RT FOOT,CLTI LT FOOT
ESRD WITH VOLUME OVERLOAD,ESRD WITH VOLUME OVERLOAD
KELOID LT EAR,KELOID AT LT EAR
RUL MASS,RUL MASS
LT INNOMINATE V STENOSIS,LT INNOMINATE VEIN STENOSIS
LT TEMPORAL TUMOR,LT TEMPORAL TUMOR
RT SCROTAL MASS,RT SCROTAL MASS
RT PREAURICULAR PIT,RT PREAURICULAR PIT
RUPTURED BLADDER S P REPAIR BLADDER,RUPTURED BLADDER S P REPAIR BLADDER
HIGH PSA C BPH,BPH C HIGH PSA
ESRD WITH IMMATURE AVF,ESRD WITH IMMATURE AVF
FALCINE MENINGIOMA,FALCINE MENINGIOMA
DYSPEPSIA LGIB,DYSPEPSIA LGIB
RT CHRONIC SDH,RT CHRONIC SDH
RECURRENT UTI,RECURRENT UTI
ANAEMIA UNSPECIFIED,ANAEMIA UNSPECIFIED
BOWEL HABITCHANGE,BOWEL HABITCHANGE
GIANT AVF RT CUBITAL,GIANT AVF LT CUBITAL
RECURRENT GIST,RECURRENT GIST
CALCULUS OF GALLBLADDER WITHOUT CHOLECYSTITIS,CALCULUS OF GALLBLADDER WITH OTHER CHOLECYSTITIS
R O LT INFLOW STENOSIS,R O INFLOW STENOSIS
THROMBOSE AVF LT WRIST,THROMBOSED AVF LT WRIST
L234 STENOSIS,L2345 STENOSIS
MASS AT ABDOMINAL WALL,MASS AT ABDOMINAL WALL
MASS AT LIP,MASS AT LIP
RT STAGHORN CALCULI,LEFT STAGHORN CALCULI
HIGH PSA 7 6,HIGH PSA 7 6
LT HYDROCELE,RT HYDROCELE
OTHER URETHRAL STRICTURE,OTHER URETHRAL STRICTURE
MALIGNANT NEOPLASM OF OTHER AND UNSPECIFIED MAJOR SALIVARY GLANDS SUBMANDIBULAR GLAND,MALIGNANT NEOPLASM OF OTHER AND UNSPECIFIED MAJOR SALIVARY GLANDS SUBMANDIBULAR GLAND
MALIGNANT NEOPLASM OF HYPOPHARYNX POSTCRICOID REGION,MALIGNANT NEOPLASM OF HYPOPHARYNX POSTCRICOID REGION
CA BASE OF TONGUE,CA BASE OF TONGUE
TRIGEMINAL NEURALGIA,LT TRIGEMINAL NEURALGIA
ORAL MUCOSITIS ULCERATIVE,ORAL MUCOSITIS ULCERATIVE
LT UC DJ STENT,LT UC DJ STENT
AVBG THROMBOSIS,AVBG THROMBOSIS
LEFT VARICOCELE,LEFT VARICOCELE
R,R
RECURRENT CA OVARY,RECURRENT CA OVARY
INSTENT RESTENOSIS AT RT INNOMINATE VEIN,INSTENT RESTENOSIS AT RT INNOMINATE VEIN
LT PLANTAR ABSCESS,LT PLANTAR ABSCESS
MULTIPLE RIGHT THYROID MASS,MULTIPLE RIGHT THYROID MASS
C SPONDYLOSIS C4 5 C5 6,C4 5 6 7 SPONDYLOSIS
LT V1 2 TRIGEMINAL NEURALGIA,LT TRIGEMINAL NEURALGIA
CHRONIC RESPIRATORY FAILURE,CHRONIC RESPIRATORY FAILURE
R O SWING VEIN STENOSIS,R O SWING VEIN STENOSIS
RT RENAL ARTERY STENOSIS,RT RENAL ARTERY STENOSIS
RT CRS WITH DNS,RT CRS WITH DNS
BILATERAL URETERITIS,BILATERAL URETERITIS
GROSS HEMAURIA,GROSS HEMATURIA
R O STRICTURE URETHRA,R O URETHRAL STRICTURE
TB KUB,TB KUB
CA RT URETER,CA LT URETER
MUCOUS BLOODY STOOL,MUCOUS BLOODY STOOL
RT FUNGAL MAXILLARY SINUSITIS,RT FUNGAL MAXILLARY SINUSITIS
LUTS OBSTRUCTIVE,LUTS OBSTRUCTIVE
BLADDER STONE,BLADDER STONE
NF LT LEG S P STSG,NF LT LEG S P STSG
EGJ CANCER,EGJ CANCER
RUPTURED AAA,RUPTURED AAA
L3 4 5 SPONDYLOLISTHESIS,L4 5 SPONDYLOLISTHESIS
ANTERIOR MEDIASTINAL MASS,ANTERIOR MEDIASTINAL MASS
RECURRENT CA RECTUM,RECURRENT CA RECTUM
ANASTOMOSIS LEAKAGE,ANASTOMOSIS LEAKAGE
STROKE PROLONG INTUBATION,STROKE PROLONG INTUBATION
BACTERIAL PNEUMONIA UNSPECIFIED,BACTERIAL PNEUMONIA UNSPECIFIED
INFECTED PARAFFINOMA,INFECTED PARAFFINOMA
METASTATIC THYROID CANCER,METASTATIC THYROID CANCER
MULTINODULAR GOITER WITH TRACHEAL COMPRESSION,MULTINODULAR GOITER WITH TRACHEAL COMPRESSION
DELAY PRIMARY SUTURE,DELAY PRIMARY SUTURE
INFECTED RIGHT AKA STUMP,INFECTED RIGHT AKA STUMP
ACUTE LEUKEMIA,ACUTE LEUKEMIA
PUP S P EL C DIFFICULT ABDOMEN,PUP S P EL C DIFFICULT ABDOMEN
LEFT ACOUSTIC NEUROMA,LEFT ACOUSTIC NEUROMA
CA DISTAL TRANSVERSE COLON,CA DISTAL TRANSVERSE COLON
PYOMYOSITIS,PYOMYOSITIS
PYOMYOSITIS RT LEG C LT FOOT,PYOMYOSITIS RT LEG C LT FOOT
RT SKULL DEFECT,SKULL DEFECT
HNP,HNP
LT HYDRONEPHROSIS S P DJ STENT,LT HYDRONEPHROSIS S P DJ STENT
RECTOSIGMOID MASS,RECTOSIGMOID MASS
L4 S1 SPONDYLOSIS WITH RADICULOPATHY,L4 S1 SPONDYLOSIS WITH RADICULOPATHY
RT STAGHORN,LT STAGHORN
CA RECTUM S P CCRT,CA RECTUM S P CCRT
BPH C AUR,BPH C AUR
LT UPJO,LT UPJO
ACUTE CHOLECYSTITIS S P CHOLECYSTOSTOMY,ACUTE CHOLECYSTITIS S P CHOLECYSTOSTOMY
CA SPLENIC FLEXOR,CA SPLENIC FLEXURE
MULTIPLE THYROID MASS,MULTIPLE THYROID MASSES
R O CA LARYNX,R O CA LARYNX
RT TESTICULAR MASS,RT TESTICULAR MASS
CVI BOTH LEG,CVI BOTH LEGS
NF BOTH LEGS,NF BOTH LEG
THYROID NODULES BOTH LOBES,THYROID NODULE BOTH LOBES
RT FRONTOPARIETAL SDH,RT FRONTOPARIETAL SDH
CHOLANGITIS WITH CBD,CHOLANGITIS WITH CBD
FOBT VE,FOBT VE
IRRITABLE BOWEL SYNDROME DDX CA COLON,IRRITABLE BOWEL SYNDROME DDX CA COLON
CA DESCENDING COLON AND LOWER RECTUM S P LAP LHC LAR CAA WITH ANASTOMOSIS STRICTURE,CA DESCENDING COLON AND LOWER RECTUM S P LAP LHC LAR CAA WITH ANASTOMOSIS STRICTURE
BOWEL HABIT CHANNGE,BOWEL HABIT CHANGE
INTERNAL HEMORRHOID GRADE 2,INTERNAL HEMORRHOID GRADE 3
CA BLADDER LATERAL WALL,CA BLADDER LATERAL WALL
BLADDER MASS RIGHT LATERAL,BLADDER MASS RIGHT LATERAL
RT PARATESTICULAR CYST,RT PARATESTICULAR CYST
BLADDER NECK CONTRACTURE,CONTRACTURE BLADDER NECK
UMBILICAL DEFECT,UMBILICAL DEFECT
KELOID AT LEFT EAR,KELOID AT LT EAR
WART AT EYELID,WART AT EYELID
MASS RIGHT TEMPORAL,MASS RIGHT TEMPORAL
R O LYMPHADENITIS,R O LYMPHADENITIS
LEFORT I C ZMC FX C CFX OF NASAL BONE,LEFORT I C ZMC FX C CFX OF NASAL BONE
AXILLARY HYPERHIDROSIS,AXILLARY HYPERHIDROSIS
KERATOACANTOMA,KERATOACANTOMA
OPEN WOUND OF FINGER WITH DAMAGE TO NAIL,OPEN WOUND OF FINGER WITH DAMAGE TO NAIL
PRESSURE SORE AT COCCYX AND FEET,PRESSURE SORE AT COCCYX AND FEET
OFX MIDDLE PHALANX 2ND FINGER LEFT HAND,OFX MIDDLE PHALANX 2ND FINGER LEFT HAND
NASAL DEVIATION,NASAL DEVIATION
LT UC LT UVJ STONE,LT UC LT UVJ STONE
PERFORATED RECTOSIGMOD CANCER,PERFORATED RECTOSIGMOD CANCER
RT COMPLEX CYST WITH RENAL MASS,RT COMPLEX CYST WITH RENAL MASS
RECURRENT INVERTED PAPILLOMA LT,RECURRENT INVERTED PAPILLOMA LT
CA RECTUM S P APR WITH POSTRADIATION PERINEAL WOUND WITH BONE DESTRUCTION,CA RECTUM S P APR WITH POSTRADIATION PERINEAL WOUND WITH BONE DESTRUCTION
SUBSIDE CHOLECYSTITIS C CBD STONE S P ERCP,SUBSIDE CHOLECYSTITIS C CBD STONE S P ERCP
ESRD C CA HEPATIC FLEXURE,ESRD C CA HEPATIC FLEXURE
FUSIFORM INFRARENAL AAA,FUSIFORM INFRARENAL AAA
IMPENDING RUPTURED ANEURYSM LEFT CUBITAL,IMPENDING RUPTURED ANEURYSM LEFT CUBITAL
ESRD WITH R O INSTENT RESTENOSIS,ESRD WITH R O INSTENT RESTENOSIS
AVF STENOSIS SWING VEIN,SWING VEIN STENOSIS
SACCULAR CIA ANEURYSMS,SACCULAR CIA ANEURYSMS
R O RT BRACHIOCEPHALIC VEIN STENOSIS,R O RT BRACHIOCEPHALIC VEIN STENOSIS
ESRD WITH THROMBOSE AVBG LT UPPERARM,ESRD WITH THROMBOSE AVBG LT UPPERARM
CONSTRICTIVE PERICARDITIS,CONSTRICTIVE PERICARDITIS
LT EMPHYEMA THORACIS,RT EMPYEMA THORACIS
UNDESCEND RT TESTIS,UNDESCEND RT TESTIS
BPH WITH URINARY RETENTION,BPH WITH URINARY RETENTION
RT TESTISCULAR TUMOR,RT TESTISCULAR TUMOR
9,9
CBD STONE S P ERCP C STENT,CBD STONE S P ERCP C STENT
THYROTOXICOSIS,THYROTOXICOSIS
CARDIAC TUMOR,CARDIAC TUMOR
GALLSTOMES PANCRETITIS,GALLSTONE PANCREATITIS
RT INCARCARATED INGUINAL HERNIA S P EL C SMALL BOWEL RESECTION WITH ORCHIDETOMY WITH REPAIR IIH WITH DELAY PRIMARY SUTURE,RT INCARCARATED INGUINAL HERNIA S P EL C SMALL BOWEL RESECTION WITH ORCHIDETOMY WITH REPAIR IIH WITH DELAY PRIMARY SUTURE
RIGHT BUTTOCK ABSCESS,RIGHT BUTTOCK ABSCESS
DISCORDANT RIGHT BREAST MASS,DISCORDANT RIGHT BREAST MASS
DIFFICULT REMOVAL OF FEEDING GASTROSTOMY,DIFFICULT REMOVAL OF FEEDING GASTROSTOMY
BOWEL HABBIT CHANGE WT LOSS,BOWEL HABBIT CHANGE WT LOSS
ABDOMINAL HERNIA VENTRAL HERNIA,ABDOMINAL HERNIA VENTRAL HERNIA
SIGNIFICANT BHC LGIB,SIGNIFICANT BHC LGIB
SPLENIC FLEXOR MASS,SPLENIC FLEXOR MASS
2 HYPERPARATHYROID WITH SYMPTOM,2 HYPERPARATHYROID WITH SYMPTOM
NF LT LEG RT THIGH,NF LT LEG RT THIGH
CORROSIVE INGESTION WITH OBSTRUCTION SYMPTOM,CORROSIVE INGESTION WITH OBSTRUCTION SYMPTOM
AUS LT LOBE,AUS LT LOBE
COMPRESSION FX L3,COMPRESSION FX L3
L2345 SPONDULOSIS C SEVERE CLAUDICATION,L2345 SPONDULOSIS C SEVERE CLAUDICATION
MEDULLOBLASTOMA,MEDULLOBLASTOMA
RUPTURED DISC L4 5 L5 S1,RUPTURED DISC L4 5 L5 S1
L SPONDYLOSIS L2 L5,L SPONDYLOSIS L2 L5
L2 5 SPONDYLOSIS WITH RADICULOPATHY,L4 S1 SPONDYLOSIS WITH RADICULOPATHY
CA SIGMOID CT3N M0,CA SIGMOID CT3N M0
LARGE THYROID GOITER WITH COMPRESSIVE SYMPTOM,LARGE THYROID GOITER WITH COMPRESSIVE SYMPTOM
PANCREATIC HEAD CANCER,PANCREATIC HEAD CANCER
LIPOSARCOMA AT LT PSOAS MUSCLE,LIPOSARCOMA AT LT PSOAS MUSCLE
CA COLON S P RHC WITH CEA RISING,CA COLON S P RHC WITH CEA RISING
BILATERAL CA BREAST S P MASTECTOMY,BILATERAL CA BREAST S P MASTECTOMY
RIGHT CA BREAST WITH LEFT BREAST MASS,RIGHT CA BREAST WITH LEFT BREAST MASS
NF LEFT LEG,NF LEFT LEG
RECURRENT LT IIH,RECURRENT LT IIH
GYNECOMASTIA BOTH BREAST,GYNECOMASTIA BOTH BREAST
NEUROGENIC BLADDER R O BLADDER DIVERTICULUM,NEUROGENIC BLADDER R O BLADDER DIVERTICULUM
URETHAL INJURY,URETHAL INJURY
URETHRAL STRICTURE BPH,URETHRAL STRICTURE
INTRACRANIAL HEMORRHAGE WITH HYDROCEPHALUS,INTRACRANIAL HEMORRHAGE WITH HYDROCEPHALUS
LARYNGEAL MASS ON TRACHEOSTOMY,LARYNGEAL MASS ON TRACHEOSTOMY
VENOUS SINUS THROMBOSIS,VENOUS SINUS THROMBOSIS
RT FUNGAL MAXILLARY SINUS,RT FUNGAL MAXILLARY SINUSITIS
PNEUMONIA PROLONG INTUBATION,PNEUMONIA PROLONG INTUBATION
CA STOMACH S P SUBTOTAL GASTRECTOMY,CA STOMACH S P SUBTOTAL GASTRECTOMY
R O RT THYROID CANCER DISCORDANT,R O RT THYROID CANCER DISCORDANT
CAUSTIC AGENT INGESTION,CAUSTIC AGENT INGESTION
CBD STONE S P ERCP WITH STENT,CBD STONE S P ERCP WITH STENT
CA LOWER RECTUM S P LAR,CA LOWER RECTUM S P LAR
TBI C RETAINED FOREIGN BODY IN LEFT PARIETAL AREA,TBI C RETAINED FOREIGN BODY IN LEFT PARIETAL AREA
SAH C IVH,SAH C IVH
RUPTURED DISC L4 5 C CORD COMPRESSION,RUPTURED DISC L4 5 C CORD COMPRESSION
LEFT SPHENOPETROCLIVAL MENINGIOMA,LEFT SPHENOPETROCLIVAL MENINGIOMA
COMPRESSION FX AT L1,COMPRESSION FX AT L1
SPONDYLOLITHIASIS L4 5,L4 5 SPONDYLOLISTHESIS
C3 4 5 SUBLUXATION,C3 4 5 SUBLUXATION
SPINAL LIPOMA ST S1 S2 WITH TETRERED CORD,SPINAL LIPOMA ST S1 S2 WITH TETRERED CORD
RIGHT TRIGERMINAL NEURALGIA,RIGHT TRIGERMINAL NEURALGIA
CA DESCENDING COLON S P TOTAL COLECTOMY C SUSPICIOUS NET AT RECTUM,CA DESCENDING COLON S P TOTAL COLECTOMY C SUSPICIOUS NET AT RECTUM
RUPTURE SIGMOID DIVERTICULITIS,RUPTURE SIGMOID DIVERTICULITIS
CHRONIC DIARRHEA,CHRONIC DIARRHEA
BOWEL HABIT CHANGE WEIGHT LOSS,BOWEL HABBIT CHANGE WT LOSS
CHRONIC ANAL FISSURE WITH BOWEL HABIT CHANGE,CHRONIC ANAL FISSURE WITH BOWEL HABIT CHANGE
RECURRENT CA CERVIX RV FISTULAR,RECURRENT CA CERVIX RV FISTULAR
ASCENDING COLON CANCER WITH PORCELAIN GB,ASCENDING COLON CANCER WITH PORCELAIN GB
RT RCC WITH ADRENAL METASTASIS,RT RCC WITH ADRENAL METASTASIS
HIGH PSA 56 4,HIGH PSA 56 4
RADIATION CYSTITIS,RADIATION CYSTITIS
CHRONIC CHOLECYSTITS,CHRONIC CHOLECYSTITIS
MASS AT RT LPW,MASS AT RT LPW
PROLONG INTUBATION WITH R O LAYRNGEAL MASS,PROLONG INTUBATION WITH R O LAYRNGEAL MASS
GIANT CONDYLOMA AT BUTTOCK,GIANT CONDYLOMA AT BUTTOCK
PRESSURE SORE AT BOTTOCK,PRESSURE SORE AT BOTTOCK
RT DIABETIC FOOT,RT DIABETIC FOOT
HIGH PSA WITH PIRADS 4,HIGH PSA WITH PIRADS 4
PHIMOSIS POSTHITIS,PHIMOSIS POSTHITIS
BPH C BLADDER OUTLET OBSTRUCTION C REFRACTORY AUR R O CA PROSTATE,BPH C BLADDER OUTLET OBSTRUCTION C REFRACTORY AUR R O CA PROSTATE
CA BLADDER S P LT URETEROSTOMY UTI,CA BLADDER S P LT URETEROSTOMY UTI
URINARY RETENTION S P OPENED CYSTOSTOMY,URINARY RETENTION S P OPENED CYSTOSTOMY
ERECTILE DYSFUNCTION,ERECTILE DYSFUNCTION
HIGH PSA 12 6,HIGH PSA 12 6
URERTHRAL STRICTURE,URETHRAL STRICTURE
HIGH PSA 10 2,HIGH PSA 10 2
L4 S1 SPONDYLOSIS WITH HNP,L4 S1 SPONDYLOSIS WITH HNP
PROLONGED INTUBATION C POST COVID PNEUMONIA CT>30 SINCE 21 6 64,PROLONGED INTUBATION C POST COVID PNEUMONIA CT>30 SINCE 21 6 64
ACUTE SINUSITIS WITH ORBITAL COMPLICATION,ACUTE SINUSITIS WITH ORBITAL COMPLICATION
MALFUNCTION TCC RT FV,MALFUNCTION TCC RT IJV
PNEMONIA WITH PARAPNEUMONIC EFFUSION,PNEMONIA WITH PARAPNEUMONIC EFFUSION
THYMOMA,THYMOMA
IPMN AT UNCINATE PROCESS,IPMN AT UNCINATE PROCESS
SURVELLIANCE COLONOSCOPY,SURVELLIANCE COLONOSCOPY
ASCENDING COLITIS,ASCENDING COLITIS
COMPLICATED UTI C PROSTATE NODULE,COMPLICATED UTI C PROSTATE NODULE
LT ADRENAL MASS,LEFT ADRENAL MASS
CA SIGMOID WITH MULTIPLE POLYPOSIS S P LAP TC ABNORMAL CEA RISING,CA SIGMOID WITH MULTIPLE POLYPOSIS S P LAP TC ABNORMAL CEA RISING
RADIATION PROCTITIS,RADIATION PROCTITIS
CA SIGMIOD WITH LIVER METASTAIS,CA SIGMOID WITH LIVER METASTASIS
CA RECTOSIGMOID LIVER NODULE AT S6,CA RECTOSIGMOID LIVER NODULE AT S6
CA RECTUM S P DLC,CA RECTUM S P LAR
LGIB BOWEL HABIT CHANGE WEIGHTLOSS,LGIB BOWEL HABIT CHANGE WEIGHTLOSS
PROLAPSED HEMORRHOID,PROLAPSED HEMORRHOID
RECURRENT COLONIC CANCER,RECURRENT COLONIC CANCER
TCC RT IJV LEAKAGE,TCC RT IJV LEAKAGE
AVBG WITH OUTFLOW STENOSIS,AVBG WITH OUTFLOW STENOSIS
RT MID UC WITH MODERATE HYDRONEPHROSIS IMPAIRED RENAL FUNCTION,RT MID UC WITH MODERATE HYDRONEPHROSIS IMPAIRED RENAL FUNCTION
BPH WITH REFRACTORY URINARY RETENTION,BPH WITH REFRACTORY URINARY RETENTION
HIGH PSA 12 17,HIGH PSA 12 6
CHRONIC CYSTITIS,CHRONIC CYSTITIS
URETHRITIS WITH MEALTAL ULCER,URETHRITIS WITH MEALTAL ULCER
CAP C HEMATURIA,CAP C HEMATURIA
RT RCC,RT RC
C5 6 SPONDYLOSIS WITH RADICULOPATHY,C5 6 SPONDYLOSIS WITH RADICULOPATHY
L4 S1 SPONDYLOSIS WITH NERVE ROOT COMPRESSION,L4 S1 SPONDYLOSIS WITH NERVE ROOT COMPRESSION
L2 3 ADJACENT LEVEL DEGENERATION WITH CAUDA EQUINA SYNDROME,L2 3 ADJACENT LEVEL DEGENERATION WITH CAUDA EQUINA SYNDROME
SKULL TUMOR,SKULL TUMOR
TRAUMATIC C SPINE INJURY C CORD COMPRESSION,TRAUMATIC C SPINE INJURY C CORD COMPRESSION
BED SORE,BED SORE
RT SIDE DIVERTICULOSIS,RT SIDE DIVERTICULOSIS
LGIH WITH CAF WITH HEMORRHOID,LGIH WITH CAF WITH HEMORRHOID
DYSPHAGIA WEIGHT LOSS,DYSPHAGIA WEIGHT LOSS
LLQ BOWEL HABIT CHANGE,BOWEL HABIT CHANGE
FUNCTIONAL DYSPEPSIA,FUNCTIONAL DYSPEPSIA
LARGE RIGHT THYROID NODULE EETHESDA 1,LARGE RIGHT THYROID NODULE EETHESDA 1
CORROSIVE INGESTION 3B,CORROSIVE INGESTION 3B
RIGHT SIDE COLON WALL THICKENING,RIGHT SIDE COLON WALL THICKENING
INFECTED WOUND RT LATERAL MALLEOLUS,INFECTED WOUND RT LATERAL MALLEOLUS
NF LEFT FOOT,NF LT FOOT
PERITONEAL ADHESION WITH MYOMA UTERI,PERITONEAL ADHESION WITH MYOMA UTERI
DISCORDANT LEFT BREAST MASS,DISCORDANT LEFT BREAST MASS
ADHESIVE SMALL BOWEL DISEASE,ADHESIVE SMALL BOWEL DISEASE
CA ASCENDING COLON S P SX CMT,CA ASCENDING COLON S P SX CMT
CA SIGMOID GALL STONES BPH WITH HIGH PSA,CA SIGMOID GALL STONES BPH WITH HIGH PSA
CBD STONE S P ERCP 5 11 64,CBD STONE S P ERCP 5 11 64
PROLONG TRACHEOSTOMY,PROLONG TRACHEOSTOMY
UMBILICAL HERNIA BMI46,UMBILICAL HERNIA BMI46
R O LIPOSARCROMA AT LT SIDED BACK,R O LIPOSARCROMA AT LT SIDED BACK
RHABDOMYOSARCOMA AT RIGHT PSOAS MUSCLE,RHABDOMYOSARCOMA AT RIGHT PSOAS MUSCLE
CHOLANGITIS WITH CBD STONE,CHOLANGITIS WITH CBD STONE
FOLLICULAR NEOPLASM OF RT THYROID,FOLLICULAR NEOPLASM OF RT THYROID
LT THYROID MASS WITH COMPRESSIVE SYMPTOM,LT THYROID MASS WITH COMPRESSIVE SYMPTOM
SYMPTOMATIC GB POLYPS,SYMPTOMATIC GB POLYP
LT PANTALOON HERNIA,LT PANTALOON HERNIA
THROMBOSE AVBG LT FOREARM EXTENDED TO CEPHALIC V LT UPPER ARM,THROMBOSE AVBG LT FOREARM EXTENDED TO CEPHALIC V LT UPPER ARM
GALLSTONE PANCREATITIS S P ERCP 27 7 64,GALLSTONE PANCREATITIS S P ERCP
ADENOMYOMATOSIS DDX CANCER,ADENOMYOMATOSIS DDX CANCER
CA GALL BLADDER WITH ADRENAL ICIDENTALOMA,CA GALL BLADDER WITH ADRENAL ICIDENTALOMA
MULTIPLE RT THYROID NODULE AUS,MULTIPLE RT THYROID NODULE AUS
NEOPLASM THYROID NODULE RT AUS,NEOPLASM THYROID NODULE RT AUS
CA HEPATIC FLEXURE C LIVER METASTASIS,CA HEPATIC FLEXURE C LIVER METASTASIS
HILAR CHOLANGIOCA TYPEI,HILAR CHOLANGIOCA TYPEI
BILATERAL DIH,BILATERAL IIH
S P ERCP WITH STENTING,S P ERCP WITH STENTING
LEFT SDH C MIDLINE SHIFT,LEFT SDH C MIDLINE SHIFT
C345 INJURY,C345 INJURY
SPINAL METASTASIS L1 2,SPINAL METASTASIS L1 2
L5 S1 SPONDYLOSIS C RADICULOPATHY,L5 S1 SPONDYLOSIS C RADICULOPATHY
THYROID NODULE BOTH LOBES RT INGUINAL HERNIA,THYROID NODULE BOTH LOBES RT INGUINAL HERNIA
INCARCERATED UMBILLICAL HERNIA WITH SBO,INCARCERATED UMBILLICAL HERNIA WITH SBO
LARGE GS WITH CHRONIC CHOLECYSTITIS,LARGE GS WITH CHRONIC CHOLECYSTITIS
THYROID NODULE BOTHLOBES,THYROID NODULE BOTH LOBES
ADVANCE STAGE LEIOMYOSARCOMA,ADVANCE STAGE LEIOMYOSARCOMA
NIPPLE DISCHARGE,NIPPLE DISCHARGE
ABD WALL HERNIA,ABD WALL HERNIA
GS WITH CBD STONE,GS WITH CBD STONE
OBSTRUCTIVE JAUNDICE,OBSTRUCTIVE JAUNDICE
ESRD C LEFT CEPHALIC VEIN STENOSIS,ESRD C LEFT CEPHALIC VEIN STENOSIS
LEFT THYROID NODULE ISTHMUS,LEFT THYROID NODULE ISTHMUS
LARGE RIGHT THYROID NODULE,LARGE RT THYROID NODULE
GALLSTONE PANCREATITIS GASTRITIS,GALLSTONE PANCREATITIS GASTRITIS
PERITONEAL THICKENING,PERITONEAL THICKENING
PROLONGED INTUBATION C LARYNGEAL MASS,PROLONGED INTUBATION C LARYNGEAL MASS
OTHER AND UNSPECIFIED LESIONS OF ORAL MUCOSA,OTHER AND UNSPECIFIED LESIONS OF ORAL MUCOSA
MALIGNANT NEOPLASM OF PYRIFORM SINUS,MALIGNANT NEOPLASM OF PYRIFORM SINUS
FACIAL NERVE INJURY RT,FACIAL NERVE INJURY RT
BEDSORE AT BUTTOCK,BEDSORE AT BUTTOCK
MALIGNANT MELANOMA LEFT HEEL,MALIGNANT MELANOMA LEFT HEEL
R O THYROID CANCER WITH RIGHT NECK LN METASTASIS,R O THYROID CANCER WITH RIGHT NECK LN METASTASIS
ANAL ABCESS,ANAL ABCESS
CA RECTUM C OBSTRUCTION S P LOOP SIGMOID COLOSTOMY,CA RECTUM C OBSTRUCTION S P LOOP SIGMOID COLOSTOMY
HX : APPENDICEAL ABSCESS C KT WAITLIST,HX : APPENDICEAL ABSCESS C KT WAITLIST
RUPTURE APPENDICITS S P EL EC FISTULAR,RUPTURE APPENDICITS S P EL EC FISTULAR
ULCERATIVE TONGUE MASS R O CA TONGUE,ULCERATIVE TONGUE MASS R O CA TONGUE
PROLONG INTUBATION WITH TRACHEAL INJURY,PROLONG INTUBATION WITH TRACHEAL INJURY
POSTCOVID PNEUMONIA C PROLONG INTUBATION C SGS,POSTCOVID PNEUMONIA C PROLONG INTUBATION C SGS
MALIGNANT NEOPLASM OF THYROID GLAND WITH ENLARGE NECK MASS,MALIGNANT NEOPLASM OF THYROID GLAND WITH ENLARGE NECK MASS
INTRAMEDULLARY CORD TUMOR,INTRAMEDULLARY CORD TUMOR
RIGHT FRONTAL LOBE MASS C RT MCA ANEURYSM,RIGHT FRONTAL LOBE MASS C RT MCA ANEURYSM
RT PICA ANEURYSM S P CRANIECTOMY C CLIPPING ANEURYSM,RT PICA ANEURYSM S P CRANIECTOMY C CLIPPING ANEURYSM
L4 S1 SPONDYLOSIS C RADICULOPATHY,L5 S1 SPONDYLOSIS C RADICULOPATHY
LEFT FRONTAL METASTATIC TUMOR,LEFT FRONTAL METASTATIC TUMOR
RT MCA INFARCTION C HYDROCEPHALUS C PROLONGED INTUBATION,RT MCA INFARCTION C HYDROCEPHALUS C PROLONGED INTUBATION
SPINAL STENOSIS,SPINAL STENOSIS
ACUTE SDH C SAH S P LT PARIETAL CRANICTOMY,ACUTE SDH C SAH S P LT PARIETAL CRANICTOMY
TRACHEOSTOMY DISPLACEMENT,TRACHEOSTOMY DISPLACEMENT
MASS AT TONGUE,MASS AT TONGUE
SPLENIC MASS,SPLENIC MASS
KELOID RT EAR,KELOID RT EAR
SCCA AT RT LPW,SCCA AT RT LPW
FB AT OROPHARYNX,FB AT OROPHARYNX
FAILED OR DIFFICULT INTUBATION PROLONG INTUBATION,FAILED OR DIFFICULT INTUBATION PROLONG INTUBATION
GS WITH CBD STONE S P ERCP WITH PLASTIC STENT INSERTION X2 ครั้ง,GS WITH CBD STONE S P ERCP WITH PLASTIC STENT INSERTION X2 ครั้ง
ABNORMAL CLACIFICATION OF RIGHT BREAST,ABNORMAL CALCIFICATION OF RIGHT BREAST
GIANT FIBROADENOMA OF LEFT BREAST,GIANT FIBROADENOMA OF LEFT BREAST
RT BREAST INVASIVE DUCTAL CARCINOMA,RT BREAST INVASIVE DUCTAL CARCINOMA
ADVANCE STAGE CA STOMACH PLAN LONG TERM TPN,ADVANCE STAGE CA STOMACH PLAN LONG TERM TPN
C5 7 RUPTURED DISC WITH MYELOPATHY,C5 7 RUPTURED DISC WITH MYELOPATHY
CA PYRIFORM WITH ESOPHAGEAL INFILTRATION,CA PYRIFORM WITH ESOPHAGEAL INFILTRATION
NF LT FOOT S P GUILLOTINE AMPUTATION,NF LT FOOT S P GUILLOTINE AMPUTATION
CA STOMACH S P TOTAL GASTRECTOMY CA HEPATIC FLEXURE S P RHC,CA STOMACH S P TOTAL GASTRECTOMY CA HEPATIC FLEXURE S P RHC
CLI S P AMPUTATION,CLI S P AMPUTATION
SEVERE DYSPEPSIA WITH BOWEL HABIT CHANGE,SEVERE DYSPEPSIA WITH BOWEL HABIT CHANGE
CELLULITIS RT LEG WITH INFECTED WOUND RT ANKLE,CELLULITIS RT LEG WITH INFECTED WOUND RT ANKLE
SURVEILLANCE GASTRIC GIST,SURVEILLANCE GASTRIC GIST
CONSTIPATION LGIB,CONSTIPATION LGIB
ECTROPION AT LEFT LOWER EYELID,ECTROPION AT LEFT LOWER EYELID
DM RT FOOT,DM RT FOOT
MALIGNANT MELANOMA LT HEEL S P WE C EXPOSED PART OF CALCANEOUS BONE,MALIGNANT MELANOMA LT HEEL S P WE C EXPOSED PART OF CALCANEOUS BONE
MASS AT RT FOOT,MASS AT RT FOOT
OFX 1ST LT MCP GUN SHOT WOUND,OFX 1ST LT MCP GUN SHOT WOUND
RECTAL CANCER S P APR,RECTAL CANCER S P APR
FAILURE CATHERIZATION,FAILURE CATHERIZATION
LT UVJ STONE WITH ORIFICE STRICTURE,LT UVJ STONE WITH ORIFICE STRICTURE
LEFT PHEOCHROMOCYTOMA,LEFT PHEOCHROMOCYTOMA
PERSISTENT MICROSCOPIC HEMATURIA,PERSISTENT MICROSCOPIC HEMATURIA
LT HYDRONEPHROSIS C AKI R O URETERAL STRICTURE,LT HYDRONEPHROSIS C AKI R O URETERAL STRICTURE
LT KIDNEY MASS,LT KIDNEY MASS
RT TONSIL MASS,RT TONSIL MASS
R O CA GLOTTIC,R O CA GLOTTIC
EXTERNAL HEMORRHOID C SKIN TAG,EXTERNAL HEMORRHOID C SKIN TAG
APPENDICEAL MASS LIVER MASS,APPENDICEAL MASS LIVER MASS
ANORECTAL INJURY,ANORECTAL INJURY
PROLAPSE COLOSTOMY,PROLAPSE COLOSTOMY
HEMORRHOID ACUTE ANAL FISSURE,HEMORRHOID ACUTE ANAL FISSURE
RIGTH INGUINAL HERNIA,RT INGUINAL HERNIA
VC BPH,VC BPH
BILATERAL UC RT ADRENAL MASS,BILATERAL UC RT ADRENAL MASS
RIGHT TESTIS MASS,RIGHT TESTIS MASS
BPH WITH RECURRENT CYSTITIS,BPH WITH RECURRENT CYSTITIS
SEVERE URETHRAL STRICTURE,SEVERE URETHRAL STRICTURE
HIGH PSA > HIGH GRADE PIN,HIGH PSA > HIGH GRADE PIN
BHC HX OF LGIB,BHC HX OF LGIB
LOCALLY ADVANCE CA SIGMOID WITH IMPENDING OBSTRUCTION,LOCALLY ADVANCE CA SIGMOID WITH IMPENDING OBSTRUCTION
CA COLON CONSTIPATION,CA COLON CONSTIPATION
LGIB WITH ANEMIC SYMPTOM,LGIB WITH ANEMIC SYMPTOM
LT PERM CATH DISLOCATION,LT PERM CATH DISLOCATION
ESRD WITH TCC AIR LEAK,ESRD WITH TCC AIR LEAK
ESRD AVF S P ANEURYSMECTOMY,ESRD AVF S P ANEURYSMECTOMY
GIANT AVF WITH SKIN NECROSIS,GIANT AVF WITH SKIN NECROSIS
CRITICAL LIMB ISCHAEMIA LT,CRITICAL LIMB ISCHAEMIA LT
ESRD WITH SV STENOSIS,ESRD WITH SV STENOSIS
TCC DISLODGEMENT,TCC DISLODGEMENT
INFLOW STENOSIS RT AVF,INFLOW STENOSIS RT AVF
MESENTERIC LYMPHADENITIS,MESENTERIC LYMPHADENITIS
CA RECTUM T1N0M0,CA RECTUM T1N0M0
SUBSIDE SIGMOID DIVERTICULITIS,SUBSIDE SIGMOID DIVERTICULITIS
LT SIDE DIVERTICULITIS,LT SIDE DIVERTICULITIS
R O CA ASCENDING COLON,R O CA ASCENDING COLON
CA SIGMOID WITH PLAN FOR CHEMOTHERAPY,CA SIGMOID WITH PLAN FOR CHEMOTHERAPY
HEMORROID ANAL POLYP,HEMORROID ANAL POLYP
CAF AND DORSAL SUBCUTICULAR FIA,CAF AND DORSAL SUBCUTICULAR FIA
REVISE AVBG LT UPPER ARM,REVISE AVBG LT UPPER ARM
INFRARENAL AAA WITH BILATERAL CIA ANEURYSM,INFRARENAL AAA WITH BILATERAL CIA ANEURYSM
INFRARENAL AAA WITH BILATERAL CIA ANEURYSM S P LT INTERNAL ILIAC A EMBOLIZATION,INFRARENAL AAA WITH BILATERAL CIA ANEURYSM S P LT INTERNAL ILIAC A EMBOLIZATION
DYSPEPSIA WITH WEIGHT LOSS,DYSPEPSIA WITH WEIGHT LOSS
RECTAL INJURY C INFECTED WOUND AT SCROTUM,RECTAL INJURY C INFECTED WOUND AT SCROTUM
LT PLANTAR ABSCESS WITH DRY GANGRENE AT BIG TOE,LT PLANTAR ABSCESS WITH DRY GANGRENE AT BIG TOE
HEPATIC FLEXURE TA F U POST POLYPECTOMY,HEPATIC FLEXURE TA F U POST POLYPECTOMY
LIPOMA 5 CM AT LEFT UPPER BACK,LIPOMA 5 CM AT LEFT UPPER BACK
SEVERE DYSPEPSIA WEIGHT LOSS,SEVERE DYSPEPSIA WEIGHT LOSS
LGIB WITH BOWEL HABIT CHANGE,LGIB WITH BOWEL HABIT CHANGE
GS WITH CONCOMITTANT CBD STONE S P ERCP,GS WITH CONCOMITTANT CBD STONE S P ERCP
HIDRADENITIS SUPPERATIVA,HIDRADENITIS SUPPERATIVA
INTERNAL HEOMORRHOID LGIB,INTERNAL HEOMORRHOID LGIB
RECTAL CANCER S P LAR WITH INCISIONAL HERNIA,RECTAL CANCER S P LAR WITH INCISIONAL HERNIA
SWING VEIN STENOSIS LT,SWING VEIN STENOSIS
AVF LT CUBITAL WITH OUTFLOW STENOSIS,AVF LT CUBITAL WITH OUTFLOW STENOSIS
CA LUNG LUL,CA LUNG LUL
SPONTANEOUS PNEUMOTHORAX LT,RT SPONTANEOUS PNEUMOTHORAX
DYSPEPSIA WITH SIGNIFICANT WEIGHT LOSS,DYSPHAGIA WITH SIGNIFICANT WEIGHT LOSS
GASTRIC SUBMUCOSAL LESION,GASTRIC SUBMUCOSAL LESION
GRAVE'S DISEASE,GRAVES' DISEASE
SCC ADENITIS AT CERVICAL AREA,SCC ADENITIS AT CERVICAL AREA
CA HEPATIC FLEXURE WITH MULTIPLE LIVER METASTASIS,CA HEPATIC FLEXURE WITH MULTIPLE LIVER METASTASIS
PANDIVERTICULOSIS,DIVERTICULOSIS
LARGE GASTRIC GIST,LARGE GASTRIC GIST
PNETS,PNETS
RT THYROID NODULE LT R O THYROID CANCER,RT THYROID NODULE LT R O THYROID CANCER
NF RIGHT LEG AND FOOT,NF RIGHT LEG AND FOOT
SUBSIDED CALCULOUS CHOLECYSTITIS,SUBSIDED CALCULOUS CHOLECYSTITIS
CA RECTOSIGMOID STAGE 3,CA RECTOSIGMOID STAGE 3
CLI LEFT LEG C ULCER AT LT HEEL,CLI LEFT LEG C ULCER AT LT HEEL
CLI LT LEG S P PTA STENT C DB C STOP BLEEDING,CLI LT LEG S P PTA STENT C DB C STOP BLEEDING
THYROGLOSSAL DUCT CYST WITH LEFT THYROOID NODULE BETHEDA3,THYROGLOSSAL DUCT CYST WITH LEFT THYROOID NODULE BETHEDA3
FEEDING INTOLARANCE VIA NG TUBE ASPIRATION,FEEDING INTOLARANCE VIA NG TUBE ASPIRATION
SUBSIDED CHOLECYSTITIS WITH RECURRENT HPTH AT RIGHT FOREARM,SUBSIDED CHOLECYSTITIS WITH RECURRENT HPTH AT RIGHT FOREARM
SKIN NECROSIS OF RT FORFOOT STUMP,SKIN NECROSIS OF RT FORFOOT STUMP
UGIBS,UGIB
INFECTED DM LT FOOT,INFECTED DM FOOT
SUBCUTANEOUS MASS AT BACK,SUBCUTANEOUS MASS AT BACK
GS PANCREATITIS S P ERCP,GS PANCREATITIS S P ERCP
RIGHT INCARCERATED INGUINAL HERNIA,RIGHT INCARCERATED INGUINAL HERNIA
PNETS AT TAIL OF PANCREAS,PNETS AT TAIL OF PANCREAS
MULTIPLE ISTHMUS NODULES,MULTIPLE ISTHMUS NODULES
DRY GANGRENE,DRY GANGRENE
AUS LT THYROID SUSPECTED THYROID CANCER,AUS LT THYROID SUSPECTED THYROID CANCER
TERTIARY HYPERPARATHYROIDISM,TERTIARY HYPERPARATHYROIDISM
BETHESDA IV THYROID NODULE,BETHESDA IV THYROID NODULE
RECURRENT PHYLLODE RIGHT BREAST,RECURRENT PHYLLODE RIGHT BREAST
LEFT OCCIPITAL MENINGIOMA,LEFT OCCIPITAL MENINGIOMA
LEFT ICA ANEURYSM,LEFT ICA ANEURYSM
C SPONDYLOSIS C3 4 C4 5 C5 6,C SPONDYLOSIS C3 4 C4 5 C5 6
L3 4 4 5 SPONDYLOLISTHESIS C SEVERE STENOSIS C RADICULOPATHY,L3 4 4 5 SPONDYLOLISTHESIS C SEVERE STENOSIS C RADICULOPATHY
CBD STONE S P ERCP พ ค 64,CBD STONE S P ERCP พ ค 64
RIGHT BREAST MASS HIGH RISK,RIGHT BREAST MASS HIGH RISK
BILATERAL BREAST MASS PHYLLODE,BILATERAL BREAST MASS PHYLLODE
EPIGASTRIUM PAIN BOWEL HABIT CHANGE,EPIGASTRIUM PAIN BOWEL HABIT CHANGE
R O RT RCC,R O RT RCC
PAPILLARY LESION RIGHT BREAST MASS,PAPILLARY LESION RIGHT BREAST MASS
CVI C5 RT LEG C4 LEFT LEG,CVI C5 RT LEG C4 LEFT LEG
PROLONGED INTUBATED,PROLONGED INTUBATED
RT INCARCERATED HERNIA,RT INCARCERATED HERNIA
SYMPTOMATIC MULTIPLE GALLSTONES,SYMPTOMATIC MULTIPLE GALLSTONES
CHRONIC LIMB ISCHEMIA LT FOOT,CHRONIC LIMB ISCHEMIA LT FOOT
CBD STONE S P ERCP COMPLETE REMOVE STONE,CBD STONE S P ERCP COMPLETE REMOVE STONE
SPINDLE CELL OF BLADDER TUMOR S P TUR BT,SPINDLE CELL OF BLADDER TUMOR S P TUR BT
LUTS DYSURIA,LUTS DYSURIA
SEVERE OSA WITH NASAL OBSTRUCTION,SEVERE OSA WITH NASAL OBSTRUCTION
BRANCHIAL CLEFT CYST,BRANCHIAL CLEFT CYST
INFECTED NOSE,INFECTED NOSE
PNEUMONIA WITH SECRETION OBSTRUCTION,PNEUMONIA WITH SECRETION OBSTRUCTION
CA DESCENDOSIGMOID WITH COLONIC OBTRUCTION,CA DESCENDOSIGMOID WITH COLONIC OBTRUCTION
DYSPEPSIA BOWEL HABIT CHANGE,DYSPEPSIA BOWEL HABIT CHANGE
GALLSTONE PANCREATITIS CHOLANGITIS S P ERCP 27 10 64,GALLSTONE PANCREATITIS CHOLANGITIS S P ERCP 27 10 64
LT THYROID NODULE TALLER THAN WIDE NODULE,LT THYROID NODULE TALLER THAN WIDE NODULE
IGA NEPHROPATHY C ESRD,IGA NEPHROPATHY C ESRD
OUFLOW STENOSIS LT,LT OUTFLOW STENOSIS
PRIMARY HYPERHIDOSIS,PRIMARY HYPERHIDROSIS
APPENDICEAL ABCESS,APPENDICEAL ABCESS
LEFT THYROID NODULE BETHESDA4,LEFT THYROID NODULE BETHESDA4
BLOODY NIPPLE DISCHARGE OF LEFT BREAST,BLOODY NIPPLE DISCHARGE OF LEFT BREAST
C56 SPONDYLOSIS WITH RADICULOPATHY,C5 6 SPONDYLOSIS WITH RADICULOPATHY
L3 S1 SPONDYLOSIS WITH RADICULOPATHY,L4 S1 SPONDYLOSIS WITH RADICULOPATHY
RT SPHENO ORBITAL ENPLAQUE MININGIOMA,RT SPHENO ORBITAL ENPLAQUE MININGIOMA
LEFT SPHENOID WING MENINGIOMA,LEFT SPHENOID WING MENINGIOMA
OLFACTORY BULB MENINGIOMA,OLFACTORY BULB MENINGIOMA
EDH S P CRANIECTOMY,EDH S P CRANIECTOMY
INFECT FALSE ANEURYSM LT CUBITAL,INFECT FALSE ANEURYSM LT CUBITAL
ESRD WITH TCC RT FV MALFUNCTION,ESRD WITH MALFUNCTION TCC
S P TB2 WITH STENOSIS,S P TB2 WITH STENOSIS
HYPOSPADIAS,HYPOSPADIAS
UPPER GI BLEEDING,UPPER GI BLEEDING
NF RIGHT LEG S P VACUUM DRESSING,NF RIGHT LEG S P VACUUM DRESSING
MASS AT LT ARYTHENOID,MASS AT LT ARYTHENOID
POST COVID19 C PNEUMONIA C PROLONG INTUBATION,POST COVID19 C PNEUMONIA C PROLONG INTUBATION
CRITICAL LIMB ISCHEMIA LT LEG,CRITICAL LIMB ISCHEMIA RT LEG
UTI,UTI
RT SPERMATIC CORD TUMOR,RT SPERMATIC CORD TUMOR
HYPERTROPHY OF NASAL TURBINATES,HYPERTROPHY OF NASAL TURBINATES
CHRONIC PANSINUSITIS,CHRONIC SINUSITIS
MASS LOWER LIP,MASS LOWER LIP
PNEUMONIA WITH PROLONG INTUBATION R O UAO,PNEUMONIA WITH PROLONG INTUBATION R O UAO
CHT SNORING,CHT SNORING
DNS RT ITHT,DNS RT ITHT
CHRONIC ULCER LT LOWER LEG,CHRONIC ULCER LT LOWER LEG
CHRONIC ULCER LT LEG,CHRONIC ULCER LT LEG
CHRONIC WOUND LT FOOT,CHRONIC WOUND LT FOOT
RUPTURE BLADDER,RUPTURE BLADDER
BILATERAL DJ STENT,BILATERAL DJ STENT
URETERITIS,URETERITIS
BPH C HIGH PSA 26,BPH C HIGH PSA
LUTS URINARY RETENTION,LUTS URINARY RETENTION
ADJACENT LEVEL L234 WITH RADICULOPATHY,ADJACENT LEVEL L234 WITH RADICULOPATHY
GASTRIC GIST S P DITAL GASTRECTOMY,GASTRIC GIST S P DITAL GASTRECTOMY
APPENDICEAL ABSCESS S P PCD DYSPEPSIA,APPENDICEAL ABSCESS S P PCD DYSPEPSIA
PERITONEAL CARCINOMATOSIS R O CA DESCENDING COLON,PERITONEAL CARCINOMATOSIS R O CA DESCENDING COLON
ESOPHAGEAL DIVERTICULUM,ESOPHAGEAL DIVERTICULUM
RETRACT OSTOMY,RETRACT OSTOMY
CAF HEMORRHOID,CAF HEMORRHOID
CAF DORSAL SUBCUTICULAR FIA,CAF AND DORSAL SUBCUTICULAR FIA
CA PROSTATE GLEASON 3 3 WITH PSA 7 > 9,CA PROSTATE GLEASON 3 3 WITH PSA 7 > 9
RECURRENT UTI DDX BPH NEUROGENIC BLADDER,RECURRENT UTI DDX BPH NEUROGENIC BLADDER
BILATERAL OBSTRUCTIVE UROPATHY,BILAT OBSTRUCTIVE UROPATHY
CONTRACEPTIVE MANAGEMENT S P FAILED VASECTOMY,CONTRACEPTIVE MANAGEMENT S P FAILED VASECTOMY
MASS AT BLADDER WALL,MASS AT BLADDER WALL
CA PROSTATE WITH LEFT PCN,CA PROSTATE WITH LEFT PCN
BLADDER NODULE,BLADDER NODULE
LT INTRASCROTAL CYST WITH PENILE MASS,LT INTRASCROTAL CYST WITH PENILE MASS
S P CYSTOLITHOTOMY,S P CYSTOLITHOTOMY
C5 SPINAL METASTASIS WITH CORD COMPRESSION,C5 SPINAL METASTASIS WITH CORD COMPRESSION
RIGHT FRONTOPARIETAL SKULL TUMOR WITH LEFT HEMIPARESIS,RIGHT FRONTOPARIETAL SKULL TUMOR WITH LEFT HEMIPARESIS
GLIOMA LEFT INSULAR LOBE,GLIOMA LEFT INSULAR LOBE
CLI S P BYPASS SX,CLI S P BYPASS SX
TAIL OF PANCREAS CANCER,TAIL OF PANCREAS CANCER
GIANT AVF RT CUBITAL WITH THROMBOPHLEBITIS,GIANT AVF RT CUBITAL WITH THROMBOPHLEBITIS
CLI RT FOOT WITH DRY GANGRENE AT TOES,CLI RT FOOT WITH DRY GANGRENE AT TOES
CLI RIGHT LEG FEMEROPOPLITEAL OCCLUSIVE DISEASE,CLI RIGHT LEG FEMEROPOPLITEAL OCCLUSIVE DISEASE
HIGH PSA 89 3,HIGH PSA 89 3
R O MASS AT DESCENDING COLON,R O MASS AT DESCENDING COLON
CA RECTUM S P LAR AT 2013,CA RECTUM S P LAR AT 2013
SEVERE DYSPEPSIA DYSPHAGIA,SEVERE DYSPEPSIA DYSPHAGIA
SUBMUCOSAL MASS AT RECTUM,SUBMUCOSAL MASS AT RECTUM
LGIB WITH INTERNAL HEMORRHOID,INTERNAL HEOMORRHOID LGIB
ABNORMAL RECTAL WALL THICKENING,ABNORMAL RECTAL WALL THICKENING
CA SIGMOID CANCER,SIGMOID CANCER
PELVIC FLOOR DYSSENERGIA,PELVIC FLOOR DYSSENERGIA
CA LUNG WITH PLANNED FOR CHEMOTHERAPY,CA LUNG WITH PLANNED FOR CHEMOTHERAPY
SUPPURATIVE HIDRADENITIS LT BUTTOCK,SUPPURATIVE HIDRADENITIS LT BUTTOCK
CA UPPER RECTAM,CA UPPER RECTUM
CA PANCREASE,CA PANCREAS
CYSTOSCOPY WITH IRRIGATION BLOOD CLOTT,CYSTOSCOPY WITH IRRIGATION BLOOD CLOTT
R O TCC RT RENAL PELVIS,R O TCC RT RENAL PELVIS
HEMATURIA LUTS,HEMATURIA LUTS
R O CA DESCENDOSIGMOID COLON WITH COLONIC OBSTRUCTION,R O CA DESCENDOSIGMOID COLON WITH COLONIC OBSTRUCTION
SUSPECTED GI LESION,SUSPECTED GI LESION
APPENDICEAL ABSCESS S P PCD,APPENDICEAL ABSCESS S P PCD
DIVERTICULAR DISEASE OF LARGE INTESTINE WITHOUT PERFORATION OR ABSCESS,DIVERTICULAR DISEASE OF LARGE INTESTINE WITHOUT PERFORATION OR ABSCESS
CA LOWER RECTUM > SURVEILLANCE,CA LOWER RECTUM > SURVEILLANCE
L4 5 SPINAL STENOSIS C RADICULOPATHY C BOWEL BLADDER DYSFUNCTION,L4 5 SPINAL STENOSIS C RADICULOPATHY C BOWEL BLADDER DYSFUNCTION
BURST FX L1,BURST FX L4
RUPTURED DISC L4 5 WITH CAUDA EQUINA SYNDROME,RUPTURED DISC L4 5 WITH CAUDA EQUINA SYNDROME
LEFT BREAST CANCER S P NEOADJUVANT CMT,LEFT BREAST CANCER S P NEOADJUVANT CMT
LT PAP THYROID CANCER,LT PAP THYROID CANCER
RT THYROID NODULE AUS,RT THYROID NODULE
MULTINODULE GOITER,MULTINODULAR GOITER
ESRD WITH THROMBOSED AVF LEFT CUBITAL,ESRD WITH THROMBOSED AVF LT CUBITAL
SACCULAR ANEURYSM AT INFRARENAL AORTA,SACCULAR ANEURYSM AT INFRARENAL AORTA
R O CEPHALIC VEIN STENOSIS AT LT AVF,R O CEPHALIC VEIN STENOSIS AT LT AVF
SPONTANEOUS PNEUMOTHORAX,RT SPONTANEOUS PNEUMOTHORAX
RECURRENT NSCLC LUL,RECURRENT NSCLC LUL
MULTIPLE SUBCUTANEOUS MASS AT RT ARM,MULTIPLE SUBCUTANEOUS MASS AT RT ARM
CHRONIC CHOLECCYSTITIS,CHRONIC CHOLECYSTITIS
INFECTED WOUND LT LEG S P AMPUTATION,INFECTED WOUND LT LEG S P AMPUTATION
CONSTIPATION HEMORRHOID,CONSTIPATION HEMORRHOID
BILIARY PANCRETITIS,BILIARY PANCRETITIS
POSITIVE STOOL OCCULT BLOOD,STOOL OCCULT BLOOD POSITIVE
CA SIGMOID WWITH COLOVESICAL FISTULA,CA SIGMOID WWITH COLOVESICAL FISTULA
GS ADENOMYOMATOSIS,ADENOMYOMATOSIS
PATHOLOGIC NIPPLE DISCHARGE RT BREAST LESION R6,PATHOLOGIC NIPPLE DISCHARGE RT BREAST LESION R6
RIGHT THYROID NODULE WITH TRACHEAL COMPRESSION,RIGHT THYROID NODULE WITH TRACHEAL COMPRESSION
RIGHT CA BREAST S P MASECTOMY WITH IMPLANT AND POSTIVE NIPLE MARGIN,RIGHT CA BREAST S P MASECTOMY WITH IMPLANT AND POSTIVE NIPLE MARGIN
IDC LEFT BREAST,LEFT CA BREAST
RT BREAST MASS WITH PATHOLOGICAL DISCHARGE R8,RT BREAST MASS WITH PATHOLOGICAL DISCHARGE R8
COLITIS,COLITIS
PYLORIC THICKENING R O CANCER,PYLORIC THICKENING R O CANCER
DYSPHAGIA WITH WEIGHT LOSS,DYSPHAGIA WEIGHT LOSS
RIGHT PSOAS ABCESS,RIGHT PSOAS ABCESS
RECTAL INJURY S P PRIMARY REPAIR,RECTAL INJURY S P PRIMARY REPAIR
MASS L10,MASS L10
RT BREAST MASS DISCORDANT,DISCORDANT RIGHT BREAST MASS
ABNORMAL CACIFICATION LEFT BREAST,ABNORMAL CALCIFICATION OF LEFT BREAST
PLEOMORPHIC CALCIFICATION RT,PLEOMORPHIC CALCIFICATION RT
DISCORDANT LESION R9 R O CANCER,DISCORDANT LESION R9 R O CANCER
RIGHT CA BRAST,RIGHT CA BREAST
LIPOMA POSTERIOR NECK,LIPOMA POSTERIOR NECK
PERIANAL ABSCESS WITH FIA,PERIANAL ABSCESS WITH FIA
SUBSIDE CHOLECYSTITIS CBD SLUDGE S P ERCP 3 11 64,SUBSIDE CHOLECYSTITIS CBD SLUDGE S P ERCP 3 11 64
CA OVARY PLAN CHEMOTHERAPY,CA OVARY PLAN CHEMOTHERAPY
LARGE GALLSTONE,LARGE GALLSTONE
LEFT THYROID CANCER S P LEFT THYROIDECTOMY,LEFT THYROID CANCER S P LEFT THYROIDECTOMY
CALCULUS OF GALLBLADDER WITH ACUTE CHOLECYSTITIS,CALCULUS OF GALLBLADDER WITH ACUTE CHOLECYSTITIS
L2 3 SPONDYLOSIS,L2 3 SPONDYLOSIS
SECONDARY HPTH WITH CAD,SECONDARY HPTH WITH CAD
SECONDARY HPTH ECTOPIC MEDIASTINAL PARATHYROID GLAND HYPERPLASIA,SECONDARY HPTH ECTOPIC MEDIASTINAL PARATHYROID GLAND HYPERPLASIA
RECTAL UTERINE PROLAPSE,RECTAL UTERINE PROLAPSE
HEMORRHAGIC CHOLECYSTITIS WITH CHOLANGITIS,HEMORRHAGIC CHOLECYSTITIS WITH CHOLANGITIS
RT NECK MASS R O LIPOSARCOMA,RT NECK MASS R O LIPOSARCOMA
ASYMPTOMATIC SECONDARY HPTH,ASYMPTOMATIC SECONDARY HPTH
GB POLYP >1CM,GB POLYP >1CM
RECURRENT LEFT IIH,RECURRENT LT IIH
ITP WITH PERSISTENT THROMBOCYTOPENIA,ITP WITH PERSISTENT THROMBOCYTOPENIA
LARGE MNG C HYPERTHYROIDISM,LARGE MNG C HYPERTHYROIDISM
GRAEVS'DISEASE,GRAEVS'DISEASE
CHRONIC SDH,RT CHRONIC SDH
C5 METASTASIS S P C5 CORPECTOMY C ANTERIOR PLATE SCREW FIXATION C PROGRESSIVE CORD COMPRESSION,C5 METASTASIS S P C5 CORPECTOMY C ANTERIOR PLATE SCREW FIXATION C PROGRESSIVE CORD COMPRESSION
HNP L2 3 4,HNP L2 3 4
OSSIFICATION OF YELLOW LIGAMENT T10 11,OSSIFICATION OF YELLOW LIGAMENT T10 11
RT PCOM ANEURYSM RUPTURE,RT PCOM ANEURYSM RUPTURE
PROLONGED INTUBATION WITH HX OF COVID 19 DETECTED LAST SWOB COVID 19 26 7 64: NOT DETECTED,PROLONGED INTUBATION WITH HX OF COVID 19 DETECTED LAST SWOB COVID 19 26 7 64: NOT DETECTED
THYROID NODULE BOTH LOBES AUS R O CA THYROID,THYROID NODULE BOTH LOBES AUS R O CA THYROID
PRIMARY HYPERPARATHYROID DDX PRIMARY PARATHYROID CARCINOMA AT LEFT UPPER GLAND,PRIMARY HYPERPARATHYROID DDX PRIMARY PARATHYROID CARCINOMA AT LEFT UPPER GLAND
R O THYROID CANCER WITH LYMPH NODE METASTASIS BILATERAL SIDE,R O THYROID CANCER WITH LYMPH NODE METASTASIS BILATERAL SIDE
BLEEDING HEMORRHOID C HX HEMORRHAGIC SHOCK,BLEEDING HEMORRHOID C HX HEMORRHAGIC SHOCK
RECURRENT FIA,RECURRENT FIA
HIGH RISK BREAST LUMP,HIGH RISK BREAST LUMP
ITHT WITH REDUNDANT SOFT PALATE AND UVULA,ITHT WITH REDUNDANT SOFT PALATE AND UVULA
POSTTONSILLECTOMY BLEEDING,POSTTONSILLECTOMY BLEEDING
NF LEFT LEG S P STSG,NF LEFT LEG S P STSG
C1 2 MENINGIOMA,C1 2 MENINGIOMA
C3 4 SPONDYLOSIS,C SPONDYLOSIS
L4 5 SPONDYLOLISTHESIS WITH RADICULOPATHY,L4 5 SPONDYLOLISTHESIS WITH RADICULOPATHY
L3 4 5 STENOSIS,L3 4 5 STENOSIS
HERNIATED DISC AT L5 S1,HERNIATED DISC AT L5 S1
SCALP MASS WITH DURAL OPENING,SCALP MASS WITH DURAL OPENING
T12 L1 TUMOR,T12 L1 TUMOR
LT CHRONIC SUBDURAL HEMORRAHGE,LT CHRONIC SUBDURAL HEMORRAHGE
L3 5 SPONDYLOSIS WITH RADICULOPATHY,C5 6 SPONDYLOSIS WITH RADICULOPATHY
RECURRENT OLFACTORY SCHWANNOMA,RECURRENT OLFACTORY SCHWANNOMA
LEFT FRONTAL BRAIN ABSCESS,LEFT FRONTAL BRAIN ABSCESS
ATYPICAL DUCTAL HYPERPLASTIS RT BREAST R12,ATYPICAL DUCTAL HYPERPLASTIS RT BREAST R12
RIGHT BREAST MASS R O PHYLLODES TUMOR,RIGHT BREAST MASS R O PHYLLODES TUMOR
CLI AT LT LEG WITH WET GANGRENE LT HEEL,CLI AT LT LEG WITH WET GANGRENE LT HEEL
CHRONIC OSTEOMYELITIS RIGHT BIGTOE,CHRONIC OSTEOMYELITIS RIGHT BIGTOE
POST RENAL TRANSPLANT,POST RENAL TRANSPLANT
BILATERAL RC LT UC,BILATERAL RC LT UC
R O PENILE CANCER,R O PENILE CANCER
PENILE ADHESION SKIN BRIDGE,PENILE ADHESION SKIN BRIDGE
R O RT TESTICULAR TUMOR,R O RT TESTICULAR TUMOR
R O LEFT TESTICULAR TB,R O LEFT TESTICULAR TB
RT TESTICULAR MASS WITH HIGH TUMOR MARKER,RT TESTICULAR MASS WITH HIGH TUMOR MARKER
TORUS PALATINUS,TORUS PALATINUS
RT BUCCAL MASS,RT BUCCAL MASS
SCCA RT NECK NODE,SCCA RT NECK NODE
RESIDUAL FUNGAL RT MAXILLARY SINUSITIS,RESIDUAL FUNGAL RT MAXILLARY SINUSITIS
RESIDUAL INVERTED PAPILLOMA,RESIDUAL INVERTED PAPILLOMA
CHRONIC TONSILLLITIS,CHRONIC TONSILLITIS
CHOLEATEATOMA RT EAR,CHOLESTEATOMA LT EAR
APPENDICEAL PHEGMON CECAL MASS,APPENDICEAL PHEGMON CECAL MASS
TRANSVERSE DIVERTICULOSIS,TRANSVERSE DIVERTICULOSIS
METASTATIC NERVUS,METASTATIC NERVUS
CHRONIC WOUND LEFT LEG,CHRONIC WOUND LEFT LEG
NF LFT LEG S P STSG,NF LT LEG S P STSG
4TH RT PROXIMAL PHALANGE FRACTURE,4TH RT PROXIMAL PHALANGE FRACTURE
LT UVJ STONE 8 MM,LT UVJ STONE 8 MM
LT THYROID NODULE R O THYROID CANCER AUS,RT THYROID NODULE LT R O THYROID CANCER
PRIMARY HPTH,PRIMARY HPTH
CA PANCREATIC HEAD WITH DUODENAL OBSTRUCTION,CA PANCREATIC HEAD WITH DUODENAL OBSTRUCTION
CLI LEFT LEG SEVERE STENOSIS LEFT DISTAL SFA PA,CLI LEFT LEG SEVERE STENOSIS LEFT DISTAL SFA PA
COLONIC OBSTRUCTION R O CA HEPATIC FLEXURE,COLONIC OBSTRUCTION R O CA HEPATIC FLEXURE
PARAUMBILICAL HERNIA,UMBILICAL HERNIA
NF RIGHT LEG,NF RIGHT LEG
ANOGENITAL WART,ANOGENITAL WART
RIGHT INCARCERATED HERNIA,RT INCARCERATED HERNIA
CA RECTUM WITH SYNCHRONUS SIGMOID,CA RECTUM WITH SYNCHRONUS SIGMOID
CA SIGMPOID COLON,CA SIGMOID COLON
INFRARENAL AAAS,INFRARENAL AAA
THROMBOSE AFBG RT CUBITAL,THROMBOSED AVF LT CUBITAL
R O INSTENT RESTENOSIS AT LT SUBCLAVIAN V,R O INSTENT RESTENOSIS AT LT SUBCLAVIAN V
URETHRAL STRICTURE GROSS HEMATURIA,URETHRAL STRICTURE GROSS HEMATURIA
LT DJ STENTING,LT DJ STENTING
RT CALCULI,RT CALCULI
HEMATURTIA,HEMATURIA
HIGH PSA 107,HIGH PSA 10 2
RECURRENT UTI WITH SEPSIS,RECURRENT UTI WITH SEPSIS
LEFT RC,LEFT RC
RT HYDRONEPHROSIS AKI ONTOP CKD,RT HYDRONEPHROSIS AKI ONTOP CKD
CA PORSTATE WITH BONE METASTASIS AKI ONTOP CKD,CA PORSTATE WITH BONE METASTASIS AKI ONTOP CKD
R O ADVANCED STAGE CA PROSTATE,R O ADVANCED STAGE CA PROSTATE
BOWEL HABIR CHANGE,BOWEL HABIT CHANGE
CA RECTUM C METASTASIS,CA RECTUM C METASTASIS
CAF SENTINEL PILE,CAF SENTINEL PILE
CA SIGMOID S P LAR,CA SIGMOID S P LAR
SIGNIFICANT BOWEL HABIT CHANGE R O CANCER,SIGNIFICANT BOWEL HABIT CHANGE R O CANCER
FAP S P TOTAL PROCTOCOLECTOMY,FAP S P TOTAL PROCTOCOLECTOMY
SPLENIC RUPTURE,SPLENIC RUPTURE
CHRONIC CHOLECYSTITIS S P MRCP NO CBD STONE,CHRONIC CHOLECYSTITIS S P MRCP NO CBD STONE
CONN SYNDROME FUNCTIONING TUMOR RIGHT ADRENAL GLAND,CONN SYNDROME FUNCTIONING TUMOR RIGHT ADRENAL GLAND
MULTIPLE THYROID NODULE R O THYROID CANCER AUS,MULTIPLE THYROID NODULE R O THYROID CANCER AUS
APPENDICEAL ABSCESS,APPENDICEAL ABCESS
ESRD WITH ANEURYSM WITH SKIN NECROSIS,ESRD WITH ANEURYSM WITH SKIN NECROSIS
ASYMPTOMATIC AAA,ASYMPTOMATIC AAA
INFECT AVBG,INFECT AVBG
LT SPONTANEOUS PNEUMOTHORAX RECURRENT,LT SPONTANEOUS PNEUMOTHORAX RECURRENT
RT SPONTANEOUS PNEUMOTHORAX WITH PERSISTENT AIR LEAKAGE,RT SPONTANEOUS PNEUMOTHORAX WITH PERSISTENT AIR LEAKAGE
INTERSPHINCTERIC ABSCESS,INTERSPHINCTERIC ABSCESS
LARGE SUPRAPUBIC MASS,LARGE SUPRAPUBIC MASS
CHRNIC ANAL FISSURE,CHRONIC ANAL FISSURE
CA NASOPHARYNX,CA NASOPHARYNX
MULTINODULAR GOITER WITH COMPRESSIVE SYMPTOM,MULTINODULAR GOITER WITH COMPRESSIVE SYMPTOM
MALPOSITION TCC LT IJV,MALPOSITION TCC LT IJV
FALSE ANEURYSM AT LT AVF,FALSE ANEURYSM AT LT AVF
CEPHALIC ARCH STENOSIS S P PTA,CEPHALIC ARCH STENOSIS S P PTA
FALSE ANEURYSM LEFT CUBITAL AVF,FALSE ANEURYSM LEFT CUBITAL AVF
GIANT AVF ใหญ่มาก,GIANT AVF ใหญ่มาก
ESRD S P DLC LEFT IJV,ESRD S P DLC LEFT IJV
STERNAL WOUND INFECTION,STERNAL WOUND INFECTION
PARAPNEUMONIC EFFUSION,PARAPNEUMONIC EFFUSION
PERICARDIAL EFFUSION C PLEURAL EFFUSION,PERICARDIAL EFFUSION C PLEURAL EFFUSION
PUP,PUP
LT LEG PYOMYOSITIS,LT LEG PYOMYOSITIS
BOWEL HABIT CHANGE WITH WEIGHT LOSS,BOWEL HABIT CHANGE WITH WEIGHT LOSS
RT BREAST MASS R11 R O PHYLLODES,RT BREAST MASS R11 R O PHYLLODES
INDFECTED SEROMA,INDFECTED SEROMA
RIGHT BREAST MASS BIRAD 4A R O CANCER,RIGHT BREAST MASS BIRAD 4A R O CANCER
RECTOSIGMOID COLON CANCER,CA RECTOSIGMOID COLON
NON TOXIC MNG,NON TOXIC MNG
BILIARY PANCREATITIS,BILIARY PANCRETITIS
CONSTIPATION WITH HIGH CEA,CONSTIPATION WITH HIGH CEA
INFECTED LT FOOT,INFECTED LT FOOT
MASSIVE UGIBS,MASSIVE UGIBS
RIGHT CA BREAST S P MASTECTOMY WITH IMPLANT WITH EXTRUSION OF IMPLANT,RIGHT CA BREAST S P MASTECTOMY WITH IMPLANT WITH EXTRUSION OF IMPLANT
INTRAMUSCULAR LIPOMA AT RT SIDE OF BACK,INTRAMUSCULAR LIPOMA AT RT SIDE OF BACK
BLUNT ABDOMINAL TRAUMA WITH ANEURYSM AT LHA S P EL WITH TEMPOLARY CLOSURE,BLUNT ABDOMINAL TRAUMA WITH ANEURYSM AT LHA S P EL WITH TEMPOLARY CLOSURE
GALL BLADDER MASS R O CANCER,GALL BLADDER MASS R O CANCER
CHRONIC CHOLECYSTITIS GS2 6CM,CHRONIC CHOLECYSTITIS GS2 6CM
ESRD ON CAPD,ESRD ON CAPD
LGIH R O CANCER,LGIH R O CANCER
GERDS WITH ALARMING SYMPTOM,GERDS WITH ALARMING SYMPTOM
CHANGE IN BOWEL HABIT R194,CHANGE IN BOWEL HABIT R194
POST SURGICAL SKULL DEFECT,POST SURGICAL SKULL DEFECT
L4 5RUPTURED,L4 5RUPTURED
COMPRESSION FX T11 WITH CORD COMPRESSION,COMPRESSION FX T11 WITH CORD COMPRESSION
ADJACENT LEVEL L 2 3 4,ADJACENT LEVEL L 2 3 4
SPINAL CORD TUMOR T11 12,SPINAL CORD TUMOR T11 12
OCCIPITAL WOUND BRAIN TUMOR S P SX RT,OCCIPITAL WOUND BRAIN TUMOR S P SX RT
GASTROTOMY TUBE DISLODGEMENT,GASTROTOMY TUBE DISLODGEMENT
INFECTED WOUND LT FOOT S P FOREFOOT AMPUTATION,INFECTED WOUND LT FOOT S P FOREFOOT AMPUTATION
MALIGNANT PHYLLODES C BLEEDING TUMOR RT LT BREAST MASS AT L1 L12,MALIGNANT PHYLLODES C BLEEDING TUMOR RT LT BREAST MASS AT L1 L12
SUSPICIOUS LYMPH NODE RECURRENT AT LEFT NECK PAPILLARY THYROID CANCER,SUSPICIOUS LYMPH NODE RECURRENT AT LEFT NECK PAPILLARY THYROID CANCER
ACHALASIA OF CARDIA,ACHALASIA OF CARDIA
RIGHT BREAST MASS R O CANCER,RIGHT BREAST MASS R O CANCER
FOLLICULAR NEOPLASM OF LT THYROID,FOLLICULAR NEOPLASM OF RT THYROID
ABNORMAL DUCTAL DILATAION OF RIGHT BREAST,ABNORMAL DUCTAL DILATAION OF RIGHT BREAST
SPINAL BONE METASTASIS,SPINAL BONE METASTASIS
VENTRAL HERNIA,VENTRAL HERNIA
C4 5 6 7 SPONDYLOTIC MYELOPATHY,C4 5 6 7 SPONDYLOTIC MYELOPATHY
POSTERIOR FOSSA TUMOR WITH HYDROCEPHALUS,POSTERIOR FOSSA TUMOR WITH HYDROCEPHALUS
L3 4 5 SPONDYLOLISTHESIS WITH NERVE ROOT COMPRESSION,L3 4 5 SPONDYLOLISTHESIS WITH NERVE ROOT COMPRESSION
NF AT RT LEG,NF AT RT LEG
LGIH CHRONIC DYSPEPSIA,LGIH CHRONIC DYSPEPSIA
ACUTE GANGRENOUS CHOLECYSTITIS,ACUTE GANGRENOUS CHOLECYSTITIS
GUN SHOT WOUND AT NECK,GUN SHOT WOUND AT NECK
R O NF BOTH LEGS,R O NF BOTH LEGS
NF RT FOOR S P DEBRIDEMENT,NF RT FOOR S P DEBRIDEMENT
R O CA HEPATIC FLEXURE,R O CA HEPATIC FLEXURE
S P LHC,S P LHC
CA SIGMOID S P AR WITH RISING CEA,CA SIGMOID S P AR WITH RISING CEA
EPIGASTRIUM PAIN WITH ALARMING SYMPTOMS,EPIGASTRIUM PAIN WITH ALARMING SYMPTOMS
LGIB HXSIGMOID DESCENDING POLYP > ไม่ได้ BX,LGIB HXSIGMOID DESCENDING POLYP > ไม่ได้ BX
PHIMOSISC,PHIMOSIS
LUTS HIGH PSA,LUTS HIGH PSA
BILAT HYDRONEPHROSIS S P LT DJ STENT RT PCN,BILAT HYDRONEPHROSIS S P LT DJ STENT RT PCN
BLADDER TUMOR AT LT LATRERAL WALL,BLADDER TUMOR AT LT LATRERAL WALL
CA OVARY S P EL WITH EN BLOC RESECTION WITH WEDGE BLADDER WITH RE IMPLANT RT URETER WITH RT DJ STENT,CA OVARY S P EL WITH EN BLOC RESECTION WITH WEDGE BLADDER WITH RE IMPLANT RT URETER WITH RT DJ STENT
ADVANCED STAGED CA PROSTATE,ADVANCED STAGED CA PROSTATE
ASPIRATION PNEUMONIA WITH PROLONG INTUBATION,ASPIRATION PNEUMONIA WITH PROLONG INTUBATION
PROLONG INTUBATION WITH MI,PROLONG INTUBATION WITH MI
ANTHROCHOANAL POLYP LT,ANTHROCHOANAL POLYP LT
MULTIPLE LYMPH NODE,MULTIPLE LYMPH NODE
CHRONIC OTOMASTOIDITIS RT EAR,CHRONIC OTOMASTOIDITIS RT EAR
FX RT ZYGOMA,FX RT ZYGOMA
KELOID EAR,KELOID EAR
LARGE LIPOMA AT RT SHOULDER,LARGE LIPOMA AT RT SHOULDER
CFX MANDUBULAR CONDYLE RT,CFX MANDUBULAR CONDYLE RT
LARGE MASS AT LT CHEST WALL,LARGE MASS AT LT CHEST WALL
MULTIPLE RT UC SEVERE RT HYDRONEPHROSIS,MULTIPLE RT UC SEVERE RT HYDRONEPHROSIS
CA ASCENDING COLON S P RHC WITH ANAL POLYP,CA ASCENDING COLON S P RHC WITH ANAL POLYP
CA RECRUM S P LAP LAR,CA RECRUM S P LAP LAR
SURVEILLANCE CA COLON,SURVEILLANCE CA COLON
CONSTIPATION C BOWEL HABIT CHANGE,CONSTIPATION C BOWEL HABIT CHANGE
RISING CA19 9 LEVEL,RISING CA19 9 LEVEL
S P TRANSVERSE COLOSTOMY,S P TRANSVERSE COLOSTOMY
CA RECTUM WITH CHEMOPORT,CA RECTUM WITH CHEMOPORT
CHEMOPORT REMNANT,CHEMOPORT REMNANT
GASTRIC GIST,GASTRIC GIST
CA BLADDER C CA PROSTATE,CA BLADDER C CA PROSTATE
CONTRACEPTIVE,CONTRACEPTIVE
CA SIGMOID WITH COLOVESICAL FISTULA S P OPENED SIGMOIDECTOMY WITH WEDGE BLADDER WITH OPEND CYSTOSTOMY,CA SIGMOID WITH COLOVESICAL FISTULA S P OPENED SIGMOIDECTOMY WITH WEDGE BLADDER WITH OPEND CYSTOSTOMY
AKI WITH HIGH PSA,AKI WITH HIGH PSA
RT UC RT ADRENAL MASS,RT UC RT ADRENAL MASS
CA BLADDER S P RADICAL CYSTECTOMY NEO BLADDER R O VC,CA BLADDER S P RADICAL CYSTECTOMY NEO BLADDER R O VC
AUR S P SUPRAPUBIC TAPPING,AUR S P SUPRAPUBIC TAPPING
CA DESCENDING COLON S P LOOP PROXIMAL TRANSVERSE COLOSTOMY,CA DESCENDING COLON S P LOOP PROXIMAL TRANSVERSE COLOSTOMY
CONSTIPATION HX DIVERTICULOSIS,CONSTIPATION HX DIVERTICULOSIS
CA CAECUM T4N2M0 S P RHC,CA CAECUM T4N2M0 S P RHC
LOWER RECTAL CA SURVEILLANCE,CA LOWER RECTUM > SURVEILLANCE
BHC R O CANCER,BHC R O CANCER
RECTAL WALL THICKENING,RECTAL WALL THICKENING
CA RECTUM RISING CEA,CA RECTUM RISING CEA
CA SIGMOID CRLM,CA SIGMOID CRLM
ANAL ABSCESS,ANAL ABCESS
BHC HX S P COLECTOMY ไม่ทราบตำแหน่ง,BHC HX S P COLECTOMY ไม่ทราบตำแหน่ง
CA SPLEENIC FLXURE WITH OBSTRUCTION S P COLONIC STENT,CA SPLEENIC FLXURE WITH OBSTRUCTION S P COLONIC STENT
PROSTATE NODULE AT RT LOBE,PROSTATE NODULE AT RT LOBE
BLEED FROM UO,BLEED FROM UO
LT HYDROURETER,LT HYDROURETER
THICKE BLADDER WALL,BLADDER WALL THICKENING
LEFT BREAST CANCER WITH MASS AT R5,LEFT BREAST CANCER WITH MASS AT R5
SUSPECTED RECURRENT PAPILLARY THYROID CANCER S P HARLEY DUNHILL'S TOETVA,SUSPECTED RECURRENT PAPILLARY THYROID CANCER S P HARLEY DUNHILL'S TOETVA
GRAVE DISEASE WITH RT THYROID NODULE C COMPRESIVE SYMPTOM,GRAVE DISEASE WITH RT THYROID NODULE C COMPRESIVE SYMPTOM
ANEMIA R O CA COLON,ANEMIA R O CA COLON
HCC SEGMENT7,HCC SEGMENT7
R O THYROID CANCER,R O THYROID CANCER
LGIH C RECTAL POLYP,LGIH C RECTAL POLYP
ESRD WITH DVT RT LEG,ESRD WITH DVT RT LEG
GIANT AVF S P ANEURYSMECTOMY WITH SKIN NECROSIS,GIANT AVF S P ANEURYSMECTOMY WITH SKIN NECROSIS
R O JUXTAVENOUS ANASTOMOSIS STENOSIS LT,R O JUXTAVENOUS ANASTOMOSIS STENOSIS LT
R O CEPHALIC V STENOSIS,R O CEPHALIC VEIN STENOSIS
MALFUNCTION TCC LT IJV,MALFUNCTION TCC LT IJV
HEMOPTYSIS C BRONCHIECTESIS RUL,HEMOPTYSIS C BRONCHIECTESIS RUL
INFECTED STERNAL WOUND,STERNAL WOUND INFECTION
INFECTED DM LEFT FOOT,INFECTED DM LEFT FOOT
BLUNT ABDOMINAL INJURY WITH ENTEROATMOSPHERIC FISTULA,BLUNT ABDOMINAL INJURY WITH ENTEROATMOSPHERIC FISTULA
INFECTED LT DM FOOT,INFECTED DM LEFT FOOT
DIFFUSE GOITER C COMPRESSIVE SYMPTOM,DIFFUSE GOITER C COMPRESSIVE SYMPTOM
S P EL C WOUND DEHISCENCE,S P EL C WOUND DEHISCENCE
CALCULOUS CHOLECYSTITIS,CALCULOUS CHOLECYSTITIS
SUBMUCOSAL LESION AT CECUM C INTERNAL HEMORROID,SUBMUCOSAL LESION AT CECUM C INTERNAL HEMORROID
ESRD WITH R O INFLOW STENOSIS,ESRD WITH R O INFLOW STENOSIS
PAPILLARY THYROID CA RIGHT,PAPILLARY THYROID CA RIGHT
MULTIPLE LIVER LESION หา PRIMARY,MULTIPLE LIVER LESION หา PRIMARY
INVASIVE LT MAMMARY CANCER,INVASIVE LT MAMMARY CANCER
DYSPEPEPSIA WITH ALARM SYMPTOM,DYSPEPEPSIA WITH ALARM SYMPTOM
DYSPEPSIA WITH SIGNIFICANT WT LOSS,DYSPEPSIA WITH SIGNIFICANT WT LOSS
PLEOMORPHIC CALCIFICATION R O CANCER RT BREAST,PLEOMORPHIC CALCIFICATION R O CANCER RT BREAST
GALLSTONE CHOLECYSTITIS,GALLSTONE CHOLECYSTITIS
RT BLOODY NIPPLE DISCHARGE,BLOODY NIPPLE DISCHARGE
MASS AT LT CHEST WALL,MASS AT LT CHEST WALL
RT BREAST MASS R O PHYLLODES TUMOR,RIGHT BREAST MASS R O PHYLLODES TUMOR
CEREBELLAR HEMORRHAGE S P CRANIOTOMY C TUMOR REMOVAL C EVD POST OP HYDROCEHALUS,CEREBELLAR HEMORRHAGE S P CRANIOTOMY C TUMOR REMOVAL C EVD POST OP HYDROCEHALUS
L3 5S1 SPONDYLOSIS,L4 5 SPONDYLOSIS
RIGHT FRONTAL METASTASIS WITH VASOGENIC BRAIN EDEMA,RIGHT FRONTAL METASTASIS WITH VASOGENIC BRAIN EDEMA
CEREBELLAR TUMOR C HYDROCEPHALUS,CEREBELLAR TUMOR C HYDROCEPHALUS
HNP L2 3 RUPTURED DISC L3 4,HNP L2 3 RUPTURED DISC L3 4
COMMUNICATING OBSTRUCTIVE HYDROCEPHALUS,COMMUNICATING OBSTRUCTIVE HYDROCEPHALUS
CONGENITAL TRACHEOMALACIA,CONGENITAL TRACHEOMALACIA
RT SUBMANDIBULAR GLAND ABSCESS,RT SUBMANDIBULAR GLAND ABSCESS
MASS AT LOWER GUM,MASS AT LOWER GUM
SCAR CONTRACTURE AT NECK,SCAR CONTRACTURE AT NECK
GRAVES DISEASE,GRAVES' DISEASE
LESION L2 DISCORDANT,LESION L2 DISCORDANT
RIGHT BREATS MASS,RIGHT BREAST MASS
ACUTE CHOLANGITIS S P ERCP 24 12 64,ACUTE CHOLANGITIS S P ERCP 24 12 64
ABSCESS AT RT THIGH,ABSCESS AT RT THIGH
ACUTE CHOLANGITIS WITH CBD STONE WITH IHD STONE,ACUTE CHOLANGITIS WITH CBD STONE WITH IHD STONE
ACUTE RESPIRATORY FAILURE,ACUTE RESPIRATORY FAILURE
ABSCESS RT PAROTID AND RT MASTICATOR SPACE,ABSCESS RT PAROTID AND RT MASTICATOR SPACE
COVID WITH PNEUMONIA WITH CORTICOSTEROID INDUCE MYOPATHY,COVID WITH PNEUMONIA WITH CORTICOSTEROID INDUCE MYOPATHY
POST COVID PNEUMONIA,POST COVID PNEUMONIA
R O CA SUPRAGLOTTIS WITH UAO,R O CA SUPRAGLOTTIS WITH UAO
POST RT RADICAL MASTOIDECTOMY WITH COMPLETE FACIAL PALSY,POST RT RADICAL MASTOIDECTOMY WITH COMPLETE FACIAL PALSY
OPENED FRACTURE LT PROXIMAL PHALANX INDEX FINGER,OPENED FRACTURE LT PROXIMAL PHALANX INDEX FINGER
RT ZYGOMATICOMAXILLARY COMPLEX FRACTURE C ORBITAL FLOOR DEFECT ENOPTHALMOS,RT ZYGOMATICOMAXILLARY COMPLEX FRACTURE C ORBITAL FLOOR DEFECT ENOPTHALMOS
WOUND AT HEAD,WOUND AT HEAD
MALIGNANT PHYLLODES WITH BLEEDING TUMOR RT S P RT MASTECTOMY WITH AXILLARY LN BIOPSY,MALIGNANT PHYLLODES WITH BLEEDING TUMOR RT S P RT MASTECTOMY WITH AXILLARY LN BIOPSY
NF RT LEG FOOT,NF RT LEG FOOT
ADVANCED STAGE CA BREAST WITH PERIAMPULLA METASTASIS,ADVANCED STAGE CA BREAST WITH PERIAMPULLA METASTASIS
CBD STONE C CHOLANGITIS,CBD STONE C CHOLANGITIS
CBD STONE C GALLSTONES,CBD STONE C GALLSTONES
RT THYROID NODULE WITH COMPRESSIVE SYMPTOM,RT THYROID NODULE WITH COMPRESSIVE SYMPTOM
LARGE LT THYROID NODULE,LARGE LT THYROID NODULE
R O VESCICOCOLONIC FISTULA,R O VESCICOCOLONIC FISTULA
PAPILLARY CA THYROID GLAND,PAPILLARY CA THYROID GLAND
MALIGNANT NEOPLASM OF HYPOPHARYNX POSTERIOR WALL OF HYPOPHARYNX,MALIGNANT NEOPLASM OF HYPOPHARYNX POSTERIOR WALL OF HYPOPHARYNX
MALIGNANT NEOPLASM OF NASOPHARYNX UNSPECIFIED,MALIGNANT NEOPLASM OF NASOPHARYNX UNSPECIFIED
RT CERVIAL LYMPHADENOPATHY,RT CERVIAL LYMPHADENOPATHY
MALIGNANT NEOPLASM OF HYPOPHARYNX ARYEPIGLOTTIC FOLD HYPOPHARYNGEAL ASPECT,MALIGNANT NEOPLASM OF HYPOPHARYNX ARYEPIGLOTTIC FOLD HYPOPHARYNGEAL ASPECT
CA UPPER MID RECTUM S P LAP LAR,CA UPPER MID RECTUM S P LAP LAR
CA SIGMOID S P STC,CA SIGMOID S P STC
CA RECTUM WITH LOWER GI BLEEDING,CA RECTUM WITH LOWER GI BLEEDING
CHRONIC GASTRITIS CT SUSPECTED GASTRIC CA,CHRONIC GASTRITIS CT SUSPECTED GASTRIC CA
CA SIGMOID S P LAP SIGMOIDECTOMY C CEA RISING,CA SIGMOID S P LAP SIGMOIDECTOMY C CEA RISING
R O RECURRENT CA COLON CEA RISING,R O RECURRENT CA COLON CEA RISING
T12 TUMOR,T12 TUMOR
RUPTURED DISC L3 4,RUPTURED DISC L3 4
SPINAL CORD TUMOR,SPINAL CORD TUMOR
L3 4 ADJACENT LEVEL DEGENERATION WITH L3 RADICULOPATHY,L3 4 ADJACENT LEVEL DEGENERATION WITH L3 RADICULOPATHY
OVER FLOW DIARRHEA HX OF PANCOLITIS R O CA COLON,OVER FLOW DIARRHEA HX OF PANCOLITIS R O CA COLON
CA SIGMOID WITH R O SYNCHRONUS LESION AT ASCENDING COLON,CA SIGMOID WITH R O SYNCHRONUS LESION AT ASCENDING COLON
BOWEL HABIT CHANGE WITH SIGNIFICANT WEIGHT LOSS R O CANCER,BOWEL HABIT CHANGE WITH SIGNIFICANT WEIGHT LOSS R O CANCER
HX RUPTURED SIGMOID DIVERTICULITIS,RUPTURE SIGMOID DIVERTICULITIS
CA ASCENDING COLON S P RHC,CA ASCENDING COLON S P LAP RHC
BOWEL HABIT CHANGES,BOWEL HABIT CHANGE
INVASIVE CA BLADDER,INVASIVE CA BLADDER
RT UC S P URETEROLITHOTOMY DJ STENT,RT UC S P URETEROLITHOTOMY DJ STENT
RT DISTAL UC WITH REFRACTORY PAIN FAILED CONSERVATIVE TREATMENT,RT DISTAL UC WITH REFRACTORY PAIN FAILED CONSERVATIVE TREATMENT
CA BLADDER MULTIPLE LESION,CA BLADDER MULTIPLE LESION
CA BLADDER HIGH GRADE,CA BLADDER HIGH GRADE
R URETHRAL STONE,R URETHRAL STONE
CA CERVIX 3B,CA CERVIX 3B
LT UC S P LT URS LT DJ STENT,LT UC S P LT URS LT DJ STENT
RIGHT RENAL CYST,RIGHT RENAL CYST
LT UNDESCENDED TESTIS,UNDESCEND RT TESTIS
LGIB WITH BOWEL HABIT CHANGE >> R O CANCER,LGIB WITH BOWEL HABIT CHANGE >> R O CANCER
AAA S P EVAR WITH LGIH,AAA S P EVAR WITH LGIH
CHRONIC CONSTIPATION SURVEILLANCE CA COLON,CHRONIC CONSTIPATION SURVEILLANCE CA COLON
CA SIGMOID STAGE2,CA SIGMOID STAGE2
R O LIPOSARCOMA AT RT BACK,R O LIPOSARCOMA AT RT BACK
S P PEG,S P PEG
SYNCHRONOUS CA SIGMOID RECTUM,CA RECTUM WITH SYNCHRONUS SIGMOID
CA BLADDER HEMATURIA,CA BLADDER HEMATURIA
BLADDER CALCULI,BLADDER CALCULI
NEOBLADDER CALCULI,NEOBLADDER CALCULI
ANEMIA UNKNOWN CAUSE,ANEMIA UNKNOWN CAUSE
RT SIDE CA COLON,RT SIDE CA COLON
CA RECTUM S P NCCRT LAR,CA RECTUM S P NCCRT LAR
RECURRENT CA COLON S P ENBLOC RESECTION NEPHRECTOMY,RECURRENT CA COLON S P ENBLOC RESECTION NEPHRECTOMY
CARCINOMATOSIS PERITONII,CARCINOMATOSIS PERITONII
R O CA SIGMOID DDX SUBSIDED DIVERTICULITIS,R O CA SIGMOID DDX SUBSIDED DIVERTICULITIS
MALIGNANT NEOPLASM OF CENTRAL PORTION OF BREAST,MALIGNANT NEOPLASM OF CENTRAL PORTION OF BREAST
CHRONIC ANAL FISURE,CHRONIC ANAL FISSURE
MASS AT LT 4TH RIB,MASS AT LT 4TH RIB
LUNG MASS,LUNG MASS
ANTERIOR MEIASTINAL MASS WITH RESPIRATORY FAILURE,ANTERIOR MEIASTINAL MASS WITH RESPIRATORY FAILURE
ABDOMINAL DISCOMFORT,ABDOMINAL DISCOMFORT
HEMORRHOID WITH DYSPEPSIA,HEMORRHOID WITH DYSPEPSIA
STEAL DISEASE C 3RD RT FINGER WET GANGREEN,STEAL DISEASE C 3RD RT FINGER WET GANGREEN
R O CORROSIVE ESOPHAGITIS,R O CORROSIVE ESOPHAGITIS
SIGMOID CANCER S P LAP AR,SIGMOID CANCER S P LAP AR
INTERNAL HEMORRHOID LGIB WITH FHX CA COLON,INTERNAL HEMORRHOID LGIB WITH FHX CA COLON
HIGH CEA RISING,HIGH CEA RISING
ABDOMINAL PAIN S P LC,ABDOMINAL PAIN S P LC
SIGNIFICANT WT LOSS CEA RISING,SIGNIFICANT WT LOSS CEA RISING
GASTRIC DUODENAL ULCER,GASTRIC DUODENAL ULCER
BHC LGIB,BHC LGIB
CA COLON S P AR,CA COLON S P AR
ACUTE DVT AT RIGHT CFV FV DOWN TO POPLITEAL VEIN,ACUTE DVT AT RIGHT CFV FV DOWN TO POPLITEAL VEIN
LT BRACHIOCEPHALIC VEIN STENOSIS,LT BRACHIOCEPHALIC VEIN STENOSIS
DVT S P IVC FILTER,DVT S P IVC FILTER
SACCULAR THORACIC ANEURYSM,SACCULAR THORACIC ANEURYSM
JUXTARENAL AAA,JUXTARENAL AAA
INFECTED DM FOO LT FOOT,INFECTED DM FOO LT FOOT
20% TBSA SECOND DEGREE BURN LEFT SITE,20% TBSA SECOND DEGREE BURN LEFT SITE
RECURRENT CA BLEDDER,RECURRENT CA BLADDER
BLADDER TUMOR R O RECTAL INVASION WITH CARCINOMATOSIS PERITONII,BLADDER TUMOR R O RECTAL INVASION WITH CARCINOMATOSIS PERITONII
VESICLE STONE URETERAL CALCULI,VESICLE STONE URETERAL CALCULI
METASTATIC CA BREAST RT C ULCERATIVE MASS,METASTATIC CA BREAST RT C ULCERATIVE MASS
LGIH WITH DVT LT LEG PLAN START ENOXAPARIN,LGIH WITH DVT LT LEG PLAN START ENOXAPARIN
RIGHT CA BREAST S P SX RT WITH RUPTURED IMPLANT,RIGHT CA BREAST S P SX RT WITH RUPTURED IMPLANT
CA ESPHAGUS,CA ESOPHAGUS
LEFT CA BREST S P NEOADJUVANT CHEMOTHERPAY,LEFT CA BREAST S P NEOADJUVANT CHEMOTHERAPY
RT RETROPERITONEAL SCHWANOMA,RT RETROPERITONEAL SCHWANOMA
INSTENT RESTENOSIS RT BRACHIOCEPHALIC VEIN,INSTENT RESTENOSIS RT BRACHIOCEPHALIC VEIN
SIGMOID POLYP S P EMR GASTRITIS,SIGMOID POLYP S P EMR GASTRITIS
HX OF HEMORRHOIDECTOMY GB POLYP,HX OF HEMORRHOIDECTOMY GB POLYP
CBD STONE WITH CHOLANGITIS S P ERCP,ACUTE CHOLANGITIS WITH CBD STONE S P ERCP
POLYPOSIS COLI AT SIGMOID COLON S P LAP AR 9 60,POLYPOSIS COLI AT SIGMOID COLON S P LAP AR 9 60
DISTAL CBD STONE WITH GS,DISTAL CBD STONE WITH GS
CA LT BREAST L12,CA LT BREAST L12
ADHESIVE SMALL BOWEL OBSTRUCTION,ADHESIVE SMALL BOWEL OBSTRUCTION
MASS RT CHEST WALL GRADUALLY INCREASERD IN SIZE R O MALIGNANT,MASS RT CHEST WALL GRADUALLY INCREASERD IN SIZE R O MALIGNANT
LT THYROID NODULE R O CANCER,LT THYROID NODULE R O CANCER
FUNCTIONING RIGHT ADRENAL TUMOR,FUNCTIONING RIGHT ADRENAL TUMOR
BILAT THYROID NODULE AUS,BILAT THYROID NODULE AUS
R O PTC,R O PTC
APPENDICEAL MASS,APPENDICEAL MASS
HCC AT SEGMENT 2 3,HCC AT SEGMENT 2 3
CA RT BREAST AND LT NIPPLE POLYP,CA RT BREAST AND LT NIPPLE POLYP
RT JUGULAR TUBERCLE MENINGIOMA,RT JUGULAR TUBERCLE MENINGIOMA
C2 3 SPONDYLOSIS WITH CORD COMPRESSION,C2 3 SPONDYLOSIS WITH CORD COMPRESSION
RT CONVIXITY MENINGIOMA,RT CONVIXITY MENINGIOMA
HYDROCEPHALUS S P CLIPPING RT MCA ANEURYSM,HYDROCEPHALUS S P CLIPPING RT MCA ANEURYSM
UNRUPTURED RT MCA ANEURYSM,UNRUPTURED RT MCA ANEURYSM
RT TEMPORAL LOBE BRAIN TUMOR,RT TEMPORAL LOBE BRAIN TUMOR
CA HYPOPHARYNX WITH DYSPHAGIA PLAN RT,CA HYPOPHARYNX WITH DYSPHAGIA PLAN RT
THYROID NODULE AT ISTHMUS LOBE,THYROID NODULE AT ISTHMUS LOBE
LEFT CA BREAST S P WIDE EXCISION,LEFT CA BREAST S P WIDE EXCISION
GALLSTONE WITH GALLBLADDER POLYP,GALLSTONE WITH GALLBLADDER POLYP
ABNORMAL CALCIFICATION RT BREAST MASS,ABNORMAL CALCIFICATION OF RIGHT BREAST
ACUTE CHOLECYSTITIS R O CBD STONE,ACUTE CHOLECYSTITIS R O CBD STONE
PARASTROMAL HERNIA,PARASTROMAL HERNIA
ACUTE CHOLANGITIS S P ERCP,ACUTE CHOLANGITIS S P ERCP
STEAL SYNDROME WITH WET GANGRENE RT 3RD FINGER,STEAL SYNDROME WITH WET GANGRENE RT 3RD FINGER
GROSS HEMATURIA ACTIVE BLEEDING,GROSS HEMATURIA ACTIVE BLEEDING
PATHOLOGICAL NIPPLE DISCHARGE RT BREAST,PATHOLOGICAL NIPPLE DISCHARGE RT BREAST
LEFT THYROID NODULE BETHESDA1,LEFT THYROID NODULE BETHESDA4
L SPONDYLOSIS L2 5,L4 5 SPONDYLOSIS
L5 S1 RUPTURED DISC,RUPTURED DISC L4 5 L5 S1
L 345 SPONDYLOSIS C ADJACENT L2 3,L 345 SPONDYLOSIS C ADJACENT L2 3
RT BASAL GANGLION HEMORRHAGE,RT BASAL GANGLION HEMORRHAGE
R O LT THYROID CANCER AUS,R O LT THYROID CANCER AUS
RECURRENT LEFT FRONTOTEMPORAL LYMPHOMA WITH EXPOSED SKULL PLATE WITH BRAIN HERNIATION,RECURRENT LEFT FRONTOTEMPORAL LYMPHOMA WITH EXPOSED SKULL PLATE WITH BRAIN HERNIATION
AACHNOID CST WITH OBSTRUCTIVE HYDROCEPHALUS,AACHNOID CST WITH OBSTRUCTIVE HYDROCEPHALUS
PITUITARY MACROADENOMA C OPTIC COMPRESSION,PITUITARY MACROADENOMA C OPTIC COMPRESSION
C5 6 DISC RUPTURED,RUPTURED DISC C6 7
CHRONIC LT SUBDURAL HEMATOMA,CHRONIC LT SUBDURAL HEMATOMA
LGIH R O PROCTITIS,LGIH R O PROCTITIS
CLI S P BALLOON ANGIOPLASTY WITH DCB WITH STENT,CLI S P BALLOON ANGIOPLASTY WITH DCB WITH STENT
CONSTIPATION DYSPEPSIA,CONSTIPATION DYSPEPSIA
CA PROSTATE WITH URETHRAL STRICTURE,CA PROSTATE WITH URETHRAL STRICTURE
RT UC S P URSL DJ,RT UC S P URSL DJ
ENTEROVESICAL FISTULA,ENTEROVESICAL FISTULA
LGIB R O CA COLON,LGIB R O CA COLON
CA RECTOSIGMOID S P AR WITH DLC,CA RECTOSIGMOID S P AR WITH DLC
VENOUS SINUS THROMBOSIS WITH IVH BILAT,VENOUS SINUS THROMBOSIS WITH IVH BILAT
RTCOM,RTCOM
INFECTED WD LT FOOT S P STSG,INFECTED WD LT FOOT S P STSG
CHRONIC WOUND AT ANUS,CHRONIC WOUND AT ANUS
SCC AT LT EYEBROW,SCC AT LT EYEBROW
WOUND AT LT FOOT,WOUND AT LT FOOT
INFECTED DM LT FOOT S P FOREFOOT AMPUTATION,INFECTED WOUND LT FOOT S P FOREFOOT AMPUTATION
NF LT LEG S P DEBRIDEMENT,NF LT LEG S P DEBRIDEMENT
WART,WART
BPH WITH HIGH PSA RECURRENT HEMATURIA,BPH WITH HIGH PSA RECURRENT HEMATURIA
RT HN,RT HN
CA LOWER RECTUM S P CCRT,CA LOWER RECTUM S P LAR
RT STAGHORN STONE S P RT PCNL DJ STENT LT URS,RT STAGHORN STONE S P RT PCNL DJ STENT LT URS
BLADDER MASSS RIGHT WALL,BLADDER MASSS RIGHT WALL
ADVANCED CA PROSTATE WITH LT HYDRONEPHROSIS S P DJ STENT,ADVANCED CA PROSTATE WITH LT HYDRONEPHROSIS S P DJ STENT
RT PROXIMAL UXC,RT PROXIMAL UC
FOLLICULAR NEOPLASM S P RT TOETVA MICRO PTC,FOLLICULAR NEOPLASM S P RT TOETVA MICRO PTC
SUSPICIOUS FOR PAPILLARY THYROID CANCER,SUSPICIOUS FOR PAPILLARY THYROID CANCER
CRLM S8,CRLM S8
S P LAP LAR C DLI,S P LAP LAR C DLI
ACUTE CHOLECYSTITIS S P ERCP,ACUTE CHOLECYSTITIS S P ERCP
DEEP POST SPACE ANAL ABSCESS,DEEP POST SPACE ANAL ABSCESS
CAECAL CANCER,CAECAL CANCER
RUPTURE SIGMOID DIVERTICULITIS S P HARTMAN'S PRECEDURE,RUPTURE SIGMOID DIVERTICULITIS S P HARTMAN'S PRECEDURE
CA RECTUM S P LAR WITH DLI,CA RECTUM S P LAR WITH DLI
ANEURSY AVF LT UPPER ARM,ANEURSY AVF LT UPPER ARM
CEPHALIC SUBCLAVIAN V STENOSIS LT,CEPHALIC SUBCLAVIAN V STENOSIS LT
ISCHIORECTAL ABSCESS,ISCHIORECTAL ABSCESS
MALIGNANT RECTAL POLYP S P EXCISION NOT FREE MARGIN C DESCENDING POLYP จาก CT COLONO,MALIGNANT RECTAL POLYP S P EXCISION NOT FREE MARGIN C DESCENDING POLYP จาก CT COLONO
CONSTIPATION WITH SCREENING COLONIC CANCER,CONSTIPATION WITH SCREENING COLONIC CANCER
INFECTED STUMP RIGHT LEG,INFECTED STUMP RIGHT LEG
SGS 1 5CM,SGS 1 5CM
LT HYDRONPEHROSIS UPJO S P LT URS DJ STENT,LT HYDRONPEHROSIS UPJO S P LT URS DJ STENT
BILAT URETEROSTOMY,BILATERAL URETEROSTOMY
RECURRENT CA BLEDDER WITH LUNG LIVER BONE METASTASIS,RECURRENT CA BLEDDER WITH LUNG LIVER BONE METASTASIS
INTERMITTENT GROSS HEMATURIA,INTERMITTENT GROSS HEMATURIA
S P AR,S P LAR
AFAP S P TPC IPAA,AFAP S P TPC IPAA
CA TRANSVERSE COLON WITH OBSTRUCTION,CA TRANSVERSE COLON WITH OBSTRUCTION
BOWEL HABOT CHANGE,BOWEL HABIT CHANGE
CA RECTOSIGMOID S P LAR WEDGE BLADDER DOUBLE BARRELL ILEOSTOMY,CA RECTOSIGMOID S P LAR WEDGE BLADDER DOUBLE BARRELL ILEOSTOMY
CA APPENDIX GS,CA APPENDIX
HIDRADENITIS SUPPURATIVA,HIDRADENITIS SUPPERATIVA
RT FOLLICULAR NEOPLASM 3 CM,RT FOLLICULAR NEOPLASM 3 CM
THYROID CANCER WITH RT IJV INVASION WITH TRACHEAL COMPRESSION WITH RIGHT NECK LYMPH NODE METASTASIS,THYROID CANCER WITH RT IJV INVASION WITH TRACHEAL COMPRESSION WITH RIGHT NECK LYMPH NODE METASTASIS
PAPILLARY THYROID CANCER S P LEFT LOBECTOMY,PAPILLARY THYROID CANCER S P LEFT LOBECTOMY
DISCORDANT LEFT BREAST MASS R O CA,DISCORDANT LEFT BREAST MASS R O CA
SYNCHRONOUS CA SIGMOID ASCENDING COLON,SYNCHRONOUS CA SIGMOID ASCENDING COLON
CA PROSTATE S P RADICAL CYSTECTOMY ILEAL CONDRUIT WITH RECTAL INJURY S P PROXIMAL TRANSVERSE COLOSTOMY,CA PROSTATE S P RADICAL CYSTECTOMY ILEAL CONDRUIT WITH RECTAL INJURY S P PROXIMAL TRANSVERSE COLOSTOMY
LARGE LIPOMA RIGHT SCAPULAR AREA,LARGE LIPOMA RIGHT SCAPULAR AREA
RT BCV STENOSIS SVC STENOSIS ON AVF LT CUBITAL,RT BCV STENOSIS SVC STENOSIS ON AVF LT CUBITAL
ESRD WITH FALSE ANEURYSM AVBG LT UPPERAM,ESRD WITH FALSE ANEURYSM AVBG LT UPPERAM
ESRD WITH TCC MALFUNCTION,ESRD WITH MALFUNCTION TCC
MULTIPLE LOCULATED LT PLEURAL EFFUSION,MULTIPLE LOCULATED LT PLEURAL EFFUSION
ANOMALOUS ARTERIAL SUPPLYING LLL,ANOMALOUS ARTERIAL SUPPLYING LLL
CA RECTOSIGMOID S P CMT,CA RECTOSIGMOID S P CMT
CA SPLEENIC FLEXURE S P SUBTOTAL COLECTOMY,CA SPLEENIC FLEXURE S P SUBTOTAL COLECTOMY
POLYP COLON,COLONIC POLYP
SUBSIDED DIVERTICULITIS,SUBSIDED DIVERTICULITIS
NF RT FOOT S P MIDFOOT AMPUTATION,NF RT FOOT S P MIDFOOT AMPUTATION
SYMPTOMATIC GALL STONE,SYMPTOMATIC GALLSTONE
TOXIC MULTINODULAR GOITER C HYPERPARATHYROIDISM,TOXIC MULTINODULAR GOITER C HYPERPARATHYROIDISM
R O RT THYROID HURTLE CELL CA,R O RT THYROID HURTLE CELL CA
LEFT THYROID NODULE WITH COMPRESSIVE SYMPTOM,RT THYROID NODULE WITH COMPRESSIVE SYMPTOM
RECURRENT RLL PNEUMOTHORAX,RECURRENT RLL PNEUMOTHORAX
SGS STONE 1 2CM,SGS STONE 1 2CM
CA CECUM S P LAR,CA CECUM S P LAR
FEEDING INTOLERANT R O GASTRIC OUTLET OBSTRUCTION,FEEDING INTOLERANT R O GASTRIC OUTLET OBSTRUCTION
LEFT DIH,LEFT DIH
BOWEL HABIT CHANGE STRONG FAMIY HISTORY OF CANCER,BOWEL HABIT CHANGE STRONG FAMIY HISTORY OF CANCER
RUPTURED LIVER ABSCESS,RUPTURED LIVER ABSCESS
DICORDANT LT BREAST MASS L12,DICORDANT LT BREAST MASS L12
RT BREAST R12 BIRADS4B DISCORDANT,RT BREAST R12 BIRADS4B DISCORDANT
SUSPECTED LEFT STERNOCLEIDOMASTOID SARCOMA,SUSPECTED LEFT STERNOCLEIDOMASTOID SARCOMA
RT PAPILLARY THYROID CANCER,PAPILLARY THYROID CANCER
L3 5 STENOSIS WITH RADICULAR PAIN,L3 5 STENOSIS WITH RADICULAR PAIN
BURST FX L1 2,BURST FX L1 2
SPINAL STENOSIS L4 S1,SPINAL STENOSIS L3 S1
SDH LT FRONTOPARIETAL S P CRANIECTOMY C PROLONG INTUBATION,SDH LT FRONTOPARIETAL S P CRANIECTOMY C PROLONG INTUBATION
C4567 SPONDYLOSIS,C4567 SPONDYLOSIS
HNP L 4 5 WITH RADICULOPATHY,HNP L 4 5 WITH RADICULOPATHY
SPINAL STENOSIS L4 5 L5 S1,SPINAL STENOSIS L4 5 L5 S1
INFECTED WOUND RT FOOT S P MIDFOOT AMPUTATION,INFECTED WOUND RT FOOT S P MIDFOOT AMPUTATION
MULTIPLE THYROID NODULE WITHCOMPRESSIVE SYMPTOM BETHESDA IV,MULTIPLE THYROID NODULE WITHCOMPRESSIVE SYMPTOM BETHESDA IV
ADH OF LEFT BREAST,ADH OF LEFT BREAST
LT BREAST MASS L12 DISCORDANT,DICORDANT LT BREAST MASS L12
CA LT BREAST PLEOMORPHIC CALCIFICATION RT BREAST,CA LT BREAST PLEOMORPHIC CALCIFICATION RT BREAST
INTRADUCTAL PAPPILOMA LT BREAST,INTRADUCTAL PAPPILOMA LT BREAST
MULTIPLE FIBROADENOMA,MULTIPLE FIBROADENOMA
GIANT FIBROADENOMA,GIANT FIBROADENOMA
FOURNIER'S GANGRENE URETHRAL EROSION CA SIGMOID WITH COLOVESICLE FISTULA,FOURNIER'S GANGRENE URETHRAL EROSION CA SIGMOID WITH COLOVESICLE FISTULA
PNEUMONIA WITH PROLONGED INTUBATION,PNEUMONIA PROLONG INTUBATION
OPEN WOUND OF LIP AND ORAL CAVITY,OPEN WOUND OF LIP AND ORAL CAVITY
MALIGNANT NEOPLASM PRIMARY SITE UNSPECIFIED,MALIGNANT NEOPLASM PRIMARY SITE UNSPECIFIED
CR WITH IT HYPERTROPHY,CR WITH IT HYPERTROPHY
POST MASTOIDECTOMY WITH RT FACIAL PARALYSIS,POST MASTOIDECTOMY WITH RT FACIAL PARALYSIS
OPEN WOUND RT FACE,OPEN WOUND RT FACE
LT PREAURICULAR MASS,LT PREAURICULAR MASS
FB AT FOREHEAD,FB AT FOREHEAD
SKIN CANCER AT RIGHT UPPER LIP,SKIN CANCER AT RIGHT UPPER LIP
ESRD WITH THROMBOSED AVBG,ESRD WITH THROMBOSE AVF
SMALL BOWEL GIST,SMALL BOWEL GIST
RT FEMORAL HERNIA,RT FEMORAL HERNIA
HNP C5 6 WITH CORD COMPRESSION,HNP C5 6 WITH CORD COMPRESSION
RT BASAL GANGLIA S P CRANIECTOMY C DIFICULT TO EXTUBATION,RT BASAL GANGLIA S P CRANIECTOMY C DIFICULT TO EXTUBATION
LT PARIETAL TUMOR,LT PARIETAL TUMOR
CHRONIC SSH LT,CHRONIC SSH LT
S P TUR P LUTS R O URETHRAL STRICTURE,S P TUR P LUTS R O URETHRAL STRICTURE
RT URETHRAL STRICTURE S P RT DJ STENT,RT URETERAL STRICTURE S P DJ STENT
R O URETHRAL CANCER,R O URETHRAL CANCER
L4 S1 SPINAL STENOSIS,SPINAL STENOSIS L3 S1
VENOUS SINUS THROMBOSIS S P RT CRANIECTOMY C SKULL DEFECT,VENOUS SINUS THROMBOSIS S P RT CRANIECTOMY C SKULL DEFECT
RT SKULL TUMOR C BRAIN EDEMA,RT SKULL TUMOR C BRAIN EDEMA
LEFT CHRONIC MAXILLARY SINUSITIS,LEFT CHRONIC MAXILLARY SINUSITIS
S P SIGMOIDECTOMY,S P SIGMOIDECTOMY
CA RECTUM WITH CLINICAL OBSTRUCTION,CA RECTUM WITH CLINICAL OBSTRUCTION
MID RECTAL CANCER S P APR,RECTAL CANCER S P APR
PERINEAL CONDYLOMA,PERINEAL CONDYLOMA
BHC FOBT,BHC FOBT
L45 SPONDYLOSIS C SEVERE NERVE ROOT COMPRESSION,L45 SPONDYLOSIS C SEVERE NERVE ROOT COMPRESSION
C4 5 6 7 MYELOPATHY,C4 5 6 7 MYELOPATHY
COMPRESSION FX L1,COMPRESSION FX L3
L SPONDYLOSIS COMPRESSION FX L2,L SPONDYLOSIS COMPRESSION FX L2
SURVELLANCE DESCENDING COLON CANCER,SURVELLANCE DESCENDING COLON CANCER
S P PORT A,S P PORT A
ANAL FISSUE,ANAL FISSURE
SIGNIFICANT CHANGE IN BOWEL HABIT,SIGNIFICANT CHANGE IN BOWEL HABIT
MALIGNANT POLYP AT SIGMOID,MALIGNANT POLYP AT SIGMOID
ASCENDING POLYP,ASCENDING POLYP
HEMORRHOID FHX OF CA COLON,HEMORRHOID FHX OF CA COLON
STOOL OCCULT VE,STOOL OCCULT VE
FOREIGN BODY AT NOSE,FOREIGN BODY AT NOSE
DJ STENT SYNDROME,DJ STENT SYNDROME
AUR CAUSE,AUR CAUSE
R O CA URETER,R O CA URETER
CONTRACEPTION,CONTRACEPTION
T3 N0 M0 CA BLADDER,T3 N0 M0 CA BLADDER
LEFT SEVERE HYDRONEPHROSIS WITH NON FUNCTIONING LEFT RENAL WITH PRESSURE EFFECT,LEFT SEVERE HYDRONEPHROSIS WITH NON FUNCTIONING LEFT RENAL WITH PRESSURE EFFECT
LEFT HN,LEFT HN
DRY GANGREEN LEFT BIG TOE,DRY GANGREEN LEFT BIG TOE
LT PAPILLARY THYROID CARCINOMA S O LT TOETVA,LT PAPILLARY THYROID CARCINOMA S O LT TOETVA
T9 TUMOR,T9 TUMOR
HIGH TRANSPHINCTERIC FIA,HIGH TRANSPHINCTERIC FIA
LGIB WITH COMBINE HEMORRHOID,LGIB WITH COMBINE HEMORRHOID
FIA WITH INTERSPHINCTERIC ABSCESS,FIA WITH INTERSPHINCTERIC ABSCESS
PERFORATE RECTAL CANCER S P SIGMOID COLOSTOMY S P CCRT,PERFORATE RECTAL CANCER S P SIGMOID COLOSTOMY S P CCRT
PROPLAPSED HEMORRHOID,PROLAPSED HEMORRHOID
INSIONAL HERNIA AT RUQ,INSIONAL HERNIA AT RUQ
CA SIGMOID WITH BLADDER INVASION,CA SIGMOID WITH BLADDER INVASION
SCROTAL MASS,RT SCROTAL MASS
URETER INJURY,URETER INJURY
HX OF GROSS HEMATURIA,HX OF GROSS HEMATURIA
R O URETHRAL INJURY,R O URETHRAL INJURY
BOWEL HABIT CHANGE WITH CHRONIC DYSPEPSIA,BOWEL HABIT CHANGE WITH CHRONIC DYSPEPSIA
DIVERTICULUM AT SIGMOID,DIVERTICULUM AT SIGMOID
MALPOSITION OF TVV LT IJV,MALPOSITION OF TVV LT IJV
CEA RISING 10 1,CEA RISING 10 1
LT SIDE COLITIS,LT SIDE COLITIS
SEVERE ABD PAIN,SEVERE ABD PAIN
IATROGENIC TRANSECTION OF RECTUM S P PRIMARY REPAIR OF RECTAL WITH PROTECTIVE LOOP ILEOSTOMY,IATROGENIC TRANSECTION OF RECTUM S P PRIMARY REPAIR OF RECTAL WITH PROTECTIVE LOOP ILEOSTOMY
CA LOWER RECTUM S P SX,CA LOWER RECTUM S P SX
CA RECTUM S P LAP LAR C DLI,CA RECTUM S P LAP LAR C DLI
LT CERVICAL LYMPHADENOPATHY,LT CERVICAL LYMPHADENOPATHY
ADPKD,ADPKD
STAGHORN CACULI LT KIDNEY S P DJ STENT ESWL,STAGHORN CACULI LT KIDNEY S P DJ STENT ESWL
CA BLADDET WITH HEAMATURIA S P PCN,CA BLADDET WITH HEAMATURIA S P PCN
R O VESICOVAGINAL FISTULAR VVF,R O VESICOVAGINAL FISTULAR VVF
ESRD C AVF LT CUBITAL THROMBOSIS,ESRD C AVF LT CUBITAL THROMBOSIS
ESRD C BRACHIOCEPHALIC VEIN THROMBOSIS,ESRD C BRACHIOCEPHALIC VEIN THROMBOSIS
FOLLICULAR THYROID CA S P RT TOETVA,FOLLICULAR THYROID CA S P RT TOETVA
SSI RT GROIN S P RIGHT HERNIOPLASTY,SSI RT GROIN S P RIGHT HERNIOPLASTY
LEFT ADRENAL NODULE WITH PRIMARY HYPERALDOSTERONEMIA,LEFT ADRENAL NODULE WITH PRIMARY HYPERALDOSTERONEMIA
2 HYPERPARATHYROID,2 HYPERPARATHYROID
PAPILLARY THYROID CARCINOMA,PAPILLARY THYROID CARCINOMA
INTRAMUSCULAR LIPOMA AT RT FORERARM,INTRAMUSCULAR LIPOMA AT RT FORERARM
LT GROIN LYMPHADENOPATHY,LT GROIN LYMPHADENOPATHY
INCARCERATED RT IIH > REDUCIBLE,INCARCERATED RT IIH > REDUCIBLE
MULTIPLE GS,MULTIPLE GS
CA TRASVERSE COLON,CA TRASVERSE COLON
CENTRAL VEIN STENOSIS RT ARM,CENTRAL VEIN STENOSIS RT ARM
R O LT CENTRAL VEIN STENOSIS,R O CENTRAL VEIN STENOSIS
AVBG LT UPPERARM WITH VENOUS ANASTOMOSIS STENOSIS,AVBG LT UPPERARM WITH VENOUS ANASTOMOSIS STENOSIS
R O JUXTAVENOUS ANASTOMOSIS STENOSIS,R O JUXTAVENOUS ANASTOMOSIS STENOSIS LT
SEVERE VENOUS INSUFFICIENCY LT LEG,SEVERE VENOUS INSUFFICIENCY LT LEG
PERICARDIAL EFFUSION WITH CARDIAC TEMPONADE,PERICARDIAL EFFUSION WITH CARDIAC TEMPONADE
HX CHOLANGITIS S P ERCP,HX CHOLANGITIS S P ERCP
RECURRENT LT SPONTANEOUS PNEUMOTHORAX,LT SPONTANEOUS PNEUMOTHORAX RECURRENT
INFECTED LT BKA STUMP,INFECTED LT BKA STUMP
RIGHT DIH,RIGHT IIH
DVT WITH INFRARENAL AAA S P EVAR,DVT WITH INFRARENAL AAA S P EVAR
RT MULTINODULAR GOITERS,MULTINODULAR GOITER
CRITICAL IMB ISCHEMIA RT FOOT,CRITICAL IMB ISCHEMIA RT FOOT
ILEITIS,ILEITIS
CHRONIC CONSTIPATION HIGH CEA,CHRONIC CONSTIPATION HIGH CEA
NF RT LEG S P DEBRIDEMENT FASCIOTOMY,NF RT LEG S P DEBRIDEMENT FASCIOTOMY
RT BREST MASS R9 DISCORDANT,RT BREST MASS R9 DISCORDANT
BREAST MASS AT RT LOWER QUADRANT,BREAST MASS AT RT LOWER QUADRANT
LT BREAST MASS LESION UNDER NIPPLE,LT BREAST MASS LESION UNDER NIPPLE
LT CA BREAST WITH DIFFUSED CALCIFICATION,LT CA BREAST WITH DIFFUSED CALCIFICATION
ABNORMAL CALCIFICATION LT BREAST WITH LYMPHADENOPATHY,ABNORMAL CALCIFICATION LT BREAST WITH LYMPHADENOPATHY
PAPILLARY THYROID CANCER S P OPEN RIGHT THYROID LOBECTOMY,PAPILLARY THYROID CANCER S P OPEN RIGHT THYROID LOBECTOMY
LEFT NECK MASS,LEFT NECK MASS
CA HEAD OF PANCREASE,CA HEAD OF PANCREAS
L 2 5 SPONDYLOSIS,L4 5 SPONDYLOSIS
TUMOR L5 COMPRESSION,TUMOR L5 COMPRESSION
HERNIATED DISC S5 L1 RT,HERNIATED DISC S5 L1 RT
C1 2 SUBLAXATION WITH C3 6 MYELOPATHY,C1 2 SUBLAXATION WITH C3 6 MYELOPATHY
L4 S1 STENOSIS WITH L5S1 RUPTURED DISC WITH RADICULOPATHY,L4 S1 STENOSIS WITH L5S1 RUPTURED DISC WITH RADICULOPATHY
CERVICAL SPONDYLOTIC RADICULOPATHY C5 6 7,CERVICAL SPONDYLOTIC RADICULOPATHY C5 6 7
RT CLINOIDAL MENINGIOMA,RT CLINOIDAL MENINGIOMA
GLIOMA GR IV,GLIOMA GR IV
BLEEDING DUODENAL ULCER,BLEEDING DUODENAL ULCER
SIG WT LOSS,SIG WT LOSS
CHRONIC CHOLECYSTITIS WITH CBD OBSTRUCTION S P STENT,CHRONIC CHOLECYSTITIS WITH CBD OBSTRUCTION S P STENT
RT PTC C CLN ENLARGEMENT,RT PTC C CLN ENLARGEMENT
RT BREAST PHYLLODES TUMOR,RT BREAST PHYLLODES TUMOR
CA DESCENDOSIGMOID COLON,CA DESCENDOSIGMOID COLON
INFECTED WOUND AT RT FOOT,INFECTED WOUND RT FOOT
LIPOMA AT LT BOTTOCK,LIPOMA AT LT BOTTOCK
CA RECTUM S P LOOP COLOSTOMY,CA RECTUM S P LOOP COLOSTOMY
LOW RECTAL CANCER,LOW RECTAL CANCER
FOLLICULAR CARCINOMA S P LT TOETVA 16 3 2564,FOLLICULAR CARCINOMA S P LT TOETVA 16 3 2564
CA THYROID GLAND,CA THYROID GLAND
RT PAROTID GLAND MASS,RT PAROTID GLAND MASS
LYMPHATIC MALFORMATION C INFECTED WOUND,LYMPHATIC MALFORMATION C INFECTED WOUND
O,O
RECURRENT CRS WITH NP BILAT,RECURRENT CRS WITH NP BILAT
CA GLOTTIC,CA GLOTTIC
R O RECURRENT CA LARYNX WITH DYSPHAGIA,R O RECURRENT CA LARYNX WITH DYSPHAGIA
RT CA THYROID,RT CA THYROID
BILATERAL SUBDURAL HEMORRHAGE,BILATERAL SUBDURAL HEMORRHAGE
L3 4 5 SPONDYLOSIS ADJACENT LV DEGENERATION,L3 4 5 SPONDYLOSIS ADJACENT LV DEGENERATION
RT OPTIC PATHWAY GLIOMA,RT OPTIC PATHWAY GLIOMA
RT CEREBELLAR HEMORRHAGE C PROLONG INTUBATION,RT CEREBELLAR HEMORRHAGE C PROLONG INTUBATION
RT TEMPORAL CYST,RT TEMPORAL CYST
RECURRENT LIPOMA AT NECK,RECURRENT LIPOMA AT NECK
AVM RT TEMPORAL,AVM RT TEMPORAL
VENOUS SINUS BLEEDING C PROLONG INTUBATION,VENOUS SINUS BLEEDING C PROLONG INTUBATION
RECURRENT CRS,RECURRENT CRS
BENIGN LIPOMATOUS NEOPLASM UNSPECIFIED,BENIGN LIPOMATOUS NEOPLASM UNSPECIFIED
OTHER SPECIFIED NONINFECTIVE DISORDERS OF LYMPHATIC VESSELS AND LYMPH NODES,OTHER SPECIFIED NONINFECTIVE DISORDERS OF LYMPHATIC VESSELS AND LYMPH NODES
C1 2 CORD COMPRESSION,C1 2 CORD COMPRESSION
L SPONDYLOSIS L4 5 S1,L4 S1 SPONDYLOSIS
CFX L2L3,CFX L2L3
SEVERE STENOSIS AT L 2345,SEVERE STENOSIS AT L 2345
BGH S P CRANIECTOMY HYDROCEPHALUS,BGH S P CRANIECTOMY HYDROCEPHALUS
LEFT ADRENAL MASS >> R O CANCER,LEFT ADRENAL MASS >> R O CANCER
R O RECURRENT NON HODKIN LYMPHOMA AT RT SHOULDER,R O RECURRENT NON HODKIN LYMPHOMA AT RT SHOULDER
FLOOR OF MOUTH CANCER,FLOOR OF MOUTH CANCER
FISTULA N ANO POSTERIOR HIGH TRANSPHINCTERIC,FISTULA N ANO POSTERIOR HIGH TRANSPHINCTERIC
CA MID RECTUM WITH PERINONEAL METASTASIS,CA MID RECTUM WITH PERINONEAL METASTASIS
SSI RIGHT SCORTUM,SSI RIGHT SCORTUM
URETHRAL INJURY WITH HEMATURIA,URETHRAL INJURY WITH HEMATURIA
HIGH PSA 307,HIGH PSA 307
LT UC RC,LT UC RC
BPH WITH R O OAB,BPH WITH R O OAB
BILAT DISTAL UC WITH BILAT HYDRONEPHROSIS,BILAT DISTAL UC WITH BILAT HYDRONEPHROSIS
LT ETD,LT ETD
TUMOR LT TONSIL,TUMOR LT TONSIL
FOURNIERE GANGRENE S P DB,FOURNIERE GANGRENE S P DB
MICROTIA,MICROTIA
PENDULUS ABDOMEN,PENDULUS ABDOMEN
BASAL CELL CARCINOMA,BASAL CELL CARCINOMA
INFECTED WOUND LEFT FOOT S P DB,INFECTED WOUND LEFT FOOT S P DB
LACERATION WOUND AT UPPER LIP AND LEFT CHEEK,LACERATION WOUND AT UPPER LIP AND LEFT CHEEK
CFX MANDIBLE LT,CFX MANDIBLE LT
PANFACIAL FX,PANFACIAL FX
INFECTED DM FOOT LEFT FOOT S P DB AMPUTATION,INFECTED DM FOOT LEFT FOOT S P DB AMPUTATION
HEMATURIA WITH BILAT HYDRONEPHROSIS,HEMATURIA WITH BILAT HYDRONEPHROSIS
R O CA PROSTATE WITH MULTIPLE BONE METASTASIS,R O CA PROSTATE WITH MULTIPLE BONE METASTASIS
RENAL MASS,RENAL MASS
SURVILLANCE CA BLADDER,CA BLADDER SURVILLANCE
RECURRENT UTI LUTS,RECURRENT UTI LUTS
CA SUPRAGLOTTID PT4N2M0,CA SUPRAGLOTTID PT4N2M0
MASS AT ROOT AT MESENTERIC LN,MASS AT ROOT AT MESENTERIC LN
RECTOSIGMOID COLON S P AR C LEFT URETER INJURY,RECTOSIGMOID COLON S P AR C LEFT URETER INJURY
GS PANCREATITIS NECROTIZING PANCREATITIS,GS PANCREATITIS NECROTIZING PANCREATITIS
INFECTED WOUND AT RT SCORTAL,INFECTED WOUND AT RT SCORTAL
WOUND INFECTION AT RT SCORTAL,INFECTED WOUND AT RT SCORTAL
RECTOSIGMOID COLON CANCER WITH LIVER CYSTIC LESION S8,RECTOSIGMOID COLON CANCER WITH LIVER CYSTIC LESION S8
SSI AT RT GOIN SCORTAL,SSI AT RT GOIN SCORTAL
SSI RI SCORTAL,SSI RI SCORTAL
SSI,SSI
ESRD WITH THROMBOSED AVF,ESRD WITH THROMBOSE AVF
ORCHITIS,ORCHITIS
RT UC DJ STENT,LT UC DJ STENT
RT UC WITH SEPSIS S P RT DJ STENT,RT UC WITH SEPSIS S P RT DJ STENT
LT UPJ STONE,LT UPJ STONE
R O CA PROSTATE C URINARY RETENTION,R O CA PROSTATE C URINARY RETENTION
HEMORRHOID C ANAL PAIN,HEMORRHOID C ANAL PAIN
RUPTURE DIVER S P SX,RUPTURE DIVER S P SX
CHRONIC DYSPEPSIA HX LGIB,LGIH CHRONIC DYSPEPSIA
R O CA ASCENDING COLOM,R O CA ASCENDING COLON
CA SIGMOID S P LAP AR,SIGMOID CANCER S P LAP AR
COLONIC MASS,COLONIC MASS
CA RECTOSIGMOID S P COLOSTOMY,CA RECTOSIGMOID S P COLOSTOMY
LGIB BHC,BHC LGIB
CA SIGMOID C INVADE BLADDER,CA SIGMOID C INVADE BLADDER
LEFT INDIRECT INGUINAL HERNIA,RT INDIRECT INGUINAL HERNIA
OLGIVIE R O MECHANICAL OBSTRUCTION,OLGIVIE R O MECHANICAL OBSTRUCTION
RT BREAST MASS R3 PALPABLE,RT BREAST MASS R3 PALPABLE
SYMPTOMATIC GALLBLADDER POLYPS,SYMPTOMATIC GALLBLADDER POLYPS
CBD INJURY,CBD INJURY
LEFT PAROTID MASS AND THYROID NODULE,LEFT PAROTID MASS AND THYROID NODULE
PERFRATED RECTAL CANCER S P SIGMOID COLOSTOMY S P CCRT,PERFORATE RECTAL CANCER S P SIGMOID COLOSTOMY S P CCRT
CA BREAST WITH ANEMIA LOWER GI BLEEDING,CA BREAST WITH ANEMIA LOWER GI BLEEDING
ANAL PAPILLAE,ANAL PAPILLAE
UC C PERFORATION S P TOTAL PROCTOCOLECTOMY C IPAA C PROTECTIVE ILEOSTOMY,UC C PERFORATION S P TOTAL PROCTOCOLECTOMY C IPAA C PROTECTIVE ILEOSTOMY
CA RECTUM S P SX C HIGH CEA,CA RECTUM S P SX C HIGH CEA
CHRONIC DYSPEPSIA CONSTIPATIONS,CHRONIC DYSPEPSIA CONSTIPATIONS
DESCENDING COLON STRICTURE S P COLONIC STENT,DESCENDING COLON STRICTURE S P COLONIC STENT
AVF STENOSIS SWING VEIN STENOSIS,AVF STENOSIS SWING VEIN STENOSIS
CRBSI AT RT IJV > CLINICAL IMPROVED,CRBSI AT RT IJV > CLINICAL IMPROVED
ESRD WITH VENOUS ANASTOMOSIS STENOSIS,ESRD WITH VENOUS ANASTOMOSIS STENOSIS
CVI C5 LT LEG C4A RT LEG,CVI C5 LT LEG C4A RT LEG
HIGH PSA 105 6,HIGH PSA 12 6
LUTS BPH R O URETHRAL STRICTURE,LUTS BPH R O URETHRAL STRICTURE
ENOUGH CHILD WITH PHIMOSIS,ENOUGH CHILD WITH PHIMOSIS
RT KIDNEY ABSCESS,RT KIDNEY ABSCESS
MCN AT TAIL OF PANCREAS,MCN AT TAIL OF PANCREAS
PTC AT LT LOBE,PTC AT LT LOBE
SECONDARY HYPER PARATHYROID S P TOTAL PARATHYROIDECTOMY,SECONDARY HYPER PARATHYROID S P TOTAL PARATHYROIDECTOMY
CA SIGMOID WITH VESICOENTERIC FISTULA,CA SIGMOID WITH VESICOENTERIC FISTULA
RECURRENCE LT DIH,RECURRENCE LT DIH
BILAT DIH RECURRENCE RT DIH,BILAT DIH RECURRENCE RT DIH
LEFT BREAST CANCER S P NEOADJUVANT CHEMOTHERAPY,LEFT CA BREAST S P NEOADJUVANT CHEMOTHERAPY
RT RECURRENT SPPONTANEOUS PNEUMOTHORAX,LT SPONTANEOUS PNEUMOTHORAX RECURRENT
RML MASS,RML MASS
RT LOWER LUNG MASS R O CA LUNG,RT LOWER LUNG MASS R O CA LUNG
RECURRENT SPONTANEOUS PNEUMOTHORAX RT,LT SPONTANEOUS PNEUMOTHORAX RECURRENT
REDUNDANT PREPUCE PHIMOSIS AND PARAPHIMOSIS UNDESCENDED TESTICLE BILATERAL,REDUNDANT PREPUCE PHIMOSIS AND PARAPHIMOSIS UNDESCENDED TESTICLE BILATERAL
GRAVES' DISEASE WITH COLD NODULE WITH LEFT 1ST HPTH,GRAVES' DISEASE WITH COLD NODULE WITH LEFT 1ST HPTH
LEFT NECK MASS S P CNB AND INCISIONAL BIOPSY,LEFT NECK MASS S P CNB AND INCISIONAL BIOPSY
SECONDARY HYPERPARATHYROIDISM WITH BONE PAIN,SECONDARY HYPERPARATHYROIDISM WITH BONE PAIN
LARGE RIGHT NECK MASS,LARGE RIGHT NECK MASS
INFECTED VICRYL AT NECK WOUND S P DEBRIDEMENT AND REMOVED FOREIGN BODY,INFECTED VICRYL AT NECK WOUND S P DEBRIDEMENT AND REMOVED FOREIGN BODY
PERSISTENT HYPERPARATHYROIDISM,PERSISTENT HYPERPARATHYROIDISM
SSI RT SCOTUM,SSI RT SCOTUM
POLYP AT RECTOSIGMOID COLON,POLYP AT RECTOSIGMOID COLON
รNFECTED WOUND AT COCCYX,รNFECTED WOUND AT COCCYX
INFECTED BEDSORE GRADE3,INFECTED BEDSORE GRADE3
ABNOMAL WEIGHT LOSS,ABNORMAL WEIGHT LOSS
LUOQ MASS RUOQ CALCIFICATION,LUOQ MASS RUOQ CALCIFICATION
INFECTED THROMBOSE ANEURYSM LEFT UPPER ARM,INFECTED THROMBOSE ANEURYSM LEFT UPPER ARM
URETRAL STRICTURE BPH,URETRAL STRICTURE BPH
BLADDER CANCER,BLADDER CANCER
GROSS HEMATURIA WITH MICROPENIS,GROSS HEMATURIA WITH MICROPENIS
SUBMENTAL LN,SUBMENTAL LN
CHRONIC SEROUS OTITIS MEDIA LT,CHRONIC SEROUS OTITIS MEDIA LT
DCIS OF LEFT BREAST WITH PREMALIGNANT LESION OF RIGHT BREAST,DCIS OF LEFT BREAST WITH PREMALIGNANT LESION OF RIGHT BREAST
DYSPEPSIA NOT IMPROVED,DYSPEPSIA NOT IMPROVED
LARGE LIPOMA RIGHT UPPER BACK,LARGE LIPOMA RIGHT UPPER BACK
HX OF SMALL BOWEL OBSTRUCTION VIRGIN ABD,HX OF SMALL BOWEL OBSTRUCTION VIRGIN ABD
CA BREAST S P MASTECTOMY,CA BREAST S P MASTECTOMY
ESRD TCC LT IJV,ESRD ON TCC LT IJV
PRIMARY HPTH WITH HYPERCALCEMIA AT LEFT LOWER GLAND,PRIMARY HPTH WITH HYPERCALCEMIA AT LEFT LOWER GLAND
CVI C4BEPASPR BOTH LEGS,CVI C4BEPASPR BOTH LEGS
MULTIPLE NODULAR GOITER,MULTINODULAR GOITER
CA SIGMOID COLON S P COLONIC STENT,CA SIGMOID COLON S P COLONIC STENT
GB POLYP WITH SYMPTOM,GB POLYP WITH SYMPTOM
SUSPECTED PTC,SUSPECTED PTC
DISTAL TRANSVERSE COLON MASS R O CANCER,DISTAL TRANSVERSE COLON MASS R O CANCER
LARGE RT THYROID NODULE C COMPRESSIVE SYMPTOM,LARGE RT THYROID NODULE C COMPRESSIVE SYMPTOM
RSIDUAL NECK NODE CA THYROID,RSIDUAL NECK NODE CA THYROID
DRY GANGRENE AT RT INDEX AND MIDDLE PHALANX,DRY GANGRENE AT RT INDEX AND MIDDLE PHALANX
PAROTID MASS,RT PAROTID MASS
POST KIDNEY TRANSPLANT,S P KIDNEY TRANSPLANT
LT OPAQUE RC INVOLVE PROXIMAL URETER,LT OPAQUE RC INVOLVE PROXIMAL URETER
R O CA BLADDER WITH CLOT RETENTION,R O CA BLADDER WITH CLOT RETENTION
URETHRAL STRICTURE S P INTERNAL URETHROTOMY,URETHRAL STRICTURE S P INTERNAL URETHROTOMY
L345 C L4 5 COMPRESSION,L345 C L4 5 COMPRESSION
L4 5 SPONDYLOSIS WITH RADICULOPATHY,L4 S1 SPONDYLOSIS WITH RADICULOPATHY
RT CEREBELLAR TUMOR,CEREBELLAR TUMOR
L 4 5 STENOSIS,L3 4 5 STENOSIS
L2 3 4 5 S 1SPONDYLOSIS ADJACENT L234,L2 3 4 5 S 1SPONDYLOSIS ADJACENT L234
RECURRENT FRONTAL GLIOMA,RECURRENT FRONTAL GLIOMA
C SPONDYLOSIS MYELOPATHY C3 4 C4 5 C5 6,C SPONDYLOSIS MYELOPATHY C3 4 C4 5 C5 6
GRANULATION AT TRACHEOSTOMY STROMA,GRANULATION AT TRACHEOSTOMY STROMA
RECURENT RT NASAL POLYP,RECURENT RT NASAL POLYP
R O LEFT ANTROCHOANAL POLYP,R O LEFT ANTROCHOANAL POLYP
RT MCA INFRACTION C PROLONG INTUBATION,RT MCA INFRACTION C PROLONG INTUBATION
CAPSULAR CPNTRACTURE BOTH BREAST,CAPSULAR CPNTRACTURE BOTH BREAST
LEFT EAR LOBE MASS,LEFT EAR LOBE MASS
MULTIPLE SKIN TAG AT PERIORBITAL AREA,MULTIPLE SKIN TAG AT PERIORBITAL AREA
WART AT RIGHT EYEBROW,WART AT RIGHT EYEBROW
INFECTED RT DM FOOT S P DB AMPUTATION,INFECTED RT DM FOOT S P DB AMPUTATION
LT DISTAL UC S P LT URSL DJ STENT,LT DISTAL UC S P LT URSL DJ STENT
CHRONIC WOUND AT PENIS,CHRONIC WOUND AT PENIS
CA CECAL S P LAP RHC WITH LGIB R O RECURRENT CANCER,CA CECAL S P LAP RHC WITH LGIB R O RECURRENT CANCER
PRE SCRAL COLLECTION WITH COLOANAL ANASTOMOSTIC LEAKAGE AND ANAL STENOSIS,PRE SCRAL COLLECTION WITH COLOANAL ANASTOMOSTIC LEAKAGE AND ANAL STENOSIS
CORD TUMOR C3 4,CORD TUMOR C3 4
CHRONIC RT SDH,RT CHRONIC SDH
CEREBELLA ARACHANOID CYST,CEREBELLA ARACHANOID CYST
CORD TUMOR C2 4,CORD TUMOR C3 4
LOCALIZED ENLARGED LYMPH NODES INFECTED SUPRACLAVICULAR LN,LOCALIZED ENLARGED LYMPH NODES INFECTED SUPRACLAVICULAR LN
COMBINED HEMORRHOIDS,COMBINED HEMORRHOID
RT UPPER UC HIGH PSA,RT UPPER UC HIGH PSA
RT TCC KIDNEY,RT TCC KIDNEY
RT URETER STENOSIS WITH COMPLICATED UTI,RT URETER STENOSIS WITH COMPLICATED UTI
PSA 351,PSA 351
LEFT EPIDEUMAL MASS,LEFT EPIDEUMAL MASS
MULTIPLE VC,MULTIPLE VC
RECURENT UTI,RECURRENT UTI
LT NON OPAQUE 5 MM PROXIMAL UC,LT NON OPAQUE 5 MM PROXIMAL UC
CONTRACEPTIVE MANAGEMANT,CONTRACEPTIVE MANAGEMENT
LT URETERAL CALCULUS,LT URETERAL CALCULUS
POLYP AT DESCENDING COLON,POLYP AT DESCENDING COLON
FECAL INCONTINECE,FECAL INCONTINECE
TVA POLYP AT DESCENDING COLON,POLYP AT DESCENDING COLON
RUPTURED SIGMOID DIVERTICULITIS S P OPEN SIGMIDECTOMY PROXIMAL TRANSVERSE COLOSTOMY,RUPTURED SIGMOID DIVERTICULITIS S P OPEN SIGMIDECTOMY PROXIMAL TRANSVERSE COLOSTOMY
RISING CEA LEVEL,RISING CEA LEVEL
CVI C4A AT RT LEG,CVI C4A AT RT LEG
R O RT AVF OUTFLOW STENOSIS,R O RT AVF OUTFLOW STENOSIS
CVI C4AS,CVI C4AS
CHRONIC UC,CHRONIC UC
SURVEILLANCE CA LOWER RECTUM S P LAPLAR WITH CAA,SURVEILLANCE CA LOWER RECTUM S P LAPLAR WITH CAA
HX LGIH,HX LGIH
CA SIGMOID S P AR,CA SIGMOID S P AR
CA COLON S P COLECTOMY,CA COLON S P COLECTOMY
SURVELLIANCE CA,SURVELLIANCE CA
CONSTIPATION BOWEL HABIT CHANGE,CONSTIPATION C BOWEL HABIT CHANGE
LGIB INTERNAL HEMORRHOID,INTERNAL HEOMORRHOID LGIB
ANAL INJURY,ANAL INJURY
SMALL BOWEL MASS,SMALL BOWEL MASS
PELVIC FLOOR DESCENT,PELVIC FLOOR DESCENT
INTERNAL HEMORRHOID GRADE3,INTERNAL HEMORRHOID GRADE 3
CA SIGMOID WITH LIVER AND LUNG METASTASIS,CA SIGMOID WITH LIVER AND LUNG METASTASIS
PERFORATE CA STOMACH,PERFORATE CA STOMACH
LGIB R O CANCER,LGIH R O CANCER
COMPARTMENT SYNDROME RT ARM S P FASCIOTOMY,COMPARTMENT SYNDROME S P FASCIOTOMY
SIGMIOD CANCER WITH CRLM S P SIGMIDECTOMY WITH WEDGE BLADDER,SIGMIOD CANCER WITH CRLM S P SIGMIDECTOMY WITH WEDGE BLADDER
GRAVES'S C BILAT THYROID NODULE,GRAVES'S C BILAT THYROID NODULE
DCIS C MASS LT,DCIS C MASS LT
HX OF UPPER RECTAL POLYP CONSTIPATION,HX OF UPPER RECTAL POLYP CONSTIPATION
RECURRENT CA COLON,RECURRENT CA COLON
CA DESCENDING COLON S P COLONIC STENT,CA DESCENDING COLON S P COLONIC STENT
COMBINED HEMORRHOID SKIN TAG LEFT THIGH,COMBINED HEMORRHOID SKIN TAG LEFT THIGH
LT AVBG STENOSIS,LT AVBG STENOSIS
AVF STENOSIS INFLOW,INFLOW STENOSIS RT AVF
ESRD WITH ANEURYMS AT AVF LT WRIST,ESRD WITH ANEURYMS AT AVF LT WRIST
S P AVF LT CUBITAL WITH SWING VEIN STENOSIS,S P AVF LT CUBITAL WITH SWING VEIN STENOSIS
ESRD R O LT CEPHALIC ARCH STENOSIS,ESRD R O LT CEPHALIC ARCH STENOSIS
CLI RT LEG WITH GANGRENE OF RT 2ND TOE,CLI RT LEG WITH GANGRENE OF RT 2ND TOE
SECONDARY SPONTANEOUS RIGHT PNEUMOTHORAX,SECONDARY SPONTANEOUS RIGHT PNEUMOTHORAX
SPONTANEOUS RT PNEUMOTHORAX,RT SPONTANEOUS PNEUMOTHORAX
LT LOWER LUNG NODULE R O METASTATIC CA CAECUM,LT LOWER LUNG NODULE R O METASTATIC CA CAECUM
BED SORE AT COCCYX,BED SORE AT COCCYX
SUBSIDED RIGHT SIDE COLITIS,SUBSIDED RIGHT SIDE COLITIS
DM FOOT LT LEG,DM FOOT LT LEG
GROSS HEMATURIA R O URETHRAL INJ,GROSS HEMATURIA R O URETHRAL INJ
CA PENIS,CA PENIS
OSTEOMYELITIS RIGHT SECOND TOE,OSTEOMYELITIS RIGHT SECOND TOE
PYOMYOCITIS AT RT THIGH,PYOMYOCITIS AT RT THIGH
DISTAL CBD OBSTRUCTION,DISTAL CBD OBSTRUCTION
CA RECTUM S P LAR C CAA C DIVERTED LOOP PROXIMAL TRANSVERSE COLOSTOMY,CA RECTUM S P LAR C CAA C DIVERTED LOOP PROXIMAL TRANSVERSE COLOSTOMY
INFECTED HEMATOMA AT RT THIGH,INFECTED HEMATOMA AT RT THIGH
GIANT ANEURYSM LEFT ARM,GIANT ANEURYSM LEFT ARM
ESRD > R O CEPHALIC V STENOSIS,ESRD > R O CEPHALIC V STENOSIS
CA HEPATIC FLEXURE S P LAP ERH,CA HEPATIC FLEXURE S P LAP ERH
CVI C2 WITH SYMPTOMATIC,CVI C2 WITH SYMPTOMATIC
GS WITH CHRONIC CHOLECYSTITS,LARGE GS WITH CHRONIC CHOLECYSTITIS
BOWEL HABIT CHANGE WITH HEMATOCHEZIA,BOWEL HABIT CHANGE WITH HEMATOCHEZIA
LT CA BREAST C AXILLARY LN METASTASIS,LT CA BREAST C AXILLARY LN METASTASIS
GASTRIC MASS,GASTRIC MASS
PROXIMAL DESCENDING COLON CANCER S P COLONIC STENT,PROXIMAL DESCENDING COLON CANCER S P COLONIC STENT
S P PARATHYROIDECTOMY WITH AUTOTRANSPLANTATION RIGHT FOREARM,S P PARATHYROIDECTOMY WITH AUTOTRANSPLANTATION RIGHT FOREARM
ESOPHAGEAL INJURY WITH DIFFICULTY WEANING ENDOTRACHEAL TUBE,ESOPHAGEAL INJURY WITH DIFFICULTY WEANING ENDOTRACHEAL TUBE
MD IPMN,MD IPMN
LT THYROID NODULES BENIGN,LT THYROID NODULES BENIGN
ESRD ON TK INSERTION,ESRD ON TK INSERTION
RT THYROID NODULE 3 CM,RT THYROID NODULE 3 CM
GRAVES DISEASE WITH COLD NODULE,GRAVES DISEASE WITH COLD NODULE
ESRDS,ESRD
BOWEL ILEUS,BOWEL ILEUS
VARICOSE VEIN BOTH LEGS,VARICOSE VEIN BOTH LEGS
LUMBAR SPODYLOLITHESIS L5 S1,LUMBAR SPODYLOLITHESIS L5 S1
BRAIN TUMOR RIGHT FRONTAL LOBE,BRAIN TUMOR RIGHT FRONTAL LOBE
COMPRESSION FRACTURE T12 WITH HNP L3 4 L4 5 WITH SPONDYLOLISTHESIS L4 5,COMPRESSION FRACTURE T12 WITH HNP L3 4 L4 5 WITH SPONDYLOLISTHESIS L4 5
HNP L5 S1 LT,HNP L5 S1 LT
LT FRONTAL LOBE TUMOR,LT FRONTAL LOBE TUMOR
LARGE INCISIONAL HERNIA,LARGE INCISIONAL HERNIA
UMBILICAL HERNIA WITH OBSTRUCTION WITHOUT GANGRENE,UMBILICAL HERNIA WITH OBSTRUCTION WITHOUT GANGRENE
ABNORMAL PLEOMORPHIC MICROCALCIFICATION OF RT BREAST,ABNORMAL PLEOMORPHIC MICROCALCIFICATION OF RT BREAST
RT BREAST MASS WITH PAIN,RT BREAST MASS WITH PAIN
PAPILLARY THYROID CANCER S P OPEN RIGHT THYROID LOBECTOMY AND ISTHMECTOMY,PAPILLARY THYROID CANCER S P OPEN RIGHT THYROID LOBECTOMY AND ISTHMECTOMY
GALLSTONE ILEUS,GALLSTONE ILEUS
GALLSTONE S P EXPLORE LAP,GALLSTONE S P EXPLORE LAP
INFECTED STUMP AT LT BIG TOE,INFECTED STUMP AT LT BIG TOE
RT THYROID NODULE TIRADS5,RT THYROID NODULE TIRADS5
RECURRENT IIH,RECURRENT LT IIH
SYMPTOMATIC GALLSTONE POLYPS,SYMPTOMATIC GALLSTONE POLYPS
STENOSIS OF LACRIMAL PASSAGE,STENOSIS OF LACRIMAL PASSAGE
FB AT PHARYNX,FB AT OROPHARYNX
LT TONSIL MASS,LT TONSIL MASS
RT CHRONIC SINUSITIS,CHRONIC SINUSITIS
DNS RT C ITHT,DNS RT ITHT
RECURRENT CRS WITH NP,RECURRENT CRS WITH NP
LIPOMA AT BACK 12 CM,LIPOMA AT BACK 12 CM
PROGESSIVE DYSPHAGIA,PROGESSIVE DYSPHAGIA
CHOLANGITIS WITH PASSING CBD STONE WITH ACUTE PANCREATITIS,CHOLANGITIS WITH PASSING CBD STONE WITH ACUTE PANCREATITIS
LT TRANSVERSE SINUS THROMBOSIS WITH HEMORRHAGIC TRANSFORMATION POST LT CRANIECTOMY,LT TRANSVERSE SINUS THROMBOSIS WITH HEMORRHAGIC TRANSFORMATION POST LT CRANIECTOMY
LSPONDYLOSIS L4 5,L4 5 SPONDYLOSIS
ATTENTION TO TRACHEOSTOMY,ATTENTION TO TRACHEOSTOMY
SPONDYLOSIS L3 4 5 S P L4 5 WITH ADJECENT LEVEL L3 4,SPONDYLOSIS L3 4 5 S P L4 5 WITH ADJECENT LEVEL L3 4
CERVICAL SPONDYLOSIS C5 6,CERVICAL SPONDYLOSIS C5 6
SPINAL STENOSIS L3 4,L4 5 SPINAL STENOSIS
INTRADURAL CORD TUMOR T11,INTRADURAL CORD TUMOR T11
RUPTURE SIGMOID DIVERTICULITIS WITH PERITONITIS,RUPTURE SIGMOID DIVERTICULITIS WITH PERITONITIS
SSI RIGHT SCROTUM,SSI RIGHT SCORTUM
DCIS LT BREAST S P WIDE EXCISION,LEFT CA BREAST S P WIDE EXCISION
SEBACIOUS AT SCALP,SEBACIOUS AT SCALP
SCC AT NOSE,SCC AT NOSE
LOW PROFILE NOSE LOW PROFILE CHIN,LOW PROFILE NOSE LOW PROFILE CHIN
SKIN TAG RT EYELID,SKIN TAG RT EYELID
BLACK GIANT HAIRY MASS RT ARM,BLACK GIANT HAIRY MASS RT ARM
INCLUSION CYST*2,INCLUSION CYST
VP SHUNT INFECTION,VP SHUNT INFECTION
CA TONGUE,CA TONGUE
DNS WITH INFERIOR TURBINOPLASY,DNS WITH INFERIOR TURBINOPLASY
CHRONIC RESPIRATORY FAILURE C RT LUNG ATELECTASIS,CHRONIC RESPIRATORY FAILURE C RT LUNG ATELECTASIS
KELOID LT PINNA,KELOID LT PINNA
CRS C NASAL POLYP,CRS C NASAL POLYP
PNEUMONIA C SECRETION OBTRUCTION,PNEUMONIA WITH SECRETION OBSTRUCTION
CA RT EAC T4N0,CA RT EAC T4N0
CLI AT RT FOOT S P AMPUTATION,CLI AT RT FOOT S P AMPUTATION
LARGE LIPOMA LT SHOULDER,LARGE LIPOMA AT RT SHOULDER
LIPOMA RT HAND,LIPOMA RT HAND
LIPOMA AT HEAD,LIPOMA AT HEAD
NF RT LEG S P FASIOTOMY DEBRIDEMENT,NF RT LEG S P DEBRIDEMENT FASCIOTOMY
ESRD WITH ANEURYSM AT LT AVF,ESRD WITH ANEURYSM AT LT AVF
INFECTED PRESSURE SORE,INFECTED PRESSURE SORE
INTRADURAL MASS T1 3,INTRADURAL MASS T1 3
GROWING SKULL FRACTURE WITH FRONTAL PSEUDOMEMNINGOCELE,GROWING SKULL FRACTURE WITH FRONTAL PSEUDOMEMNINGOCELE
RT FALCINE MENINGIOMA WITH BRAIN METASTASIS,RT FALCINE MENINGIOMA WITH BRAIN METASTASIS
ICH WITH COMMUNICATIONG HYDROCEPHALUS,ICH WITH COMMUNICATIONG HYDROCEPHALUS
BLEEDING LEFT PARITAL TUMOR,BLEEDING LEFT PARITAL TUMOR
R O RECURRENT CA COLON,R O RECURRENT CA COLON
CA CECUM S P SUBTOTAL COLECTOMY C ANAL STRICTURE CPRESACRAL COLLECTION,CA CECUM S P SUBTOTAL COLECTOMY C ANAL STRICTURE CPRESACRAL COLLECTION
CA ESOPHAGUS S P ESOPHAGECTOMY,CA ESOPHAGUS S P ESOPHAGECTOMY
EXTERNAL HEMORRHOID WITH HX LGIB,EXTERNAL HEMORRHOID WITH HX LGIB
CA DESCENDING COLON S P LAP LHC,CA DESCENDING COLON S P LAP LHC
CA ASCENDING AND TRANSVERSE COLON S P RIGHT HEMICOLECTOMY,CA ASCENDING AND TRANSVERSE COLON S P RIGHT HEMICOLECTOMY
RECTAL INJ S P COLOSTOMY,RECTAL INJ S P COLOSTOMY
SURVEILLANCE CA SIGMOID S P LAR,SURVEILLANCE CA SIGMOID S P LAR
CHRONIC GASTRITIS,CHRONIC GASTRITIS
MASS,MASS
LT RENAL MASS WITH HIGH PSA,LT RENAL MASS WITH HIGH PSA
RECURERNT CA BLADDER,RECURRENT CA BLADDER
PARAFFINOMA WITH CONTRACEPTIVE MANAGEMENT,PARAFFINOMA WITH CONTRACEPTIVE MANAGEMENT
PROSTATIC ABSCESS WITH URETHRAL STRICTURE,PROSTATIC ABSCESS WITH URETHRAL STRICTURE
CA BLADDER T1 HIGH GRADE,CA BLADDER HIGH GRADE
RT UC WITH HIGH PSA S P URETEROLITHOTOMY RT TRUS BX RT DJ STENT,RT UC WITH HIGH PSA S P URETEROLITHOTOMY RT TRUS BX RT DJ STENT
RT EIDIDYMAL MASS,RT EIDIDYMAL MASS
BPH ON FOLEY,BPH ON FOLEY
CONTRACTURE BLADDER NECK WITH SMALL VC,CONTRACTURE BLADDER NECK WITH SMALL VC
CA RECTOSIGMOID S P STENT,CA RECTOSIGMOID S P SX
POLYPOSIS COLI,POLYPOSIS COLI
CA SIGMOID S P OPEN SIGMOIDECTOMY WITH PROXIMAL LOOP TRANSVERSE COLOSTOMY,CA SIGMOID S P OPEN SIGMOIDECTOMY WITH PROXIMAL LOOP TRANSVERSE COLOSTOMY
CA LOW RECTUM WITH VAIGNAL INVASION GS S P CHEMOPORT,CA LOW RECTUM WITH VAIGNAL INVASION GS S P CHEMOPORT
CONCEAL PERFORATED CA RECTUM,CONCEAL PERFORATED CA RECTUM
CVI C4C OF LT LEG,CVI C4C OF LT LEG
GROSS HEMATURIA WITH TCC OF KIDNEYS,GROSS HEMATURIA WITH TCC OF KIDNEYS
POSTERIOR BLADDER MASS,POSTERIOR BLADDER MASS
RT COMPLETE URETERIC INJURY,RT COMPLETE URETERIC INJURY
R O BLADDER TUMOR S P PROSTATIC STENT,R O BLADDER TUMOR S P PROSTATIC STENT
KIDNEY TRANSPLANT STATUS,KIDNEY TRANSPLANT STATUS
RT RENAL STONE,RT RENAL STONE
AUR WITH FAILED CATHERIZATION,AUR WITH FAILED CATHERIZATION
S P EXP RHC,S P EXP RHC
RT SIDED DIVERTICULITIS DYSPEPSIA,RT SIDED DIVERTICULITIS DYSPEPSIA
DESCENDING COLON POLYP,POLYP AT DESCENDING COLON
TCC MALFUNCTION,MALFUNCTION TCC
CTLI AT LT LEG,CTLI LT LEG
DISTAL RT SFA TO PTA OCCLUSION,DISTAL RT SFA TO PTA OCCLUSION
R O VENOUS ANASTOMOSIS STENOSIS,R O VENOUS ANASTOMOSIS STENOSIS
INTRAGRAFT STENOSIS AT AVBG LT UPPER ARM,INTRAGRAFT STENOSIS AT AVBG LT UPPER ARM
CKD STAGE 5 CHF,CKD STAGE 5 CHF
INFECT AVBG LT UPPERARM,INFECT AVBG LT UPPERARM
LT LOWER LUNG MASS,LT LOWER LUNG MASS
DYSPHAGIA SIGNIFICANT WEIGHT LOSS,DYSPHAGIA WITH SIGNIFICANT WEIGHT LOSS
LGIB WITH HYPOVOLUMIC SHOCK,LGIB WITH HYPOVOLUMIC SHOCK
CA UPPER MID RECTUM S P CCRT,CA UPPER MID RECTUM S P CCRT
ABDOMINAL PAIN STRONG FAMILY HISTORY OF CRC,ABDOMINAL PAIN STRONG FAMILY HISTORY OF CRC
LGIB R O CA RECTUM,LGIB R O CA RECTUM
ANAL CANAL POLYP S P EMR NOT COMPLETE EXCISED,ANAL CANAL POLYP S P EMR NOT COMPLETE EXCISED
CA SIGMOID C INVADE BLADDER C INVADE ABDOMINAL WALL,CA SIGMOID C INVADE BLADDER C INVADE ABDOMINAL WALL
CA COLON S P LAR,CA COLON S P LAR
GALL BLADDER CANCER,GALL BLADDER CANCER
CA ESOPHAGUS S P ESOPHAGECTOMY C STENT,CA ESOPHAGUS S P ESOPHAGECTOMY
RECURRENT CA HEPATIC FLEXURE,RECURRENT CA HEPATIC FLEXURE
ALI RT LEG S P THROUGH KNEE AMPUTATION RT LEG,ALI RT LEG S P THROUGH KNEE AMPUTATION RT LEG
RT PALPABLE BREAST MASS R10 FIBROADENOMA,RT PALPABLE BREAST MASS R10 FIBROADENOMA
RT BREAST CANCER R11,RT BREAST CANCER R11
LIPOMA AT RT SHOULDER,LIPOMA AT RT SHOULDER
RIGHT BREAST CA R11,RIGHT CA BREAST
BRAIN STEM HEMORRHAGE C PROLONG INTUBATION,BRAIN STEM HEMORRHAGE C PROLONG INTUBATION
RT BREAST MASS PALPABLE R3,RT BREAST MASS R3 PALPABLE
THROMBOSE TB2 LT ARM,THROMBOSE TB2 LT ARM
DM FOOT S P TRANSMETATARSAL AMPUTATION,DM FOOT S P TRANSMETATARSAL AMPUTATION
CVI C3S,CVI C3S
LT SUBCLAVIAN VEIN STENOSIS ISR,LT SUBCLAVIAN VEIN STENOSIS ISR
MALFUNCTION TCC RT CFV,MALFUNCTION TCC RT IJV
DISTAL CEPHALIC ARCH STENOSIS,DISTAL CEPHALIC ARCH STENOSIS
RIGHT LOWER LUNG MASS,RIGHT LOWER LUNG MASS
PERICARDIAL MASS,PERICARDIAL MASS
CA SIGMOID S P AP SIGMOIDECTOMY,CA SIGMOID S P LAP SIGMOIDECTOMY
DYSPHGIA,DYSPHAGIA
DYSPHAGIA U D SCLERODERMA,DYSPHAGIA U D SCLERODERMA
LYMPHADENOPATHY UNKNOWN PRIMARY,LYMPHADENOPATHY UNKNOWN PRIMARY
ESRD S P DLC LT GROIN,ESRD S P DLC LT GROIN
LT CA BREAST S P LT BCT SLND RE WIDE EXCISION,LT CA BREAST S P LT BCT SLND RE WIDE EXCISION
PYOMYOSITIS S P DEBRIDEMENT,PYOMYOSITIS S P DEBRIDEMENT
PYOMYOSITIS RT THIGH C LT LEG,PYOMYOSITIS RT THIGH C LT LEG
MULTIFOCAL MICRO PTC S P TOTAL THYROIDECTOMY,MULTIFOCAL MICRO PTC S P TOTAL THYROIDECTOMY
CBD STONE C GS,CBD STONE C GS
CLI LEFT FOOT C RIGHT CFA C SFA STENOSIS C SEVERE CALCIFICATION OF RIGHT SFA,CLI LEFT FOOT C RIGHT CFA C SFA STENOSIS C SEVERE CALCIFICATION OF RIGHT SFA
CA SIGMOID WITH LIVER MET,CA SIGMOID WITH LIVER MET
RLL MASS R O COLORECTAL LUNG METASTASIS,RLL MASS R O COLORECTAL LUNG METASTASIS
PDA,PDA
HNP L5 S1 S P L3 4 5 FIXATION,HNP L5 S1 S P L3 4 5 FIXATION
LEFT TEMPORAL MASS EXTRACRANIAL DDX TUMOR STA ANEURYSM,LEFT TEMPORAL MASS EXTRACRANIAL DDX TUMOR STA ANEURYSM
CHRONIC SUBDURAL HEMATOMA LEFT,CHRONIC LT SUBDURAL HEMATOMA
CBD STONE WITH ACUTE CHOLANGITIS,CHOLANGITIS WITH CBD STONE
LT BREAST MASS LUOQ L2,LT BREAST MASS LUOQ L2
GS CBD STONE S P ERCP,CBD STONE S P ERCP
RETAINED SUTURE MATERIAL คนไข้แพ้ปมไหม,RETAINED SUTURE MATERIAL คนไข้แพ้ปมไหม
S P LEFT PARTIAL THYROIDECTOMY WITH SUSPICIOUS FOR THYROID CANCER AT RIGHT THYROID LOBE,S P LEFT PARTIAL THYROIDECTOMY WITH SUSPICIOUS FOR THYROID CANCER AT RIGHT THYROID LOBE
R O TERTIARY HYPERPARATHYROIDISM S P LEFT UPPER PARATHYROIDECTOMY,R O TERTIARY HYPERPARATHYROIDISM S P LEFT UPPER PARATHYROIDECTOMY
CA ESOPHAGUS WITH LUNG ABSCESS S P PCD,CA ESOPHAGUS WITH LUNG ABSCESS S P PCD
2ND HPTH WITH SEVERE BONE PAIN,2ND HPTH WITH SEVERE BONE PAIN
MULTIPLE THYROID NODULES WITH COMPRESSIVE SYMPTOM,MULTIPLE THYROID NODULES WITH COMPRESSIVE SYMPTOM
MULTIPLE TRAUMA S P EL ABDOMINAL PACKING C SPLENECTOMY C TEMPORARY CLOSURE,MULTIPLE TRAUMA S P EL ABDOMINAL PACKING C SPLENECTOMY C TEMPORARY CLOSURE
GS,GS
CARDIAC TEMPONADE,CARDIAC TEMPONADE
SGS CBD STONE S P ERCP,CBD STONE S P ERCP
HNP C3 6,HNP C3 6
CHRONIC SUBDURAL HEMORRHAGE,LT CHRONIC SUBDURAL HEMORRAHGE
COMMUNICATING HYDROCEPHALUS PROLONGED INTUBATION,COMMUNICATING HYDROCEPHALUS PROLONGED INTUBATION
PARIEOTEMPORAL HEMORRHAGE C PROLONG INTUBATION,PARIEOTEMPORAL HEMORRHAGE C PROLONG INTUBATION
CA HEPATIC FLEXOR S P LAP EXTENDED RHC,CA HEPATIC FLEXOR S P LAP EXTENDED RHC
MULTIPLE TRAUMA S P EL WITH ABDOMINAL PACKING WITH SPLENECTOMY WITH TEMPORARY CLOSURE,MULTIPLE TRAUMA S P EL ABDOMINAL PACKING C SPLENECTOMY C TEMPORARY CLOSURE
RT INGUINAL HERNIA LT SIDE,RT INGUINAL HERNIA LT SIDE
R O GERD,R O GERD
CLI LT FOOT,CLTI LT FOOT
INCIONAL HERNIA,INCISIONAL HERNIA
RT DIRECT INGUINAL HERNIA,RT DIRECT INGUINAL HERNIA
CCA C POOR INTAKE,CCA C POOR INTAKE
R O HIATAL HERNIA,R O HIATAL HERNIA
LARGE LIPOMA AT NECK,LARGE LIPOMA AT NECK
BENIGN BILAT THYROID NODULE,LT THYROID NODULES BENIGN
SPONDYLOSIS C4 5 6,C4 5 6 7 SPONDYLOSIS
R O CA RECTOSIGMOID WITH OBSTRUCTION,R O CA RECTOSIGMOID WITH OBSTRUCTION
CA RECTOSIGMOID S P HARTMANN,CA RECTOSIGMOID S P HARTMANN
SIMPLE SNORING WITH ITH,SIMPLE SNORING WITH ITH
MASS AT LT ARM,MASS AT LT ARM
BURN ต้นแขนซ้าย,BURN ต้นแขนซ้าย
INFECTED IMPLAN SILICONE AT NOSE,INFECTED IMPLAN SILICONE AT NOSE
L3 4 5 S1 SPONDYLOSIS,L3 4 5 S1 SPONDYLOSIS
LEFT CEREBELLAR MASS,LEFT CEREBELLAR MASS
SAH WITH PNEUMOCEPHALUS WITH PROLONG INTUBATION,SAH WITH PNEUMOCEPHALUS WITH PROLONG INTUBATION
LEFT ACUSTIC NEUROMA,LEFT ACOUSTIC NEUROMA
L2 5 WITH ADJACENT LEVEL L1 2 SPONDYLOSIS,L2 5 WITH ADJACENT LEVEL L1 2 SPONDYLOSIS
SYNOVIAL CYST RT L4 5,SYNOVIAL CYST RT L4 5
L3 4 SPONDYLOSIS S P DISECTOMY L4 5,L3 4 SPONDYLOSIS S P DISECTOMY L4 5
L345 SPONDYLOSIS ADJACENT LEVEL L3 4,L345 SPONDYLOSIS ADJACENT LEVEL L3 4
L2 PEDICLE LESION,L2 PEDICLE LESION
RT ACOUTIC NEUROMA,RT ACOUTIC NEUROMA
FB AT NAIL,FB AT NAIL
WART AT LEFT FOREARM,WART AT LEFT FOREARM
NASAL VALVE COLLAPSE,NASAL VALVE COLLAPSE
ITH WITH SEVERE OSA,SEVERE OSA WITH ITH
DEVIATED NASAL SEPTUM,DEVIATED NASAL SEPTUM
MALIGNANT NEOPLASM OF OROPHARYNX VALLECULA,MALIGNANT NEOPLASM OF OROPHARYNX VALLECULA
CLI LEFT LEG S P LEFT TRANSMETATARSA AMP,CLI LEFT LEG S P LEFT TRANSMETATARSA AMP
POLYP AT LOWER RECTUM S P TAE,POLYP AT LOWER RECTUM S P TAE
BONE METASTASIS WITH THICKENING GASTIC WALL,BONE METASTASIS WITH THICKENING GASTIC WALL
BEDSORE LEFT COCCYX,BEDSORE LEFT COCCYX
PYOMYOCITIS,PYOMYOSITIS
PYOMYOCITIS BOTH LEG,PYOMYOCITIS BOTH LEG
R O RADIATION PROCTITIS,R O RADIATION PROCTITIS
SECOND DEGREE HEMORRHOID,SECOND DEGREE HEMORRHOID
CA DESCENDING COLON CEA RISING,CA DESCENDING COLON CEA RISING
AFAP S P TPC C IPAA,AFAP S P TPC IPAA
FRACTURE AT DISTAL LEFT 4TH FINGER,FRACTURE AT DISTAL LEFT 4TH FINGER
NECROTISING FASCIITIS RT LEG,NECROTISING FASCIITIS RT LEG
LIPODYSTROPHY ABDOMEN,LIPODYSTROPHY ABDOMEN
NODULE AT RT AXILLA,NODULE AT RT AXILLA
BLEEDING AVF ANEURYSM LEFT WRIST,BLEEDING AVF ANEURYSM LEFT WRIST
ESRD C TCC DISLOCATION,ESRD C TCC DISLOCATION
BONE EXPOSED WOUND AT HAND,BONE EXPOSED WOUND AT HAND
GIANT CELL TUMOR AT RT 4TH FINGER,GIANT CELL TUMOR AT RT 4TH FINGER
NEUROFIBROMETATESIS AT PERINEUM LOWER LEG,NEUROFIBROMETATESIS AT PERINEUM LOWER LEG
CHRONIC WOUND AT RT LEG,CHRONIC WOUND LT LEG
CHRONIC WOUND AT RT BKA STUMP,CHRONIC WOUND AT RT BKA STUMP
CA URETER RT,CA LT URETER
OPEN FRACTURE NASAL BONE,NASAL BONE FRACTURE
INFECTED DIABETIC ULCER LEFT FOOT,INFECTED DIABETIC ULCER LEFT FOOT
MASS AT POSTERIOR NECK AND BACK WART AT LEFT FOREARM,MASS AT POSTERIOR NECK AND BACK WART AT LEFT FOREARM
MASSA AT FINGER,MASSA AT FINGER
RT URETERAL STRICTURE,RT URETERAL STRICTURE
LT UPPER UC S P LT URETEROLITHOTOMY LT DJ STENT,LT UPPER UC S P LT URETEROLITHOTOMY LT DJ STENT
CA PROSTATE WITH LUNG BONE METASTASIS,CA PROSTATE WITH LUNG BONE METASTASIS
URINARY BLADDER MASS,URINARY BLADDER MASS
INFECTED DIABETIC WOUND LT FOOT,INFECTED DIABETIC WOUND LT FOOT
OPEN FRACTURE OF MANDIBLE,OPEN FRACTURE OF MANDIBLE
ENDOMETRIOSIS WITH LT HYDRONPHROSIS S P DJ STENT,ENDOMETRIOSIS WITH LT HYDRONPHROSIS S P DJ STENT
LUTS R O INTERSTITIAL CYSTITIS IC,LUTS R O INTERSTITIAL CYSTITIS IC
VESICAL CALCULUS WITH HEMATURIA,VESICAL CALCULUS WITH HEMATURIA
UUI,UUI
POST KT WITH BLADDER LEAKAGE AT RT TRANSPLANTED VESICOURETERIC JUNCTION,POST KT WITH BLADDER LEAKAGE AT RT TRANSPLANTED VESICOURETERIC JUNCTION
LT UVJ COMPLETE OBSTRUCTION S P LT DJ STENT OPEN URETEROCYSTOSTOMY,LT UVJ COMPLETE OBSTRUCTION S P LT DJ STENT OPEN URETEROCYSTOSTOMY
LARGE CA BLADDER,LARGE CA BLADDER
CA BLADDER S P TUR BT ส ค 63,CA BLADDER S P TUR BT ส ค 63
MULTIPLE CA BLADDER,MULTIPLE CA BLADDER
SEPERATED EAR LOBUTE,SEPERATED EAR LOBUTE
CA ASDNEING COLON WITH DUODENAL INVASION,CA ASDNEING COLON WITH DUODENAL INVASION
INTERNAL HEMORRHOID WITH ANAL FISSURE,INTERNAL HEMORRHOID WITH ANAL FISSURE
PROTEINACEOUS CYST AT BOTH BUTTOCK,PROTEINACEOUS CYST AT BOTH BUTTOCK
CA ASCENDING COLON C IMPENDING OBSTRUCTION,CA ASCENDING COLON C IMPENDING OBSTRUCTION
CA CAECUM,CA CECUM
CA BLADDER S P TUR BT GROSS HEMATURIA,CA BLADDER S P TUR BT GROSS HEMATURIA
HIGH PSA 13 3,HIGH PSA 13 3
HIGH PSA 17 7,HIGH PSA 7 6
PRIMARY ALDOSTERONISM,PRIMARY ALDOSTERONISM
FAILURE OF GENITAL RESPONSE,FAILURE OF GENITAL RESPONSE
LEFT UPJ STONE,LT UPJ STONE
INFECTED DJ STENT,INFECTED DJ STENT
SEVERE MEATAL STENOSIS,SEVERE MEATAL STENOSIS
R O URETHRAL MEATUS WART,R O URETHRAL MEATUS WART
COMPLICATED UTI MARKED BILAT HYDRONEPHROSIS AND HYDROURETER,COMPLICATED UTI MARKED BILAT HYDRONEPHROSIS AND HYDROURETER
VESICOVAGINAL FISTULA,VESICOVAGINAL FISTULA
STOOL OCCULT BLOOD,STOOL OCCULT BLOOD VE
NEOPLASM OF UNCERTAIN OR UNKNOWN BEHAVIOUR OF RECTUM,NEOPLASM OF UNCERTAIN OR UNKNOWN BEHAVIOUR OF RECTUM
BPH WITH ABNORMAL URINATION,BPH WITH ABNORMAL URINATION
RECURRENT CA BLADDER WITH GROSS HEMATURIA,RECURRENT CA BLADDER WITH GROSS HEMATURIA
HIGH PSA 1000,HIGH PSA 1000
URETHRAL STONE,R URETHRAL STONE
R O RECTAL LESION,R O RECTAL LESION
ADJACENT LEVEL L5 S1,ADJACENT LEVEL L5 S1
RT OCCIPITAL MASSES WITH BRAIN EDEMA,RT OCCIPITAL MASSES WITH BRAIN EDEMA
OPTIC NERVE INJURY,OPTIC NERVE INJURY
SEVERE CANAL STENOSIS L2 5,SEVERE CANAL STENOSIS L2 5
C4 5 INTRAMEDULLARY CORD TUMOR,INTRAMEDULLARY CORD TUMOR
BLEEDING RT CEREBELLAR CAVERNOMA,BLEEDING RT CEREBELLAR CAVERNOMA
LGIH C CONSTIPATION,CONSTIPATION LGIB
BHC FAMILY HX CANCER,BHC FAMILY HX CANCER
COLITIS LGIB,COLITIS LGIB
INTRAABDOMINAL FISTULA TRACT WITH R O RETAINED GALL STONE LYMPHADENOPATHY,INTRAABDOMINAL FISTULA TRACT WITH R O RETAINED GALL STONE LYMPHADENOPATHY
MOBID OBESITY S P SLEEVE GASTRECTOMY,MOBID OBESITY S P SLEEVE GASTRECTOMY
SEVERE ANAL STENOSIS,SEVERE MEATAL STENOSIS
CA UPPER RECTUM C LIVER METASTASIS,CA UPPER RECTUM C LIVER METASTASIS
CVI C3 OF RT LEG,CVI C2S OF RT LEG
THROMBOSE LT AVF CUBITAL,THROMBOSED AVF LT CUBITAL
CTLI LT FOOT S P PTA EIA SFA,CTLI LT FOOT S P PTA EIA SFA
CTLI LT LEG S P PTA,CTLI LT LEG S P PTA
ESRD S P TCC INSERTION AT RT CFV,ESRD S P TCC INSERTION AT RT CFV
ESRD IMMATURE,ESRD IMMATURE
ESRD TCC RT IJV DISPLACED,ESRD TCC RT IJV DISPLACED
OUT FLOW STENOSIS,OUT FLOW STENOSIS
CA SIMOID S P SIGMOIDECTOMY,CA SIMOID S P SIGMOIDECTOMY
RECURRENT CA SIGMOID,RECURRENT CA SIGMOID
AFAP S P ERHC WITH MULTIPLE GASTRIC POLYP,AFAP S P ERHC WITH MULTIPLE GASTRIC POLYP
PELVIC FLOOR DECENT,PELVIC FLOOR DESCENT
DCIS LT BREAST MARGIN NOT FREE,DCIS LT BREAST MARGIN NOT FREE
DISCORDANT LT AND RT BREAST MASS AMOURPHOUS CALCIFICATION LT BREAST,DISCORDANT LT AND RT BREAST MASS AMOURPHOUS CALCIFICATION LT BREAST
GRAVES' DISEASE WITH COLD NODULE,GRAVES DISEASE WITH COLD NODULE
LARGE CYST AT THYROID AND ISTHMUS,LARGE CYST AT THYROID AND ISTHMUS
MULTIPLE TR4 THYROID NODULES,MULTIPLE THYROID NODULES
ESRD WITH CRACKED TCC CATHETER,ESRD WITH CRACKED TCC CATHETER
ESRD S P DLC,ESRD S P DLC
AVF STENOSIS OUTFLOW STENOSIS,AVF STENOSIS OUTFLOW STENOSIS
ADENOID CYSTIC CARCINOMA,ADENOID CYSTIC CARCINOMA
TVD S P CABG WITH WOUND DEHISCENCE,TVD S P CABG WITH WOUND DEHISCENCE
AORTIC DISSECTION TYPE B WITH RIGHT ACUTE LIMB ISCHEMIA,AORTIC DISSECTION TYPE B WITH RIGHT ACUTE LIMB ISCHEMIA
INFECTED MASS AT RT CLAVICLE,INFECTED MASS AT RT CLAVICLE
LARGE GB POLYP,LARGE GB POLYP
SUBSUDED CHOLANGITIS GS S P ERCP STENT,SUBSUDED CHOLANGITIS GS S P ERCP STENT
CRLM S2 3,CRLM S2 3
LARGE SGS,LARGE SGS
INFECTED WOUND AT LT HAND R O FUNGAL INFECTION,INFECTED WOUND AT LT HAND R O FUNGAL INFECTION
LEFT CA BREAST S P EXCISION,LEFT CA BREAST S P WIDE EXCISION
LIVER ABSCESS WITH COLONIC DIVERTICULOSIS,LIVER ABSCESS WITH COLONIC DIVERTICULOSIS
R O COLON CANCER,R O COLON CANCER
PELVIC FLOOR DESCEND LGIB,PELVIC FLOOR DESCEND LGIB
HEMORROID,HEMORRHOID
MULTIPLE TRAUMA WITH TEMPORARY ABDOMINAL CLOSURE,MULTIPLE TRAUMA WITH TEMPORARY ABDOMINAL CLOSURE
NF RT FOOT S P RT BKA,NF RT FOOT S P RT BKA
LEFT BREAST CANCER S P BILATERAL MASTECTOMY WITH IMPLANT RECONSTRUCTION,LEFT BREAST CANCER S P BILATERAL MASTECTOMY WITH IMPLANT RECONSTRUCTION
PTC RT THYROID,RT CA THYROID
RECURRENT BILATERAL HERNIA,RECURRENT BILATERAL HERNIA
INFECTED WOUND RIGHT FOOT,INFECTED WOUND RT FOOT
INFECTED WOUND AT LT HAND,INFECTED WOUND AT LT HAND
LT BREAST MASS L12 PALPABLE,LT BREAST MASS L8 PALPABLE
R O CA BREAST,R O CA BREAST
DCIS LT BREAST NOT FREE MARGIN,DCIS LT BREAST MARGIN NOT FREE
WOUND AT LT GROIN,WOUND AT LT GROIN
PRIMARY HPTH WITH COMPRESSION SPINE FRACTURE WITH LEFT THYROID MASS TR4,PRIMARY HPTH WITH COMPRESSION SPINE FRACTURE WITH LEFT THYROID MASS TR4
MULTIPLE TRAUMA S P ABDOMINAL PACKING WITH SPLENECTOMY WITH TEMPORARY CLOSURE,MULTIPLE TRAUMA S P EL ABDOMINAL PACKING C SPLENECTOMY C TEMPORARY CLOSURE
RIGHT BIG TOE INFECTED WOUND,RIGHT BIG TOE INFECTED WOUND
ABNORMAL CALCIFICATION OF LEFT BREST,ABNORMAL CALCIFICATION OF LEFT BREAST
RIGHT CA BREAST S P WIDE EXCISION,RIGHT CA BREAST S P WIDE EXCISION
RUPTURED LT M1 ANEURYSM,RUPTURED LT M1 ANEURYSM
DEVIATE NASAL SEPTUM INFERIOR TURBINATE HYPERTROPHY,DEVIATE NASAL SEPTUM INFERIOR TURBINATE HYPERTROPHY
VENTILATOR ASSOCIATED PNEUMONIA WITH PROLONG INTUBATION,VENTILATOR ASSOCIATED PNEUMONIA WITH PROLONG INTUBATION
MALIGNANT NEOPLASM OF TONSIL TONSILLAR PILLAR ANTERIOR POSTERIOR,MALIGNANT NEOPLASM OF TONSIL TONSILLAR PILLAR ANTERIOR POSTERIOR
MYASTHENIA GRAVIS WITH RESPIRATORY FAILURE WITH PROLONG INTUBATION,MYASTHENIA GRAVIS WITH RESPIRATORY FAILURE WITH PROLONG INTUBATION
SUSPECTED CA PYRIFORM SINUS,SUSPECTED CA PYRIFORM SINUS
MALIGNANT NEOPLASM OF LYMPH NODE UNSPECIFIED,MALIGNANT NEOPLASM OF LYMPH NODE UNSPECIFIED
RIGHT IIH S P OPEN HERNIOPLASTY C SSI,RIGHT IIH S P OPEN HERNIOPLASTY C SSI
RIGHT BREAST CANCER S P RIGHT BCT C ALND,RIGHT BREAST CANCER S P RIGHT BCT C ALND
OTHER NONSPECIFIC LYMPHADENITIS,OTHER NONSPECIFIC LYMPHADENITIS
NEUVUS AT TEMPORAL,NEUVUS AT TEMPORAL
LESION AT EYELID,LESION AT EYELID
MASS AT CHIN FACE ARM,MASS AT CHIN FACE ARM
HYPERHIDROSIS AXCILLA,AXILLARY HYPERHIDROSIS
SUSPICIOUS FOR THYROID CANCER WITH HYPERTHYROIDISM,SUSPICIOUS FOR THYROID CANCER WITH HYPERTHYROIDISM
RUPTURE HCC S P EL WITH ABDOMINAL PACKING WITH TEMPORARY CLOSURE,RUPTURE HCC S P EL WITH ABDOMINAL PACKING WITH TEMPORARY CLOSURE
MENINGITIS,MENINGITIS
RT HEMIFACIAL SPASM,LEFT HEMIFACIAL SPASM
LEFT PARASAGITAL MENINGIOMA,LT PARASAGGITAL MENINGIOMA
SEVERE CANAL STENOSIS L345,SEVERE CANAL STENOSIS L2 5
EXTRAMEDULLARY CORD TUMOR T9 12,EXTRAMEDULLARY CORD TUMOR T9 12
L5S1 SPONDYLOSIS REDO,L5S1 SPONDYLOSIS REDO
ADJACENT LEVEL L34 [S P L45],ADJACENT LEVEL L34 [S P L45]
RT VP SHUNT MALFUNCTION,RT VP SHUNT MALFUNCTION
LEFT SKULL DEFECT,LEFT SKULL DEFECT
INFECTED WOUND AT RY FRONTAL,INFECTED WOUND AT RY FRONTAL
BPH C URINARY RETENTION,BPH C URINARY RETENTION
RENAL MASS WITH GROSS HEMATURIA,RENAL MASS WITH GROSS HEMATURIA
PHIMOSIS WITH CONTRACEPTIVE MANAGEMENT,PHIMOSIS WITH CONTRACEPTIVE MANAGEMENT
HORMONE REFRACTORY CA PROSTATE,HORMONE REFRACTORY CA PROSTATE
BLADDER MASS C R O COLOVESICAL FITSULA,BLADDER MASS C R O COLOVESICAL FITSULA
HIGH PSA 15 1,HIGH PSA 15 1
ED,ED
CHRONIC ULCER AT TONGUE,CHRONIC ULCER AT TONGUE
CA HYPOPHARYN UPPER AIRWAY OBSTRUCTION,CA HYPOPHARYN UPPER AIRWAY OBSTRUCTION
PERITONSILLAR ABSCESS,PERITONSILLAR ABSCESS
RESIDUAL INVERTED PAPILLOMA LT,RESIDUAL INVERTED PAPILLOMA
SUBGLOSTIC STENOSIS,SUBGLOSTIC STENOSIS
RECURRENT BILATERAL NP,RECURRENT BILATERAL NP
LEFT CHRONIC SPHENOIDITIS,LEFT CHRONIC SPHENOIDITIS
MALIGNANT NEOPLASM OF PALATE HARD PALATE,MALIGNANT NEOPLASM OF PALATE HARD PALATE
COMPLEX ABDOMINAL WALL DEFECT,COMPLEX ABDOMINAL WALL DEFECT
CA LOWER RECTUM S P LAR DLI S P CLOSURE COLOSTOMY,CA LOWER RECTUM S P LAR DLI S P CLOSURE COLOSTOMY
BHC HX TA AT RECTOSIGMOID,BHC HX TA AT RECTOSIGMOID
SEREENING CA COLON,SEREENING CA COLON
CONSTIPATION C WEIGHT LOSS,CONSTIPATION C WEIGHT LOSS
HEMORRHOID C LGIB,LGIB HEMORRHOID
FITSULA IN ANO,FISTULA IN ANO
INCOMPLETE APPENDECTOMY,INCOMPLETE APPENDECTOMY
CA RECTUM S P TOTAL PELVIC EXENTERATION C S3 SACRECTOMY C BILATERAL TRANSURETEROURETEROSTOMY C SIGMOIDECTOMY C SIGMOID FLAP,CA RECTUM S P TOTAL PELVIC EXENTERATION C S3 SACRECTOMY C BILATERAL TRANSURETEROURETEROSTOMY C SIGMOIDECTOMY C SIGMOID FLAP
R O CA COLON CT : ASCENDING HEPATIC FLEXURE THICKENING,R O CA COLON CT : ASCENDING HEPATIC FLEXURE THICKENING
CEA RAISING,CEA RISING
DERMATOCHALASIA,DERMATOCHALASIA
R O LIPOMA,R O LIPOMA
SEBACIOUS CYST,SEBACEOUS CYST
MASS AT RT EYELID,MASS AT EYELID
LARGE RT RENAL MASS,LARGE RT RENAL MASS
RT PROGRESSIVE HYDRONEPHROSIS,RT PROGRESSIVE HYDRONEPHROSIS
SURGICAL SITES INFECTION,SURGICAL SITES INFECTION
SSI AT SCROTUM,SSI RT SCOTUM
PYLORIC CANCER WITH GASTRIC OUTLET OBSTRUCTION,PYLORIC CANCER WITH GASTRIC OUTLET OBSTRUCTION
CLI WITH DRY GANGRENE RT FOOT SKIN LESION AT HEAD,CLI WITH DRY GANGRENE RT FOOT SKIN LESION AT HEAD
RECTAL INJURY S P LOOP TRANSVERE COLOSTOMY,RECTAL INJURY S P LOOP TRANSVERE COLOSTOMY
ESRD WITH CENTRAL VEINSTENOSIS,ESRD WITH CENTRAL VEINSTENOSIS
S P DDKT WITH LYMPHOCOEL,S P DDKT WITH LYMPHOCOEL
INFECTED WOUND BOTH BIG TOE WITH OSTEOMYELITIS OF RT BIG TOE,INFECTED WOUND BOTH BIG TOE WITH OSTEOMYELITIS OF RT BIG TOE
ESRD DLC MULFUNCTION,ESRD DLC MULFUNCTION
ESRD WITH CRI,ESRD WITH CRBSI
PIRADS 5 AT RT ANTERIOR TRANSIONAL ZONE AT APEX,PIRADS 5 AT RT ANTERIOR TRANSIONAL ZONE AT APEX
GENITAL WART,ANOGENITAL WART
CHRONIC ULCER AT PENIS,CHRONIC ULCER AT PENIS
GENERAL COUNSELLING AND ADVICE ON CONTRACEPTION,GENERAL COUNSELLING AND ADVICE ON CONTRACEPTION
CA SIGMOID COLON WITH INVADE BLADDER S P OPEN AR WITH WEDGE DOME OF BLADDER,CA SIGMOID COLON WITH INVADE BLADDER S P OPEN AR WITH WEDGE DOME OF BLADDER
LGIB > HEMORRHOID,LGIB HEMORRHOID
INCOMPLETE COLONOSCOPY POOR BOWEL PREP,INCOMPLETE COLONOSCOPY POOR BOWEL PREP
STATUS CHEMOTPORT,STATUS CHEMOPORT
CA ASCENDING COLON S P EXTENDED RHC WITH ILEOSTOMY,CA ASCENDING COLON S P EXTENDED RHC WITH ILEOSTOMY
CA SIGMOID SYNCHRONOUS LESION AT TRANSVERSE COLON,CA SIGMOID SYNCHRONOUS LESION AT TRANSVERSE COLON
RUPTURED DIVERTICULITIS S P LOOP PROXIMAL TRANSVERSE COLOSTOMY,RUPTURED DIVERTICULITIS S P LOOP PROXIMAL TRANSVERSE COLOSTOMY
LT BREAST MASS AT L2,LT BREAST MASS L12
RT BREAST CANCER T4DN1M0 S P NEOADJUVANT CMT,RT BREAST CANCER T4DN1M0 S P NEOADJUVANT CMT
AORTIC DISSECTION S P HEMIARCH REPLACMENT WITH PROLONG INTUBATION,AORTIC DISSECTION S P HEMIARCH REPLACMENT WITH PROLONG INTUBATION
MYASTHENIA GRAVIS CRISIS,MYASTHENIA GRAVIS CRISIS
CLI WITH WET GANGRENE RT FOOT,CLI WITH WET GANGRENE RT FOOT
C3 4 SUBLUXATION,C3 4 5 SUBLUXATION
MASS AT LT PARIETAL LOBE,MASS AT LT PARIETAL LOBE
RT POSTERIOR LOBE CEREBELLAR MASS,RT POSTERIOR LOBE CEREBELLAR MASS
LUOQ BREAST MASS BIRAD4,LUOQ BREAST MASS BIRAD4
SUBMUCOSAL LESION AT FUNDUS,SUBMUCOSAL LESION AT FUNDUS
SURGICAL SITE INFECTION,SURGICAL SITES INFECTION
DCIS OF LEFT BREAST S P EXCISION,DCIS OF LEFT BREAST S P EXCISION
BILATERAL CHRONIC SUBDURAL HEMATOMA,BILATERAL CHRONIC SUBDURAL HEMATOMA
L5S1 SPONDYLOSIS,L4 S1 SPONDYLOSIS
CA SIGMOID S P AR WITH DVT PE,CA SIGMOID S P AR WITH DVT PE
R O THROMBOSED RT CUBITAL AVF,R O THROMBOSED RT CUBITAL AVF
S P AVF R O RT CEPHALIC ARCH STENOSIS,S P AVF R O RT CEPHALIC ARCH STENOSIS
ESRD WITH EXIT SITE INFECTION,ESRD WITH EXIT SITE INFECTION
ANEURYSM LEFT AVF INFECTION,ANEURYSM LEFT AVF INFECTION
ESRD WITH DLC LT IJV MALFUNCTION,ESRD WITH DLC LT IJV MALFUNCTION
LT LOCULATED PLEURAL EFFUSION,LOCULATED RT PLEURAL EFFUSION
RECURRENT RT PNEUMOTHORAX,RECURRENT RLL PNEUMOTHORAX
SUBSIDED CHOLANGITIS S P ERCP GS,SUBSIDE CHOLANGITIS S P ERCP
HYPOSPAD,HYPOSPAD
MULTIPLE SKIN LESION AT BACK PELVIS,MULTIPLE SKIN LESION AT BACK PELVIS
INFECTED WOUND AT LT LEG S P LT AKA,INFECTED WOUND AT LT LEG S P LT AKA
LACERATED WOUND RT UPPER EYELID,LACERATED WOUND RT UPPER EYELID
CA THYROID S P TOTAL THYROIDECTOMY,CA THYROID S P TOTAL THYROIDECTOMY
VERY LARGE MASS AT LEFT THIGH 10 CM,VERY LARGE MASS AT LEFT THIGH 10 CM
RECURRENT PAPILLARY THYROID CANCER AT RIGHT LN LEVEL 2 LEFT LN LEVEL 4 6 S P OPEN TTD WITH BILAT CND AND BILAT MRND,RECURRENT PAPILLARY THYROID CANCER AT RIGHT LN LEVEL 2 LEFT LN LEVEL 4 6 S P OPEN TTD WITH BILAT CND AND BILAT MRND
CA RECTOSIGMOID C OBSTRUCTION,CA RECTOSIGMOID C OBSTRUCTION
NF RIGHT FOOT S P 4TH 5TH RIGTH TOE AMPUTATION,NF RIGHT FOOT S P 4TH 5TH RIGTH TOE AMPUTATION
RT BREAST MASS R6,RT BREAST MASS R9
LT BREAST BIRAD4C,LT BREAST BIRAD4C
INGROWING NAIL AT RT BIG TOE,INGROWING NAIL AT RT BIG TOE
CA STOMACH WITH CHEMOPORT INSERTED TO RT COMMON CAROTID,CA STOMACH WITH CHEMOPORT INSERTED TO RT COMMON CAROTID
CA LT BREAST S P EXCISION,CA LT BREAST S P EXCISION
RECURRENT GRANULOSE CELL CA INITIAL STAGE 2C,RECURRENT GRANULOSE CELL CA INITIAL STAGE 2C
ESDR ON HD,ESRD ON HD
PROXIMAL VEIN STENOSIS SWING VEIN,PROXIMAL VEIN STENOSIS SWING VEIN
THYROID GOITER WITH ESOPHAGEAL COMPRESSION,THYROID GOITER WITH ESOPHAGEAL COMPRESSION
RECURRENT HCC S4A B,RECURRENT HCC S4A B
NECROTIC WOUND AT LT THIGH,NECROTIC WOUND AT LT THIGH
ISCHEMIC STROKE WITH PROLONG INTUBATION,ISCHEMIC STROKE WITH PROLONG INTUBATION
RUPTURE DISC L4 L5 LEVEL,RUPTURE DISC L4 L5 LEVEL
RUPTURED DISC L2 3 WITH L345 SPONDYLOSIS,RUPTURED DISC L2 3 WITH L345 SPONDYLOSIS
INFECTED LP SHUNT,INFECTED LP SHUNT
COMMUNICATING HYDROCEPHALUS,COMMUNICATING HYDROCEPHALUS
BURST FX L2 WITH FACET ARTHROSIS,BURST FX L2 WITH FACET ARTHROSIS
GBM WITH HYDROCEPHALUS,GBM WITH HYDROCEPHALUS
INTRAMEDULLARY CORD TUMOR C5 T1,INTRAMEDULLARY CORD TUMOR
ADJACENT LEVEL L34,ADJACENT LEVEL L34
C 67 DISC HERNIATION LT,C 67 DISC HERNIATION LT
VP SHUNT FAILURE,VP SHUNT FAILURE
TRACHEOSTOMY,TRACHEOSTOMY
CA RT BREAST RUOQ,CA RT BREAST RUOQ
COLONIC OBSTRUCTION S P OPEN LAR WITH LOOP PROXIMAL TRANSVERSE COLOSTOMY,COLONIC OBSTRUCTION S P OPEN LAR WITH LOOP PROXIMAL TRANSVERSE COLOSTOMY
ESRD WITH 2ND HPTH,ESRD WITH 2ND HPTH
PERSISTENT HPTH S P 3 GLANDS PARATHYROIDECTOMY,PERSISTENT HPTH S P 3 GLANDS PARATHYROIDECTOMY
ABSCESS NECK,ABSCESS NECK
SACCULAR AT DESCENDING THORACIC AND INFRARENAL,SACCULAR AT DESCENDING THORACIC AND INFRARENAL
POST BRONCHOSCOPY WITH PNEUMOTHORAX,POST BRONCHOSCOPY WITH PNEUMOTHORAX
TB PLEURA WITH LOCULATED EFFUSION LT LUNG,TB PLEURA WITH LOCULATED EFFUSION LT LUNG
LEFT LOWER LUNG MASS,LEFT LOWER LUNG MASS
ACCESSORY AURICLE,ACCESSORY AURICLE
SURGICAL SITE INFECTION S P RT HERNIOPLASTY,SURGICAL SITE INFECTION S P RT HERNIOPLASTY
CA MID LOWER RECTUM,CA LOWER RECTUM
HEPATIC FLEXURE COLON CANCER WITH RECTAL PROLAPSE,HEPATIC FLEXURE COLON CANCER WITH RECTAL PROLAPSE
PERIANAL CONDYLOMA,PERINEAL CONDYLOMA
DVT LT GROIN,DVT LT GROIN
CLI BOTH LEGS,CVI BOTH LEGS
RECURRENT EPISTAXIS,RECURRENT EPISTAXIS
MODERATE OSA WITH DNS,MODERATE OSA WITH DNS
CHT WITH CR,CHT WITH CR
BILAT STENOSIS LACRIMAL PATHWAY,BILAT STENOSIS LACRIMAL PATHWAY
ACUTE URINARY RETENTION,LUTS URINARY RETENTION
CRS WITH NP WITH DNS,CRS WITH NP WITH DNS
MIDLINE NECK MASS,MIDLINE NECK MASS
MASS AT OCCIPITAL AREA,MASS AT OCCIPITAL AREA
LARGE MASS AT HEAD,LARGE MASS AT HEAD
PTOSIS BOTH UPPER EYELID,PTOSIS UPPER EYELID
MANDIBLE FRACTURE,MANDIBLE FRACTURE
PTOSIS EYEBROW,BROW PTOSIS
NERVUOS RT CHEEK,NERVUOS RT CHEEK
CYST AT FINGER,CYST AT FINGER
RT PAROTID TUMOR,RT PAROTID TUMOR
CLOSED FX NASAL BONE,CLOSED FX NASAL BONE
MASS AT OCCIPITAL AREA S P WIDE EXCISION,MASS AT OCCIPITAL AREA S P WIDE EXCISION
MULTIPLE LN ENLARGE,MULTIPLE LN ENLARGE
PRE EPIGLOTTIC CYST,PRE EPIGLOTTIC CYST
CR WITH DNS WITH NP MASS,CR WITH DNS WITH NP MASS
CA SPLENIC FLEXURE COLON,CA SPLENIC FLEXURE COLON
THOMBOSED COMBINED HEMORRHOID,THOMBOSED COMBINED HEMORRHOID
ADVANCE STAGE CA LOWER RECTUM,ADVANCE STAGE CA RECTUM
LT UC WITH AKI,LT UC WITH AKI
RT URETERAL MASS WITH URETERAL STRICTURE S P URS WITH BIOPSY LASER ABLATION DJ STENT,RT URETERAL MASS WITH URETERAL STRICTURE S P URS WITH BIOPSY LASER ABLATION DJ STENT
RECURRENT CA BLADDER S P TUR BT ม ค 65,RECURRENT CA BLADDER S P TUR BT ม ค 65
R O ERTHROPLASIA OF QUERAT,R O ERTHROPLASIA OF QUERAT
MULTIPLE CA BLADDER INVOLVE PROSTATE GLAND,MULTIPLE CA BLADDER INVOLVE PROSTATE GLAND
ENOUGH CHILYD,ENOUGH CHILD
UERTHRAL STRICTURE,URETHRAL STRICTURE
RENAL MASS C GROSS HEMATURIA,RENAL MASS WITH GROSS HEMATURIA
RIGHT NEOPLASM OF ADRENAL GLAND,RIGHT NEOPLASM OF ADRENAL GLAND
HYPERTENSIVE RENAL DISEASE WITH RENAL FAILURE,HYPERTENSIVE RENAL DISEASE WITH RENAL FAILURE
CA RT RENAL PEVIS,CA RT RENAL PEVIS
R O UROTHELIAL CELL CARCINOMA,R O UROTHELIAL CELL CARCINOMA
UNDESCENDES TESTIS,UNDESCENDES TESTIS
RECURRENT CA PROSTATE WITH GROSS HEMATURIA,RECURRENT CA PROSTATE WITH GROSS HEMATURIA
R O REFLEX HYDRONEPHROSIS,R O REFLEX HYDRONEPHROSIS
BUSCHKE LOWENSTEIN TUMOR,BUSCHKE LOWENSTEIN TUMOR
THROMBOSED EXTERNAL HEMORRHOID,THROMBOSED EXTERNAL HEMORRHOID
CRITICAL LIMB ISCHEMIA BOTH LEGS,CRITICAL LIMB ISCHEMIA BOTH LEGS
ESRD THROMBOSED AVF,ESRD THROMBOSED AVF
S P LT TB1,S P LT TB1
AVF STENOSIS MID CEPHALIC ARM,AVF STENOSIS MID CEPHALIC ARM
ESDR ON HD TCC RT IJV,ESDR ON HD TCC RT IJV
ENDOLEAK TYPE IB S P TEVAR,ENDOLEAK TYPE IB S P TEVAR
CA RECTUM T2N1AM0 S P LAR C DLC,CA RECTUM T2N1AM0 S P LAR C DLC
DVT LEFT LEG EVALUATE CANCER,DVT LEFT LEG EVALUATE CANCER
BCC AT PERIANAL,BCC AT PERIANAL
ANAL POLYP AT 7 O'CLOCK,ANAL POLYP AT 7 O'CLOCK
OVARIAN CANCER S P TAH WITH RT SO WITH SIGMOIDECTOMY WITH HARTMANN PROCEDURE,OVARIAN CANCER S P TAH WITH RT SO WITH SIGMOIDECTOMY WITH HARTMANN PROCEDURE
SIGMIOD COLON CANCER,SIGMIOD COLON CANCER
L1 COMPRESSION FRACTURE WITH EPIDURAL SPINAL CORD COMPRESSION,L1 COMPRESSION FRACTURE WITH EPIDURAL SPINAL CORD COMPRESSION
LT CAP TUMOR,LT CAP TUMOR
VARICOSE VEIN AT LT LEG,VARICOSE VEIN LT LEG
INFECTED PORT A,INFECTED PORT A
ESRD S P AVBG RT UPPER ARM,ESRD S P AVBG RT UPPER ARM
CRITICAL LIMB ISCHEMIC RT LEG WITH OSTEOMYELITIS RT FOOT,CRITICAL LIMB ISCHEMIC RT LEG WITH OSTEOMYELITIS RT FOOT
LT CEPHALIC ARCH MID LT CEPHALIC VEIN STENOSIS,LT CEPHALIC ARCH MID LT CEPHALIC VEIN STENOSIS
ESRD WITH DISPLACE TCC RT IJV,ESRD TCC RT IJV DISPLACED
CA AMPULLA OF VATER,CA AMPULLA OF VATER
COMPLICATED PARAPNEUMONIC EFFUSION,COMPLICATED PARAPNEUMONIC EFFUSION
CA LT BREAST WITH CHEST WALL INVASION,CA LT BREAST WITH CHEST WALL INVASION
BREAST MASS AT R9 L8,BREAST MASS AT R9 L8
MID UPPER RECTAL CANCER,MID UPPER RECTAL CANCER
PROSTATE 100 ML PSA 4 2 PIRADS 2,PROSTATE 100 ML PSA 4 2 PIRADS 2
BPH WITH ALPHA BLOCKER SIDE EFFECT,BPH WITH ALPHA BLOCKER SIDE EFFECT
PROSTATE 60 ML WITH NOT IMPROVE WITH ALPHA BLOCKER,PROSTATE 60 ML WITH NOT IMPROVE WITH ALPHA BLOCKER
CYST AT EAR,CYST AT EAR
OPENED FRACTURE AMPUTATED DISTAL PHALANX RT 2ND AND 3RD FINGERS,OPENED FRACTURE AMPUTATED DISTAL PHALANX RT 2ND AND 3RD FINGERS
OPEN FRACTURE 5TH MCB RT HAND,OPEN FRACTURE 5TH MCB RT HAND
BCC AT LT NASAL ALAR,BCC AT LT NASAL ALAR
BLOODY NIPPLE DISCHARGE OF RIGHT NIPPLE,BLOODY NIPPLE DISCHARGE OF RIGHT NIPPLE
RIGHT CA BREAST S P NEOADJUVANT CMT,CA RT BREAST S P NEOADJUVANT CHEMO
BILATERAL CA BREAST S P BILATERAL MASTECTOMY WITH IMPLANT EXTRUSION,BILATERAL CA BREAST S P BILATERAL MASTECTOMY WITH IMPLANT EXTRUSION
ABNORMAL CALCIFICATION AT RLIQ,ABNORMAL CALCIFICATION AT RLIQ
R O NF AT RIGHT LEG,R O NF AT RIGHT LEG
LEFT GROIN HERNIA,LEFT GROIN HERNIA
CA SIGMOID S P SIGMOIDECTOMY WITH LOOP ILEOSTOMY,CA SIGMOID S P SIGMOIDECTOMY WITH LOOP ILEOSTOMY
EXPOSE WOUND,EXPOSE WOUND
RIGHT FRONTAL BRAIN METASTASIS,RIGHT FRONTAL BRAIN METASTASIS
LT OCCIPITAL TUMOR,LT OCCIPITAL TUMOR
L345 SPONDYLOLISTHESIS,L4 5 SPONDYLOLISTHESIS
UNSTABLE FRACTURE C5,UNSTABLE FRACTURE C5
LT HYDRONEPHROSIS WITH LT UC,LT HYDRONEPHROSIS WITH LT UC
RT SCROTAL ABCESS,RT SCROTAL ABCESS
BILATERAL STAGHORN CALCULI,BILATERAL STAGHORN CALCULI
MIX UI,MIX UI
BLADDER MASS C GROSS HEMATURIA,BLADDER MASS C GROSS HEMATURIA
S P URETEROSTOMY,S P URETEROSTOMY
า,า
CA LT UPPER ALVEOLAR RIDGE,CA LT UPPER ALVEOLAR RIDGE
CRS WITH DNS,CR WITH DNS
CHRONIC TONSILITIS,CHRONIC TONSILLITIS
HYPERTROPHIC SCAR AT CHIN,HYPERTROPHIC SCAR AT CHIN
PRIMARY HYPERPARATHYROIDISM,TERTIARY HYPERPARATHYROIDISM
RT MAXILLARY SINUSITIS WITH HIV POSITIVE,RT MAXILLARY SINUSITIS WITH HIV POSITIVE
IRREGULAR NERVUS,IRREGULAR NERVUS
INFECTED WOUND WITH OSTEOMYELITIS S P RAY AMPUTATION RT BIG TOE,INFECTED WOUND WITH OSTEOMYELITIS S P RAY AMPUTATION RT BIG TOE
SCALP DEFECT,SCALP DEFECT
ANAL ULCER R O MALIGNANCY,ANAL ULCER R O MALIGNANCY
CA SIGMOID WITH IMPENDING OBSTRUCTION,CA SIGMOID WITH IMPENDING OBSTRUCTION
OPEN WOUND ON LEFT LEG,OPEN WOUND ON LEFT LEG
RCC RK,RCC RK
PARAMEATAL CYST,PARAMEATAL CYST
BILATERAL HYDRONEPHROSIS R O CA BLADDER,BILATERAL HYDRONEPHROSIS R O CA BLADDER
S P ILEOSTOMY,S P ILEOSTOMY
CCP S P TRANSSACRAL PROCTECTOMY WITH DLC,CCP S P TRANSSACRAL PROCTECTOMY WITH DLC
RECTAL CANCER S P LAR CAA DLI,RECTAL CANCER S P LAR CAA DLI
PERIANAL VENOUS THROMBOSIS,PERIANAL VENOUS THROMBOSIS
CA DISTAL SIGMOID,CA DISTAL SIGMOID
URINARY BLADDER POLYP,URINARY BLADDER POLYP
RIGHT CERVICAL LYMPHADENOPATHY,RT CERVIAL LYMPHADENOPATHY
LT RENAL CALCULI STAGHORN S P LT PCNL WITH LT UC,LT RENAL CALCULI STAGHORN S P LT PCNL WITH LT UC
PATENT URACHUS,PATENT URACHUS
BPH WITH GROSS HEMATURIA,BPH WITH GROSS HEMATURIA
RECURRENT URETHRAL CONDYLOMA,RECURRENT URETHRAL CONDYLOMA
LEFT TESTIS MASS,LEFT TESTIS MASS
CA UNKNOWN PRIMARY WITH ABDOMINAL PAIN,CA UNKNOWN PRIMARY WITH ABDOMINAL PAIN
INTERNAL HEMORRHIOD,INTERNAL HEMORRHOID
CA SIGMOID S P COLOSTOMY,CA SIGMOID S P COLOSTOMY
R O CA PROSTATATE,R O CA PROSTATE
CA ENDOMETRIUM INVOLVED INTROITUS URINARY RETENTION,CA ENDOMETRIUM INVOLVED INTROITUS URINARY RETENTION
LT RENAL COMPLEX CYST,LT RENAL COMPLEX CYST
CA RECTUM S P LAR C DLI R O RECURRENT TUMOR,CA RECTUM S P LAR C DLI R O RECURRENT TUMOR
URETHAL STICTURE,URETHRAL STRICTURE
MULTIPARITY,MULTIPARITY
MASS AT TRANSVERSE COLON,MASS AT TRANSVERSE COLON
OBSTRUCTED CA SIGMOID COLON,OBSTRUCTED CA SIGMOID COLON
CA RECTUM WITH PLAN FOR CMT,CA RECTUM WITH PLAN FOR CMT
CA RECTOSIGMOID COLON S P SUPRALEVATOR PELVIC EXCENTERATION C ILEAL CONDUIT C DOUBLE BARREL ILEOSTOMY,CA RECTOSIGMOID COLON S P SUPRALEVATOR PELVIC EXCENTERATION C ILEAL CONDUIT C DOUBLE BARREL ILEOSTOMY
CCP,CCP
SDH LT FRONTOPARIETAL AREA,SDH LT FRONTOPARIETAL AREA
RT TRIGEMINAL NEURALGIA,RIGHT TRIGERMINAL NEURALGIA
RE RUPTURE LT VA ANEURYSM,RE RUPTURE LT VA ANEURYSM
ANEURYSM AVF LT ARM,ANEURYSM AVF LT ARM
STEAL SYNDROME AT LT THUMB,STEAL SYNDROME AT LT THUMB
TRAUMATIC AVF RT BRACHIAL ARTERY,TRAUMATIC AVF RT BRACHIAL ARTERY
ESRD WITH MAIFUNCTION TCC RT IJV,ESRD WITH MAIFUNCTION TCC RT IJV
ESRD S P DDKT WITH FALSE ANEURYSM AVF RT CUBITAL,ESRD S P DDKT WITH FALSE ANEURYSM AVF RT CUBITAL
TCC AT RIGHT IJV DYSFUNCTION,TCC AT RIGHT IJV DYSFUNCTION
R O INFLOW STENOSIS AVF LT WRIST,R O INFLOW STENOSIS AVF LT WRIST
CRITICAL LIMB ISCHEMIA AT RIGHT LEG,CRITICAL LIMB ISCHEMIA RT LEG
DERMATOMYOSITIS RELATED THYMOMA,DERMATOMYOSITIS RELATED THYMOMA
CHOLANGIOCA,CHOLANGIOCA
INFECTED WOUND RT BIG TOE,RIGHT BIG TOE INFECTED WOUND
MYOSITIS,MYOSITIS
LT OBSTRUCTIVE UROPATHY DUE TO MULTIPLE URETERAL MUCUSAL POLYPS,LT OBSTRUCTIVE UROPATHY DUE TO MULTIPLE URETERAL MUCUSAL POLYPS
NODULE LT VALLECULAE,NODULE LT VALLECULAE
RT CHRONIC MAXILLARY SINUSITIS,RT CHRONIC MAXILLARY SINUSITIS
BENIGN NEOPLASM OF PAROTID GLAND RT,BENIGN NEOPLASM OF PAROTID GLAND RT
WARTIN TUMOR OF PAROTID GLAND RT,WARTIN TUMOR OF PAROTID GLAND RT
PYOMYOSITIS RT LEG,PYOMYOSITIS RT LEG
RT PLANTAR ABSCESS,RT PLANTAR ABSCESS
PYOMYOSITIS RT LEG AND LT FOOT S P DB,PYOMYOSITIS RT LEG AND LT FOOT S P DB
PAGET'S DISEASE LT NIPPLE C FOCI DCIS,PAGET'S DISEASE LT NIPPLE C FOCI DCIS
SUSPICIOUS FOR THYROID CANCER WITH HYPERPARATHYROIDISM 1ST VS 2ND,SUSPICIOUS FOR THYROID CANCER WITH HYPERPARATHYROIDISM 1ST VS 2ND
METAS LT SUPRACLAVICULAR LN,METAS LT SUPRACLAVICULAR LN
RIGHT B4 THYROID NODULE,RIGHT B4 THYROID NODULE
LT SUBCLAVIEN VEIN STENOSIS ISR,LT SUBCLAVIAN VEIN STENOSIS ISR
LEFT ADREANAL NODULE SUSPECTED METASTASIS,LEFT ADREANAL NODULE SUSPECTED METASTASIS
LIPOMA LT AXILLA,LIPOMA LT AXILLA
GYNECOMASTIA OF BOTH BREAST,GYNECOMASTIA BOTH BREAST
GALLSTONES,GALLSTONE
BCC RT ALAR,BCC RT ALAR
PROMINENT EARS,PROMINENT EARS
FRACTURE FIRST MCB,FRACTURE FIRST MCB
MASS AT LEFT HAND,MASS AT LEFT HAND
BCCA ON NOSE,BCCA ON NOSE
SCHWANNOMA T7,SCHWANNOMA T7
TB SPINE WITH CORD COMPRESSION,TB SPINE WITH CORD COMPRESSION
L4 5 SPONDYLOSIS WITH TALOV CYST S1,L4 5 SPONDYLOSIS WITH TALOV CYST S1
L3 4 4 5 STENOSIS,L3 4 5 STENOSIS
RUPTURED LT VA C HYDROCEPHALUS,RUPTURED LT VA C HYDROCEPHALUS
ADJACENT LEVEL STENOSIS L2 3,ADJACENT LEVEL STENOSIS L2 3
MASS AT S1,MASS AT S1
LEFT CLINOIDAL MENINGIOMA,LEFT CLINOIDAL MENINGIOMA
ADJACENT LEVEL L34 S P LAMINECTOMY L45,ADJACENT LEVEL L34 S P LAMINECTOMY L45
L234 SPONDYLOSIS,L345 SPONDYLOSIS
T11 12 STENOSIS,T11 12 STENOSIS
BLADDER TUMOR RT UVJ STONE,BLADDER TUMOR RT UVJ STONE
PSA 6 9,PSA 6 9
PSA 5 6,PSA 5 6
SUSPECTES CA PROSTATE WITH BONE METASTASIS,SUSPECTES CA PROSTATE WITH BONE METASTASIS
POST DDKT,POST DDKT
MASS AT HYPOPHARYNX,MASS AT HYPOPHARYNX
MALIGNANT NEOPLASM OF FLOOR OF MOUTH LATERAL FLOOR OF MOUTH LT,MALIGNANT NEOPLASM OF FLOOR OF MOUTH LATERAL FLOOR OF MOUTH LT
DEVIATED NASAL SEPTUM WITH AR,DEVIATED NASAL SEPTUM WITH AR
CHOLESTEATOMA RT EAR,CHOLESTEATOMA LT EAR
OPEN WOUND RT LOWER LEG,OPEN WOUND RT LOWER LEG
DYSPLASTIC NERVUS,DYSPLASTIC NERVUS
EAR CLEFT,EAR CLEFT
MASS AT TRUNK,MASS AT TRUNK
NF LT LEG S P LT AKA,NF LT LEG S P LT AKA
CLEFT LIP AND PALATE,CLEFT LIP AND PALATE
CFX 5TH METACARPAL RT,CFX 5TH METACARPAL RT
LSIL FROM ANAL PAP SMEAR,LSIL FROM ANAL PAP SMEAR
RECTAL MUCOSAL PROLAPSE,RECTAL MUCOSAL PROLAPSE
HEMORRHOID WITH LGIB,HEMORRHOID WITH LGIB
PERFORATED CA SIGMOID C S P LOOP PROXIMAL TRANVERSE COLOSTOMY,PERFORATED CA SIGMOID C S P LOOP PROXIMAL TRANVERSE COLOSTOMY
CA RECTUM STAGE 4A,CA RECTUM STAGE 4A
CA RECTOSIGMOID S P AR,CA RECTOSIGMOID S P CMT
FRACTURE LEFT THUMB,FRACTURE LEFT THUMB
FIBROADRENOSIS,FIBROADRENOSIS
SUBCAPSULAR CONTRACTURE BOTH BREASTS,SUBCAPSULAR CONTRACTURE BOTH BREASTS
RUPTURE IMPLANT RT BREAST,RUPTURE IMPLANT RT BREAST
CA BLADDER AND CA URETER,CA BLADDER AND CA URETER
PSA 8 3,PSA 8 3
BILAT HYDRONEPHROSIS RT DJ MIGRATION,BILAT HYDRONEPHROSIS RT DJ MIGRATION
RT UPPER L2 LEVEL URETERIC STRICTURE,RT UPPER L2 LEVEL URETERIC STRICTURE
HYDRONEPHROSIS RT,LT HYDRONEPHROSIS
BPH WITH AUR WITH HEMATURIA,BPH WITH AUR WITH HEMATURIA
ACUTE LIMB ISCHEMIA LT LEG,ACUTE LIMB ISCHEMIA LT LEG
AVF STENOSIS MID ARM CEPHALIC VEIN,AVF STENOSIS MID CEPHALIC ARM
ESRD AVF THROMBOSE,ESRD THROMBOSED AVF
ESRD WITH AVF CUBITAL STENOSIS LT,ESRD WITH AVF CUBITAL STENOSIS LT
CONCEAL RUPTURED ABDOMINAL AORTIC ANUERYSM,CONCEAL RUPTURED ABDOMINAL AORTIC ANUERYSM
AVF STENOSIS LT WRIST,AVF STENOSIS LT WRIST
CVI AT BOTH LEGS,CVI BOTH LEGS
INFECTED AVBG LT UPPERARM,INFECT AVBG LT UPPERARM
SCORTAL ABSCESS,SCORTAL ABSCESS
VECICAL CALCULI,VECICAL CALCULI
BPH WITH UTI,BPH WITH UTI
CONTRACTURE BLADDER NECK WITH CA BLADDER,CONTRACTURE BLADDER NECK WITH CA BLADDER
R O RECURRENT BLADDER TUMOR CA RT URETER,R O RECURRENT BLADDER TUMOR CA RT URETER
LARGE LT HYDROCELE,LARGE LT HYDROCELE
SIGMOID PERFORATION S P PROXIMAL LOOP TRANSVERSE COLOSTOMY,PERFORATED CA SIGMOID C S P LOOP PROXIMAL TRANVERSE COLOSTOMY
2 ND DEGREE HEMORROID,2 ND DEGREE HEMORROID
BAGGY LOWER EYE,BAGGY LOWER EYE
OPEN FX MCP BONE,OPEN FX MCP BONE
AXILLARY BREAST BOTH,AXILLARY BREAST BOTH
CHOLANGITIS C CBD STONE S P ERCP,CHOLANGITIS C CBD STONE S P ERCP
RT HYDROTHORAX,RT HYDROTHORAX
CONTIPATION,CONSTIPATION
R O CECAL MASS,R O CECAL MASS
BEDSORE GR III AT COCCYX,BEDSORE GR III AT COCCYX
ABNORMAL CALCIFICATION RT BREAST,ABNORMAL CALCIFICATION OF RIGHT BREAST
LEFT INGUINAL HERNIA WITH UMBILICAL HERNIA,LEFT INGUINAL HERNIA WITH UMBILICAL HERNIA
MULTIPLE THYROID MASSES WITH TRACHEAL COMPRESSION,MULTIPLE THYROID MASSES WITH TRACHEAL COMPRESSION
COLOSTOMY PROLAPSE,PROLAPSE COLOSTOMY
CA RECTUM S P LAP AR,CA RECTUM S P LAP AR
ANAL POLYP WITH COMBINED HEMORRHOID,ANAL POLYP WITH COMBINED HEMORRHOID
CA HEPATI FLEXURE,CA HEPATIC FLEXURE
BILAT CVI C3,BILAT CVI C3
ANEURYSM LT AVF,ANEURYSM AVF LT ARM
ESRD S P RT CUBITAL AVF,ESRD S P RT CUBITAL AVF
AVF LT CUBITAL WITH JUXTA ANASTOMOSIS STENOSIS,AVF LT CUBITAL WITH JUXTA ANASTOMOSIS STENOSIS
R O INFLOW STENOSIS RT,R O INFLOW STENOSIS
ANEURYSM LT AVF C ULCER,ANEURYSM LT AVF C ULCER
ACUTE DVT S P IVC FILTER,ACUTE DVT S P IVC FILTER
SUSPECTED INFECTIVE PERICARDITIS WITH RT LEG LT FOOT PYOMYOSITIS,SUSPECTED INFECTIVE PERICARDITIS WITH RT LEG LT FOOT PYOMYOSITIS
RT UC S P RT DJ STENT,RT UC S P RT DJ STENT
BLADDER OUTLET OBSTRUCTION R O CA BLADDER,BLADDER OUTLET OBSTRUCTION R O CA BLADDER
PLACENTA PERCRETA INCRETA R O BLADDER INVASION,PLACENTA PERCRETA INCRETA R O BLADDER INVASION
LT URETEROSTOMY EXCHANGING,LT URETEROSTOMY EXCHANGING
URINARY LEAKAGE FROM KIDNEY,URINARY LEAKAGE FROM KIDNEY
MELANOCYTE NAEVI,MELANOCYTE NAEVI
KERATODERMA RT EAR,KERATODERMA RT EAR
SCC AT RT,SCC AT RT
BLEPHAROCHALACIA,BLEPHAROCHALACIA
INVERTED PAPILLOMA LEFT NOSE,INVERTED PAPILLOMA LEFT NOSE
RIGHT 1ST HYPERPARATHYROIDISM AT LOWER GLAND,RIGHT 1ST HYPERPARATHYROIDISM AT LOWER GLAND
PRIMARY HPTH AT RIGHT NECK,PRIMARY HPTH AT RIGHT NECK
TIRADS 4 THYROID NODULE,TIRADS 4 THYROID NODULE
2ND HYPERPARATHYROIDISM WITH ELEVATED PTH AND REMISSION GRAVES' DISEASE,2ND HYPERPARATHYROIDISM WITH ELEVATED PTH AND REMISSION GRAVES' DISEASE
1ST HPTH WITH SEVERE HYPERCALCEMIA,1ST HPTH WITH SEVERE HYPERCALCEMIA
INFECTED BEDSORE GR III,INFECTED BEDSORE GR III
RIGHT ADRENAL MASS,RIGHT ADRENAL MASS
RIGHT BREAST MAS,RIGHT BREAST MASS
LT BREAST MASS LLOQ,LT BREAST MASS LLOQ
CHRONIC GASTITIS,CHRONIC GASTRITIS
EC FISTULA MIDLINE INCISION ANASTOMOSIS,EC FISTULA MIDLINE INCISION ANASTOMOSIS
LT SKULL DEFECT,LEFT SKULL DEFECT
RT CP ANGLE MENINGIOMA,RT CP ANGLE MENINGIOMA
RT SCHWANNOMA,RT SCHWANNOMA
L2345S1 SPONDYLOSIS,L345 SPONDYLOSIS
BILATE HYDRONEPHROSIS S P DJ STENT,BILATE HYDRONEPHROSIS S P DJ STENT
CHIARI I MALFORMATION,CHIARI I MALFORMATION
ACUTE ONTOP CHRONIC SDH AT RT FRONTOPARIETAL,ACUTE ONTOP CHRONIC SDH AT RT FRONTOPARIETAL
L2 3 SPONDYLOSIS RT,L2 3 SPONDYLOSIS
L234 SPONDYLOSIS ADJACENT LEVEL DEGENERATION S P L45 PDS FIXATION,L234 SPONDYLOSIS ADJACENT LEVEL DEGENERATION S P L45 PDS FIXATION
C6 7 SPONDYLOSIS LT>RT,C6 7 SPONDYLOSIS LT>RT
L 23 STENOSIS ADJACENT LEVEL L2345,ADJACENT LEVEL STENOSIS L2 3
RT MENNINGIOMA,RT MENNINGIOMA
CA LUNG C BRAIN METASTASIS,CA LUNG C BRAIN METASTASIS
MALIGNANT OF SKULL,MALIGNANT OF SKULL
CYST AT LT TVC,CYST AT LT TVC
LT NASAL TUMOR,LT NASAL TUMOR
LYMPHANGIOMA ANY SITE,LYMPHANGIOMA ANY SITE
TONSILITIS WITH ITH WITH OSA,TONSILITIS WITH ITH WITH OSA
EPISTAXIS LT,EPISTAXIS LT
CR,CR
LARGE LIPOMA AT RT FLANK,LARGE LIPOMA AT RT FLANK
CA RECTOSIGMOID S P LAP LAR,CA RECTOSIGMOID S P LAP LAR
RT FVC CYST,RT FVC CYST
LT ZMC FRACTURE,LT ZMC FRACTURE
BLEPHALOCHALASIA,BLEPHALOCHALASIA
LW AT RT ARM,LW AT RT ARM
S P RHINOPLASTY WITH DEVEATION,S P RHINOPLASTY WITH DEVEATION
MASS AT RT CHEECK,MASS AT RT CHEECK
MELANOMA AT TRUNK,MELANOMA AT TRUNK
INCLUSION CYST AT HEAD,INCLUSION CYST AT HEAD
LIPOMA AT NECK,LIPOMA AT NECK
MASS AT LEFT TEMPORAL,MASS AT LEFT TEMPORAL
MULTIPLE SKIN TAG SEB K,MULTIPLE SKIN TAG SEB K
CFX LT ZYGOMATICOMAXILLARY COMPLEX,CFX LT ZYGOMATICOMAXILLARY COMPLEX
BILATERAL URETERIC STRICTURE WITH BILAT HYDRONEPHROSIS,BILATERAL URETERIC STRICTURE WITH BILAT HYDRONEPHROSIS
GROSS HEMATURIA R O RADIATIVE CYSTITIS,GROSS HEMATURIA R O RADIATIVE CYSTITIS
RT TESTICULAR TUMOR,RT TESTISCULAR TUMOR
CA BLADDER S P TUR BT กลางปี 64,CA BLADDER S P TUR BT กลางปี 64
RT ADRENAL MASS WITH BILAT HYDRONAPHROSIS,RT ADRENAL MASS WITH BILAT HYDRONAPHROSIS
BLADDER NODULE AT ANT WALL,BLADDER NODULE AT ANT WALL
SUI,SUI
HIGH PSA WITH BONE METASTASIS SUSPECTED CA PROSTATE,SUSPECTES CA PROSTATE WITH BONE METASTASIS
LT URETERIC TUMOR,LT URETERIC TUMOR
BLADDER TUMOR RT URETERIC MASS,BLADDER TUMOR RT URETERIC MASS
LT TRUE VOCAL MASS,LT TRUE VOCAL MASS
MUCOCELE RT LOWER LIP,MUCOCELE RT LOWER LIP
MODERATE OSA U D DM HT,MODERATE OSA U D DM HT
RIGHT JJ STENT,RIGHT JJ STENT
MALIGNANT NEOPLASM OF DOME OF BLADDER,MALIGNANT NEOPLASM OF DOME OF BLADDER
SV FISTULA,SV FISTULA
COLONICUTANEUS FISTULA,COLONICUTANEUS FISTULA
URGENT INCONTINENT,URGENT INCONTINENT
CA RECTUM WITH STATUS CHEMOPORT,CA RECTUM WITH STATUS CHEMOPORT
RECUURENT FIA,RECURRENT FIA
CA OVARY S P ENBLOC RESECTION LAR LOOP PROXIMAL COLOSTOMY,CA OVARY S P ENBLOC RESECTION LAR LOOP PROXIMAL COLOSTOMY
CA SIGMOID WITH DLC,CA SIGMOID WITH DLC
INFECTED LEFT AVBG,INFECTED LEFT AVBG
CVI C4A OF BOTH LEGS,CVI C4A OF BOTH LEGS
TEAR LOBULE BOTH EAR,TEAR LOBULE BOTH EAR
BILAT CHRONIC SINUSITIS WITH NASAL POLYP DNS,BILAT CHRONIC SINUSITIS WITH NASAL POLYP DNS
SCREWS DISPLACEMENT,SCREWS DISPLACEMENT
BRAIN ABSCESS AT RT PARIETAL LOBE,BRAIN ABSCESS AT RT PARIETAL LOBE
LT SPHENOID WING MENINGIOMA,LEFT SPHENOID WING MENINGIOMA
ADJACENT LEVEL RT L3 4 STENOSIS,ADJACENT LEVEL STENOSIS L2 3
CELLULITIS LT LEG,CELLULITIS LT LEG
AVBG LT UPPER ARM OUTFLOW STENOSIS,AVBG LT UPPER ARM OUTFLOW STENOSIS
AORTIC DISSECTION TYPE B,AORTIC DISSECTION TYPE B
STEAL SYNDROME GR I LT AVF,STEAL SYNDROME GR I LT AVF
INFECTED AVBG LT UPPER ARM,INFECTED AVBG LT UPPER ARM
NF LT LEG S P FASCIOTOMY DEBRIDEMENT,NF RT LEG S P DEBRIDEMENT FASCIOTOMY
DVT LT LEG WITH STENT OCCLUSION S P THROMBOASPIRATION,DVT LT LEG WITH STENT OCCLUSION S P THROMBOASPIRATION
ESRD WITH THROMBOSE AVBG,ESRD WITH THROMBOSE AVF
ESRDT,ESRD
JUXTARENAL AAA S P EVAR ENDOLEAK III,JUXTARENAL AAA S P EVAR ENDOLEAK III
ESRD ON TCC RT IJV WITH DISPLACED,ESRD ON TCC RT IJV WITH DISPLACED
SPONTANEUS PNEUMOTHORAX,RT SPONTANEOUS PNEUMOTHORAX
GALLBLADDER MASS R O STONE,GALLBLADDER MASS R O STONE
CA HEPATIC FLEXURE WITH LIVER METASTASIS,CA HEPATIC FLEXURE C LIVER METASTASIS
MIRIZZI SYNDROME TYPE 3,MIRIZZI SYNDROME TYPE 3
INFECTED WOUND RT SHOULDER RT BACK S P DEBRIDEMENT,INFECTED WOUND RT SHOULDER RT BACK S P DEBRIDEMENT
CLI RT WITH GANGRENE 1ST AND 2 ND TOE,CLI RT WITH GANGRENE 1ST AND 2 ND TOE
BLUNT ABDOMINAL S P EL C TEMPORARY CLOSURE,BLUNT ABDOMINAL S P EL C TEMPORARY CLOSURE
INFECTED BEDSORE LT HIP COCCYX,INFECTED BEDSORE LT HIP COCCYX
NF RT LEG S P FASCIOTOMY DEBRIDEMENT,NF RT LEG S P DEBRIDEMENT FASCIOTOMY
L2 5 SPINAL STENOSIS,L4 5 SPINAL STENOSIS
ADJACENT LEVEL L3 4,ADJACENT LEVEL L34
C 6 7 SPONDYLOSIS RT>LT,C 6 7 SPONDYLOSIS RT>LT
L 4 5 STENOSIS C ADJACENT LEVEL DEGENERATION,L 4 5 STENOSIS C ADJACENT LEVEL DEGENERATION
LT BREAST MASS LUOQ PALPABLE,LT BREAST MASS L8 PALPABLE
LT CA BREAST S P NEOADJUVANT,LT CA BREAST S P NEOADJUVANT
MULTIPLE TRAUMA WITH PANCREATICO DUODENAL INJURY GRADE 3 S P EL,MULTIPLE TRAUMA WITH PANCREATICO DUODENAL INJURY GRADE 3 S P EL
LEFT LOWER 1ST HPTH WITH PATHOLOGIC FRACTURE,LEFT LOWER 1ST HPTH WITH PATHOLOGIC FRACTURE
ESRD WITH 2ND HYPERPTH HIGH LEVEL,ESRD WITH 2ND HYPERPTH HIGH LEVEL
RIGHT THYROID SOLID CYSTIC MASS,RIGHT THYROID SOLID CYSTIC MASS
PERSISTENT HPTH AT RIGHT SIDE WITH SUSPICIOUS FOR THYROID CANCER,PERSISTENT HPTH AT RIGHT SIDE WITH SUSPICIOUS FOR THYROID CANCER
2ND HTPH WITH PSYCHIC PROBLEM,2ND HTPH WITH PSYCHIC PROBLEM
LEFT THYROID MASS B4,LEFT THYROID MASS
LEFT CA BREAST S P MASTECTOMY WITH IMPLANT RECONSTRUCTION,LEFT BREAST CANCER S P BILATERAL MASTECTOMY WITH IMPLANT RECONSTRUCTION
BLUNT ABDOMINAL TRAUMA WITH PROLONG INTUBATION,BLUNT ABDOMINAL TRAUMA WITH PROLONG INTUBATION
MULTIPLE TR4 THYROID MASSES,MULTIPLE THYROID MASSES
C4 5 SPONDYLOSIS C MYELOPATHY,C4 5 SPONDYLOSIS C MYELOPATHY
C5 6 DISC HERNIATION,C 67 DISC HERNIATION LT
L 2345 SPONDYLOSIS,L4 5 SPONDYLOSIS
C3 6 DISC HERNIATION,C 67 DISC HERNIATION LT
RT C5 6 SPONDYL;OSIS,RT C5 6 SPONDYL;OSIS
RT CERVICAL LN METASTASIS C UNKNOWN PRIMARY,RT CERVICAL LN METASTASIS C UNKNOWN PRIMARY
MALIGNANT NEOPLASM OF PAROTID GLAND,MALIGNANT NEOPLASM OF THYROID GLAND
PAPPILLARY THYROID CANCER,PAPILLARY THYROID CANCER
SUBSIDE CALCULOUS CHOLECYSTITIS,SUBSIDED CALCULOUS CHOLECYSTITIS
CA,CA
TOXIC ADENOMA RT,TOXIC ADENOMA RT
LT MCA INFARCT,LT MCA INFARCT
RT CEREBEALLR INFARCTION WITH BRAIN SWELLING,RT CEREBEALLR INFARCTION WITH BRAIN SWELLING
L2345 S1 SPINAL CANAL STENOSIS,L2345 S1 SPINAL CANAL STENOSIS
CYSTIC MENINGIOMA,CYSTIC MENINGIOMA
C3 4 SPONDYLOTIC MYELOPATHY,C3 4 SPONDYLOTIC MYELOPATHY
BCC AT RT CHEEK,BCC AT RT CHEEK
MASS AT RT PTERIOR RT SCLPULAR,MASS AT RT PTERIOR RT SCLPULAR
MASS AT RT EYE,MASS AT RT EYE
SYRINGOMYELIA,SYRINGOMYELIA
ADJCENT LEVEL L2 3 4 S P L4 5 S1,ADJCENT LEVEL L2 3 4 S P L4 5 S1
PANNUS FORMATION C2,PANNUS FORMATION C2
LT PETROUS MENINGIOMA,LT PETROUS MENINGIOMA
CYSTIC MASS AT OCCIPUT,CYSTIC MASS AT OCCIPUT
RT TEMPORAL GLIOMA,RT TEMPORAL GLIOMA
RECURRENT RT TEMPORAL GLIOMA,RECURRENT RT TEMPORAL GLIOMA
CARDIOEMBOLIC ISCHEMIC STROKE S P CRANIECTOMY,CARDIOEMBOLIC ISCHEMIC STROKE S P CRANIECTOMY
OSA ON CPAP,OSA ON CPAP
BILAT CRS WIITH DNS,BILAT CRS WITH NP
DEVIATED NASAL SEPTUM OSA,DEVIATED NASAL SEPTUM
RETAIN BULLET RT LOWER BACK,RETAIN BULLET RT LOWER BACK
ODONTOID FRACTURE TYPE 2,ODONTOID FRACTURE TYPE 2
MICROSCOPIC HEMATURIA PROSTATITIS,MICROSCOPIC HEMATURIA PROSTATITIS
POSTHITIS WITH REDUNDANT PREPUCE,POSTHITIS WITH REDUNDANT PREPUCE
S P VASECTOMY,S P VASECTOMY
AUR C URETHRAL INJURY,AUR C URETHRAL INJURY
BILAT TVC PARALYSIS IMPENDING UAO,BILAT TVC PARALYSIS IMPENDING UAO
CA LT BOT PYRIFORM,CA LT BOT PYRIFORM
MEDIASTINUM MASS PROLONG INTUBATION,MEDIASTINUM MASS PROLONG INTUBATION
COMPLETE TEAR TENDON LT 4TH 5TH FINGERS,COMPLETE TEAR TENDON LT 4TH 5TH FINGERS
AVULSION WOUND LT EAR LOBE,AVULSION WOUND LT EAR LOBE
KERATOSIS,KERATOSIS
MASS AT RIGHT INDEX,MASS AT RIGHT INDEX
MASS AT HEAD,MASS AT HEAD
LW AT FOREHEAD WITH FRONTAL BONE FX,LW AT FOREHEAD WITH FRONTAL BONE FX
MULTIPLE WART AT RT HAND,MULTIPLE WART AT RT HAND
MASS AT NOSE S P EXCISION,MASS AT NOSE S P EXCISION
BILATERAL RUPTURED BREAST IMPLANT,BILATERAL RUPTURED BREAST IMPLANT
ECF CA RETUM S P LAR WEDGE BLADDER,ECF CA RETUM S P LAR WEDGE BLADDER
LUTS 2 WAY,LUTS 2 WAY
UREHTRA STRICUTRE,UREHTRA STRICUTRE
COLOVESICAL FISTULA,COLOVESICAL FISTULA
CA RECTUM C LGIH,CA RECTUM C LGIH
RECTAL PROLAPSE WITH ANAL STRICTURE S P ALTEMIER STRICTUROPLASTY,RECTAL PROLAPSE WITH ANAL STRICTURE S P ALTEMIER STRICTUROPLASTY
HIDRADENITIS SUPPURATIVE,HIDRADENITIS SUPPERATIVA
MASS AT RT MEDIAL EYE,MASS AT RT MEDIAL EYE
MASS AT SCALP SUSPECTED DSFP,MASS AT SCALP SUSPECTED DSFP
OPEN FRACTURE MANDIBLE RAMI,OPEN FRACTURE MANDIBLE RAMI
INFECTED KELOID AT ABDOMINAL WALL,INFECTED KELOID AT ABDOMINAL WALL
SCAR AT LT HAND,SCAR AT LT HAND
DJ STENT LT,RT DJ STENT
LT RENAL CORTEX TUMOR LT RENAL PELVIS TUMOR RENAL VEIN THROMBUS,LT RENAL CORTEX TUMOR LT RENAL PELVIS TUMOR RENAL VEIN THROMBUS
RT PELVIC STONE,RT PELVIC STONE
UREHRAL STRICTURE,URETHRAL STRICTURE
RT STAGHORN STONE,RT STAGHORN STONE
GROSS HEMATURIA C ANEMIA,GROSS HEMATURIA C ANEMIA
SCROTAL NODULE,SCROTAL NODULE
URETEROSTOMY,URETEROSTOMY
URETHRAL CARUNCLE,URETHRAL CARUNCLE
PROLONG INTUBATION DUE TO POST RTPA HEMORRHAGE,PROLONG INTUBATION DUE TO POST RTPA HEMORRHAGE
LEFT ACOUSTIC TUMOR,LEFT ACOUSTIC TUMOR
L3 4 STENOSIS WITH HX S P L45S1 PDS,L3 4 STENOSIS WITH HX S P L45S1 PDS
L3 S1 SPONDYLOSIS WITH SPINAL STENOSIS,L3 S1 SPONDYLOSIS WITH SPINAL STENOSIS
LT FRONTAL LOBE CONTUSION WITH ICH,LT FRONTAL LOBE CONTUSION WITH ICH
LT CRANIAL DEFECT,RT CRANIAL DEFECT
GALL BLADDER POLYP,GALL BLADDER POLYP
PAPILLARY THYROID CANCAR,PAPILLARY THYROID CANCER
LEFT IIH C THROMBOCYTOPENIA,LEFT IIH C THROMBOCYTOPENIA
R O CA PROSTATE ANEMIA,R O CA PROSTATE ANEMIA
3RD HYPERPARATHYROID,2 HYPERPARATHYROID
CA SIGMOID WITH LIVER METASTASIS S7,CA SIGMOID WITH LIVER METASTASIS
CRCS SCREENING,SCREENING CRC
CA HEPATIC FLEXURE S P LAP ERHC WITH AAA,CA HEPATIC FLEXURE S P LAP ERHC WITH AAA
CA DESCENDING,CA DESCENDING
CENTRAL V STENOSIS,CENTRAL VEIN STENOSIS
RECURRENT CA BUCCAL,RECURRENT CA BUCCAL
ANEURYSM AT AVF LT CUBITAL,ANEURYSM AT AVF LT CUBITAL
CLTI RT LEG S P REVASCULARIZATION,CLTI RT LEG S P REVASCULARIZATION
TB2 OUTFLOW OCCLUSION,TB2 OUTFLOW OCCLUSION
CLI LT LEG WITH GANGRENE LT FOOT S P REVASCULARIZATION,CLI LT LEG WITH GANGRENE LT FOOT S P REVASCULARIZATION
THRMOBOSED AVBG AT LT FOREARM,THROMBOSED AVBG LT FOREARM
ESRD WITH FALSE ANEURYSM AVF LT ARM,ESRD WITH FALSE ANEURYSM AVF LT ARM
ESRD WITH BLEEDING AVF LT CUBITAL,ESRD WITH BLEEDING AVF LT CUBITAL
CRITICAL LIMB ISCHEMIA RT LEG WITH S P AMPUTATED 4 5TH FINGER,CRITICAL LIMB ISCHEMIA RT LEG WITH S P AMPUTATED 4 5TH FINGER
CVI C4B,CVI C4B
DISTAL LT UC,RT DISTAL UC
BLUNT ABD INJURY C TEMPORARY CLOSURE,BLUNT ABD INJURY C TEMPORARY CLOSURE
BLUNT AB S P EL S P VACCUM DRESSING ABDOMINAL TOILET,BLUNT AB S P EL S P VACCUM DRESSING ABDOMINAL TOILET
MASS AT CHEST,MASS AT CHEST
ESRD WITH SVC THROMBOSIS,ESRD WITH SVC THROMBOSIS
S P AVF RT WRIST WITH INFLOW STENOSIS,S P AVF RT WRIST WITH INFLOW STENOSIS
THROMBOSE AV GRAFT,THROMBOSE AV GRAFT
R O STENOSIS AVBG LT FOREARM,R O STENOSIS AVBG LT FOREARM
SPONTANEOUS LT PNEUMOTHORAX,RT SPONTANEOUS PNEUMOTHORAX
MALIGNANT SOFT TISSUE SARCOMA C LINGULAR LOBE NODULE,MALIGNANT SOFT TISSUE SARCOMA C LINGULAR LOBE NODULE
RCC C RLL METASTASIS,RCC C RLL METASTASIS
IMH TYPE B WITH AORTIC DISSECTION AT SMA,IMH TYPE B WITH AORTIC DISSECTION AT SMA
RT PNEUMOTHORAX,RT PNEUMOTHORAX
RECURRENT HCC S4A 4B,RECURRENT HCC S4A B
MIRIZZI SYNDROME S P PARTIAL CHOLECYSTECTOMY REPAIRED CBD OVER T TUBE,MIRIZZI SYNDROME S P PARTIAL CHOLECYSTECTOMY REPAIRED CBD OVER T TUBE
MIRIZZI TYPE 4 WITH SUBSIDED CHOLECYSTITIS WITH GALLSTONE,MIRIZZI TYPE 4 WITH SUBSIDED CHOLECYSTITIS WITH GALLSTONE
SUBSIDE CHOLECYSTITIS REMNANT,SUBSIDE CHOLECYSTITIS REMNANT
INFECTED HEMATOMA S P DB EVACUATION BLOOD CLOT S P SHOELACE,INFECTED HEMATOMA S P DB EVACUATION BLOOD CLOT S P SHOELACE
S P VACCUUM DRESSING,S P VACCUUM DRESSING
GSW S P RHC WITH SSI,GSW S P RHC WITH SSI
S P VACUUM DRSSING,S P VACCUUM DRESSING
PALMAR HYPERHIDROSIS,PALMAR HYPERHIDROSIS
S P RT HERNIOPLASTY,S P RT HERNIOPLASTY
TOXIC MNG LT SIDE,TOXIC MNG LT SIDE
FOLLICULAR NEOPLASM LT THYROID,FOLLICULAR NEOPLASM LT THYROID
CA PAPILLARY THYROID S P TRACHEOSTOMY C THYROIDECTOMY C MRND,CA PAPILLARY THYROID S P TRACHEOSTOMY C THYROIDECTOMY C MRND
SYMPTOMATIC GALLSTONE S P ERCP,SYMPTOMATIC GALLSTONE S P ERCP
1 LARGE LIPOMA AT BACK 2 RT DIH,1 LARGE LIPOMA AT BACK 2 RT DIH
LEFT CA BREAST S P MASTECTOMY WITH HEMATOMA,LEFT CA BREAST S P MASTECTOMY WITH HEMATOMA
RIGHT AND ISTHMUS NODULE,RIGHT AND ISTHMUS NODULE
CA ESOPHAGUS WITH JEJUNOSTOMY DISPLACEMENT,CA ESOPHAGUS WITH JEJUNOSTOMY DISPLACEMENT
DCIS LT BREAST R1 BREAST MASS,DCIS LT BREAST R1 BREAST MASS
S P VACUUM DRESSING,S P VACCUUM DRESSING
LT TENTORIUM MENINGIOMA S P LT SUBOCCIPITAL CRANIOTOMY WITH TUMOR REMOVAL WITH POST OP CSF OTORRHEA,LT TENTORIUM MENINGIOMA S P LT SUBOCCIPITAL CRANIOTOMY WITH TUMOR REMOVAL WITH POST OP CSF OTORRHEA
BRAIN TUMOR RT FRONTAL MASS,RT FRONTAL BRAIN TUMOR
RECURRENCE LOW GRADE GLIOMA,RECURRENCE LOW GRADE GLIOMA
OLFACTORY MENINGIOMA,OLFACTORY BULB MENINGIOMA
HNP C7 T1 WITH SPINAL STENOSIS C7 T1 WITH SPINAL CORD SWELLING,HNP C7 T1 WITH SPINAL STENOSIS C7 T1 WITH SPINAL CORD SWELLING
S P CRANIECTOMY WITH HYDROCEPHALUS,S P CRANIECTOMY WITH HYDROCEPHALUS
4 TH VENTRICLE EPIDERMOID CYST,4 TH VENTRICLE EPIDERMOID CYST
NODULES OF VOCAL CORDS LT,NODULES OF VOCAL CORDS LT
LT SUBMANDIBULAR AND SUBLINGUAL MASS,LT SUBMANDIBULAR AND SUBLINGUAL MASS
MASS RT EAR,MASS RT EAR
INFERIOR TUBINATE HYPERTROPHY,INFERIOR TUBINATE HYPERTROPHY
ABSCESS AR RT NECK,ABSCESS AR RT NECK
LT BUCCAL SPACE ABSCESS,LT BUCCAL SPACE ABSCESS
BLUNT ABD S P EL,BLUNT AB S P EL
R O ANAPLASTIC THYROID CANCER,R O ANAPLASTIC THYROID CANCER
INFECTED HEMATOMA RIGHT LEG S P DEBRIDEMENT,INFECTED HEMATOMA RIGHT LEG S P DEBRIDEMENT
LDEFT ADRENAL MASS,LEFT ADRENAL MASS
RT ADRENAL CORTICAL ADRENOMA C BILAT HYDRONEPHROSIS S P LAP ADRENALECTOMY S P BILAT DJ STENT,RT ADRENAL CORTICAL ADRENOMA C BILAT HYDRONEPHROSIS S P LAP ADRENALECTOMY S P BILAT DJ STENT
RT COM WITH GRANULATION,RT COM WITH GRANULATION
CA LT TONGUE C SUPRAGLOTTIC CA RT,CA LT TONGUE C SUPRAGLOTTIC CA RT
EAGLE'S SYNDROME,EAGLE'S SYNDROME
CR WITH CHT,CHT WITH CR
LIPOMATOSIS AT POSTERIOR NECK,LIPOMATOSIS AT POSTERIOR NECK
DERMATOFIBROSIS AT SCALP S P WLE,DERMATOFIBROSIS AT SCALP S P WLE
CFX LT MAXILLARY SINUS,CFX LT MAXILLARY SINUS
FX LEFORT 3 FRACTURE,FX LEFORT 3 FRACTURE
CLEFT LIP,CLEFT LIP
KELOID ON RT EAR,KELOID RT EAR
MASS AT CHEEK AND NECK,MASS AT CHEEK AND NECK
MASS AT LEFT EYELID,MASS AT LEFT EYELID
MASS AT SHOULDER AND LEFT INGUALNAL CREASE,MASS AT SHOULDER AND LEFT INGUALNAL CREASE
RT HAND ABSCESS,RT HAND ABSCESS
ACUTE LIMB ISCHEMIA S P FASCIOTOMY,ACUTE LIMB ISCHEMIA S P FASCIOTOMY
ESRD WITH GIANT AVF LT UPPER ARM,ESRD WITH GIANT AVF LT UPPER ARM
S P DDKT WITH LYMPHOCELE,S P DDKT WITH LYMPHOCOEL
HYDROURETER C HYDRONEPHROSIS,HYDROURETER C HYDRONEPHROSIS
BPH WITH GROSS HEMATURIA URETHRAL STRICTURE,URETHRAL STRICTURE GROSS HEMATURIA
CA RT DISTAL URETER S P NUBCE,CA RT DISTAL URETER S P NUBCE
SCROTAL INCLUSION CYSTS,SCROTAL INCLUSION CYSTS
CA BLADDER ANTERIOR WALL,CA BLADDER ANTERIOR WALL
CA RT DISTAL URETER,CA RT DISTAL URETER
DJ STRNT,DJ STRNT
R O BLADDER TUMOR C HYDRONEPHROSIS,R O BLADDER TUMOR C HYDRONEPHROSIS
CA BLADDER MULTIPLE SITE,MULTIPLE CA BLADDER
CA KIDNEY,CA KIDNEY
URTHRAL DIVER,URTHRAL DIVER
CA BLADDER LESION LEFT POSTERIOR WALL,CA BLADDER LESION LEFT POSTERIOR WALL
URETHRAL STRICITURE,URETHRAL STRICTURE
R O TB CYSTITIS,R O TB CYSTITIS
CA COLON S P AR WITH HARTMANN,CA COLON S P AR WITH HARTMANN
DDX CA SIGMOID WITH LUNG MET LIVER MET,DDX CA SIGMOID WITH LUNG MET LIVER MET
PILONIDAL DISEASE,PILONIDAL DISEASE
ANAL CANAL POLYP,ANAL CANAL POLYP
RIGHT CA BREAST S P BCT SLNB,RIGHT CA BREAST S P BCT
CLI LEFT LEG S P BKA,CLI LEFT LEG S P BKA
CLI WITH WET GANGREEN AT 2ND 4TH TOE RT FOOT,CLI WITH WET GANGREEN AT 2ND 4TH TOE RT FOOT
GB MASS,GB MASS
ACUTE ABDOMINAL PAIN,ACUTE ABDOMINAL PAIN
MULTIPLE THYROID NODULE,MULTIPLE THYROID NODULES
GRAVES' DISEASE WITH COLD NODULE RT,GRAVES DISEASE WITH COLD NODULE
MULTIPLETHYROID NODULES,MULTIPLETHYROID NODULES
COLOSIS AGENT INGESTION,COLOSIS AGENT INGESTION
FIA SKIN TAG,FIA SKIN TAG
PERSISTENCE ANAL CANCER,PERSISTENCE ANAL CANCER
THYROID CANCER,THYROID CANCER
MULTIPLE BENIGN THYROID MASSES AT BOTH LOBES,MULTIPLE BENIGN THYROID MASSES AT BOTH LOBES
MULTIPLE THYROID MASSES AT BOTH THYROID LOBES,MULTIPLE THYROID MASSES AT BOTH THYROID LOBES
LIPOMA AT LT THIGH AND BOTH FOREARM,LIPOMA AT LT THIGH AND BOTH FOREARM
RIGHT PAROTID MASS,RT PAROTID MASS
CLI RT FOOT,CLI RIGHT FOOT
R O JUXTAVENOUS STENOSIS LT,R O JUXTAVENOUS STENOSIS LT
INFECTED AVBG AT LT UPPER ARM,INFECTED AVBG LT UPPER ARM
INFECTED AVBG LT ARM,INFECTED AVBG LT ARM
AVF RT WRIST STENOSIS,AVF STENOSIS LT WRIST
S O INFLOW STENOSIS,S O INFLOW STENOSIS
AVF STENOSIS ; JUXTA ANASTOMOSIS AND CUBITAL,AVF STENOSIS ; JUXTA ANASTOMOSIS AND CUBITAL
LT ANTERIOR MEDIASTINAL MASS,ANTERIOR MEDIASTINAL MASS
CRLM S6 S P EL COLECTOMY,CRLM S6 S P EL COLECTOMY
CONGENITAL HYDROCELE,CONGENITAL HYDROCELE
RT BREAST CANCER S P NACT,RT BREAST CANCER S P NACT
LIPOMA AT RT UPPER ARM,LIPOMA AT RT UPPER ARM
RT AXILLARY LYMPHADENOPATHY,RT AXILLARY LYMPHADENOPATHY
GYNECOMASTIA,GYNECOMASTIA
PAPILLARY THYROID CANCER S P RIGHT TOETVA,PAPILLARY THYROID CANCER S P RIGHT TOETVA
CVI LT C4A RT C5,CVI LT C4A RT C5
OUTFLOW STENOSIS AVBG LT FOREARM,OUTFLOW STENOSIS AVBG LT FOREARM
RT TENTORIAL MENINGIOMA,RT TENTORIAL MENINGIOMA
PRESSURE ULCER GR IV AT COCCYX,PRESSURE ULCER GR IV AT COCCYX
CLTI WITH INFECTED RT BIG TOE,CLTI WITH INFECTED RT BIG TOE
LT BREAST MASS R O PHYLLODES,LT BREAST MASS R O PHYLLODES
MULTIPLE NODULE L1 ADH WITH BLOODY NIPPLE DISCHARGE,MULTIPLE NODULE L1 ADH WITH BLOODY NIPPLE DISCHARGE
FIBROADENOMA LT BREAST,FIBROADENOMA RIGHT BREAST
RT BREAST MASS R1 2CM R11 1 8CM **2LESIONS,RT BREAST MASS R1 2CM R11 1 8CM **2LESIONS
RIGHT THYROID MASS 2 6 CM,RIGHT THYROID MASS 2 6 CM
BLUNT ABDOMEN INJURY,BLUNT ABDOMINAL INJURY
LEFT COMPLEX CYST OF THYROID,LEFT COMPLEX CYST OF THYROID
BREAST MASS AT R12 L4 L9,BREAST MASS AT R12 L4 L9
L3 4 ADJACENT LEVEL DEGENERATION S P L4 S1 PDS FIXATION,L3 4 ADJACENT LEVEL DEGENERATION S P L4 S1 PDS FIXATION
MASS AT RT FRONTAL R O MENINGIOMA,MASS AT RT FRONTAL R O MENINGIOMA
BENIGN NEOPLASM OF CEREBRAL MENINGES,BENIGN NEOPLASM OF CEREBRAL MENINGES
SPONDYLOLISTHESIS L3 5 WITH HNP L3 5,SPONDYLOLISTHESIS L3 5 WITH HNP L3 5
BRAIN ABSCESS,BRAIN ABSCESS
RT BASE OF TONGUE MASS,RT BASE OF TONGUE MASS
CA RT EAC T3,CA RT EAC T3
LT LOWER LIP MASS,MASS LOWER LIP
FOLLICULAR NEOPLASM AT LEFT THYROID LOBE,FOLLICULAR NEOPLASM AT LEFT THYROID LOBE
LARGE LEFT THYROID MASS,LARGE LEFT THYROID MASS
RIGHT THYROID MASS X 2 1 67 AND 0 9 CM,RIGHT THYROID MASS X 2 1 67 AND 0 9 CM
LEFT THYROID MASSES X 2,LEFT THYROID MASSES X 2
RIGHT THYROID MASS TR4,RIGHT THYROID MASS
APPENDICITIS,APPENDICITIS
BREAST MASS AT R10,BREAST MASS AT R10
10% 2ND DEGREE BURN AT FACE,10% 2ND DEGREE BURN AT FACE
L 4 5 SPONDYLOLISTHESIS,L4 5 SPONDYLOLISTHESIS
COMPRESSION FRACTURE T12,COMPRESSION FRACTURE L1
R O MENINGIOMA T5 6 LT,R O MENINGIOMA T5 6 LT
ACOM ANEURYSM,ACOM ANEURYSM
MENINGIOMA AT CLIVUS,MENINGIOMA AT CLIVUS
C 7 CORD TUMOR INTRADURAL,C 7 CORD TUMOR INTRADURAL
SECONDARY HYPERPTH,SECONDARY HYPERPTH
PAPILLARY THYROID CANCER WITH MULTIPLE LN METASTASIS WITH SPINAL METASTASIS,PAPILLARY THYROID CANCER WITH MULTIPLE LN METASTASIS WITH SPINAL METASTASIS
SUBSIDED CHOLANGITIS GS,SUBSIDE CHOLANGITIS
TERTIARY HYPERPARATHYROID,TERTIARY HYPERPARATHYROIDISM
ACUTE CHOLANGITIS S P ERCP WITH STENT 19 12 63,ACUTE CHOLANGITIS S P ERCP WITH STENT 19 12 63
S P THORACOTOMY WITH POST OP BLEEDING,S P THORACOTOMY WITH POST OP BLEEDING
LOCULATE LEFT PLEURAL EFFUSION,LOCULATE LEFT PLEURAL EFFUSION
OBSTRUCTED CA RECTUM,OBSTRUCTED CA RECTUM
RT IIH S P RT HERNIOPLASTY WITH SSI,RT IIH S P RT HERNIOPLASTY WITH SSI
LEFT HYDRONEPHROSIS,LT HYDRONEPHROSIS
RT TESTICULAR ABSCESS,RT TESTICULAR ABSCESS
HIGJH PSA,HIGH PSA
RT EPIDIDYMAL MASS,RT EIDIDYMAL MASS
GROSS HEMATURIA WITH CLOT RETENTION,GROSS HEMATURIA WITH CLOT RETENTION
ISCHEMIC STROKE WITH RESPIRATORY FAILURE,ISCHEMIC STROKE WITH RESPIRATORY FAILURE
DIFFICULT WEANNING ETT,DIFFICULT WEANNING ETT
BENIGN NEOPLASM OF LIP,BENIGN NEOPLASM OF LIP
ATH WITH CHRONIC SINUNITIS,ATH WITH CHRONIC SINUNITIS
CA LT EAC T2,CA LT EAC T2
SQUAMOUS PAPILLOMA LT SEPTUM,SQUAMOUS PAPILLOMA LT SEPTUM
ADENOTONSILLAR HYPERTROPHY,ADENOTONSILLAR HYPERTROPHY
SCCA LT NECK NODE UNKNOWN PRIMARY,SCCA LT NECK NODE UNKNOWN PRIMARY
MASS AT SCALP S P EXCISION,MASS AT SCALP S P EXCISION
BILATERAL AXILLARY BREAST,BILATERAL AXILLARY BREAST
POLYDECTARY LT THUMB,POLYDECTARY LT THUMB
MALIGNANT MELANOMA AT RT 4TH 5TH TOE,MALIGNANT MELANOMA AT RT 4TH 5TH TOE
2ND DEGREE BURN S P STSG,2ND DEGREE BURN S P STSG
ADVANCED CA PROSTATE WITH BLADDER MASS,ADVANCED CA PROSTATE WITH BLADDER MASS
CA BLADDER S P RADICAL CYSTOPROSTATECTOMY WITH ILEAL CONDUIT,CA BLADDER S P RADICAL CYSTOPROSTATECTOMY WITH ILEAL CONDUIT
LT DISTAL UC WITH LT HYDRONEPRHOSIS REFRACTORY PAIN,LT DISTAL UC WITH LT HYDRONEPRHOSIS REFRACTORY PAIN
PARAFFINOMA S P 1ST STAGE REPAIR,PARAFFINOMA S P 1ST STAGE REPAIR
PIRADS 5,PIRADS 5
LT BREAST MASS AT L1,LT BREAST MASS L12
RT BREAST MASS AT R6,RT BREAST MASS AT R6
IMPACT GS,IMPACT GS
ESRD S P DLC RIGHT FEMORAL V,ESRD S P DLC RIGHT FEMORAL V
RT APICAL LUNG MASS,RT APICAL LUNG MASS
490,490
R O COLONIC STRICTURE,R O COLONIC STRICTURE
INFECTED STUMP,INFECTED STUMP
RT ADRENAL MASS,RIGHT ADRENAL MASS
SPONTANEOUS PNEUMOTHRAX WITH PERSISTENT LUNG COLLASPE,SPONTANEOUS PNEUMOTHRAX WITH PERSISTENT LUNG COLLASPE
RUPTURED BLADDER S P REPAIRED WITH CYSTOSTOMY,RUPTURED BLADDER S P REPAIRED WITH CYSTOSTOMY
ENDOMETRIOSIS WITH LT HYDRONEPHROSIS S P DJ STENT,ENDOMETRIOSIS WITH LT HYDRONPHROSIS S P DJ STENT
R O RECTOSIGMOID CANCER,R O RECTOSIGMOID CANCER
CA UNKNOWN PRIMARY,CA UNKNOWN PRIMARY
LARGE EXTERNAL HEMORRHIOD,LARGE EXTERNAL HEMORRHIOD
ADVANCED STAGE CA CORPUS S P TUMOR DEBULKING AND ADJUVANT CMT,ADVANCED STAGE CA CORPUS S P TUMOR DEBULKING AND ADJUVANT CMT
CA SIGMOID S P EL WITH ON VACUUM,CA SIGMOID S P EL WITH ON VACUUM
COMBIND HEMORROID,COMBINED HEMORRHOID
RUPTURE DIVERTICULITIS,RUPTURE DIVERTICULITIS
GRANULOMA AT UMBILICUS,GRANULOMA AT UMBILICUS
CA DESCENDING COLON WITH INVADE ABDOMINAL WALL S P PROXIMAL LOOP TRANSVERSE COLOSTOMY,CA DESCENDING COLON WITH INVADE ABDOMINAL WALL S P PROXIMAL LOOP TRANSVERSE COLOSTOMY
UTERINE MASS RECTAL INVASION SMALL BOWEL INVASION,UTERINE MASS RECTAL INVASION SMALL BOWEL INVASION
S P AVF LT WRIST ; SWING VEIN STENOSIS,SWING VEIN STENOSIS AVF LT WRIST
CA UTERUS,CA UTERUS
INFECTED 2ND DEGREE SUPERFICIAL BURN 5% AT LT THIGH WITH SEPSIS,INFECTED 2ND DEGREE SUPERFICIAL BURN 5% AT LT THIGH WITH SEPSIS
LIPOMA RT FLANK,LIPOMA RT FLANK
SUBSIDED CHOLECYASTITIS S P OPEN DRAINAGE,SUBSIDED CHOLECYASTITIS S P OPEN DRAINAGE
TERTIARY HPTH WITH ELEVATED CA,TERTIARY HPTH WITH ELEVATED CA
EGD,EGD
PROGRESSIVE DYSPHAGIA,PROGESSIVE DYSPHAGIA
INFECTED AVF LT CUBITAL,INFECTED AVF LT CUBITAL
GIANT AVF LT,GIANT AVF LT
THROMBOSE AVBG LT THIGH,THROMBOSE AVBG LT THIGH
THROMBOOSED AVF LT CUBITAL,THROMBOSED AVF LT CUBITAL
STEAL SYNDROME AVF RT WRIST,STEAL SYNDROME AVF RT WRIST
CVI C2,CVI C2
ESRD C EXPOSED AVBG AT LT FOREARM,ESRD C EXPOSED AVBG AT LT FOREARM
R O OUT FLOW STENOSIS,R O OUT FLOW STENOSIS
RT MIDDLE LOBE MASS,RT MIDDLE LOBE MASS
PARANEOPLASTIC RT PLEURAL EFFUSION,PARANEOPLASTIC RT PLEURAL EFFUSION
BILATERAL PULMONARY NODULE,BILATERAL PULMONARY NODULE
RT PLEURAL MASS,RT PLEURAL MASS
BLUNT ABDOMINAL INJURY WITH EL,BLUNT ABDOMINAL INJURY S P EL
RT BREAST MASS R1,RT BREAST MASS R9
RT BREAST CANCER WITH AXILLARY LN METASTASIS,RT BREAST CANCER WITH AXILLARY LN METASTASIS
INTRADUCTAL PAPILLOMA RT BREAST,INTRADUCTAL PAPILLOMA RT BREAST
LEFT LOWER PARATHYROID HYPERPLASIA WITH OSTEOPOROSIS,LEFT LOWER PARATHYROID HYPERPLASIA WITH OSTEOPOROSIS
BARRETT ESOPHAGUS,BARRETT ESOPHAGUS
CHECK UP,CHECK UP
OFX BOTH BONE OF LEG WITH COMPARTMENT SYNDROME,OFX BOTH BONE OF LEG WITH COMPARTMENT SYNDROME
CORROSIVE AGENT INGESTION,CORROSIVE AGENT INGESTION
INFECTEF WOUND RT GROIN,INFECTEF WOUND RT GROIN
SPLENIC VEIN THROMBOSIS,SPLENIC VEIN THROMBOSIS
CLI RIGHT LEG S P FEM POP BYPASS,CLI RIGHT LEG S P FEM POP BYPASS
ESRD WITH AVF DYSFUNCTION,ESRD WITH AVF DYSFUNCTION
ABNORMAL CALCIFICATIONRT MID BREAST *2 LESION,ABNORMAL CALCIFICATIONRT MID BREAST *2 LESION
BLUNT ABDOMINAL TRAUMA,BLUNT ABDOMINAL TRAUMA
SUBSIDED PANCRATITIS S P EL RHC OSTOMY LLQ,SUBSIDED PANCRATITIS S P EL RHC OSTOMY LLQ
LEFT CA BREAST POST NEOADJUVANT CHEMOTHERAPY,LEFT CA BREAST S P NEOADJUVANT CHEMOTHERAPY
HURTHLE CELL CANCER S P OPEN RIGHT THYROID LOBECTOMY AND ISTHMECTOMY,HURTHLE CELL CANCER S P OPEN RIGHT THYROID LOBECTOMY AND ISTHMECTOMY
DYSPEPSIA C ANEMIA,DYSPEPSIA C ANEMIA
RIGHT BREAST MASS LIPOMA OF LEFT BREAST,RIGHT BREAST MASS LIPOMA OF LEFT BREAST
RIGHT THYROID MASS 4 CM,RIGHT THYROID MASS 2 6 CM
RECURRENT HPTH,RECURRENT HPTH
CA BREAST RT S P NACT,RT BREAST CANCER S P NACT
BILAT BREAST MASS [LT R O PHYLLODE],BILAT BREAST MASS [LT R O PHYLLODE]
BILAT BREAST ABNORMAL CALCIFICATION,ABNORMAL CALCIFICATION BOTH BREAST
ABDOMINAL AORTIC ANEURYSM,ABDOMINAL AORTIC ANEURYSM
MENINGIOMA RT TEMPORAL,RT TENTORIAL MENINGIOMA
RT ACOUSTIC NEUROMA,RT ACOUTIC NEUROMA
C3 4 5 SPONDYLOSIS,C3 4 5 SPONDYLOSIS
L3 4 ADJACENT LEVEL DEGENERATION,L3 4 ADJACENT LEVEL DEGENERATION
HNPL 4 5,HNPL 4 5
DERMATOFIBROSARCROMA,DERMATOFIBROSARCROMA
DOG BITE WOUND AT POSTERIOR RT EAR,DOG BITE WOUND AT POSTERIOR RT EAR
MARJOLIN ULCER AT RT THIGH WITH SCC S P WIDE EXCISION,MARJOLIN ULCER AT RT THIGH WITH SCC S P WIDE EXCISION
FRACTURE BODY OF MANIBLE AND CONDYLAR OF RT SIDE MANIBLE,FRACTURE BODY OF MANIBLE AND CONDYLAR OF RT SIDE MANIBLE
CA RT BREAST S P MRM,CA RT BREAST S P MRM
INFECTED WOUND RT MIDDLE FINGER S P DEBRIDEMENT,INFECTED WOUND RT MIDDLE FINGER S P DEBRIDEMENT
SPONDYLITIS C4 6,SPONDYLITIS C4 6
C6 7 ADJACENT LEVEL DEGENERATION,C6 7 ADJACENT LEVEL DEGENERATION
CHRONIC RT MAXILLARY SINUSITIS,RT CHRONIC MAXILLARY SINUSITIS
PROLONG INTUBATION WITH UAO,PROLONG INTUBATION WITH UAO
OSA C ADENOTONSILLAR HYPERTROPHY,ADENOTONSILLAR HYPERTROPHY
ITHT S P RF NOSE,ITHT S P RF NOSE
PROLONG INTUBATION C SECRETION OBTRUCTION,PROLONG INTUBATION C SECRETION OBTRUCTION
LT ATTIC CHOLESTEATOMY,LT ATTIC CHOLESTEATOMY
MASS LT SEPTUM,MASS LT SEPTUM
FUNGAL RT SPHENOID INFERIOR TURBINATE HYPERTROPHY,FUNGAL RT SPHENOID INFERIOR TURBINATE HYPERTROPHY
CA SIGMOIDCOLON WITH INVADE BLADDER S P SIGMOIDECTOMY WITH WEDGE BLADDER,CA SIGMOIDCOLON WITH INVADE BLADDER S P SIGMOIDECTOMY WITH WEDGE BLADDER
BLADDER INJURY S P REPAIR,BLADDER INJURY S P REPAIR
BILAT URETERAL STRICTURE UVJ,BILAT URETERAL STRICTURE UVJ
NON FUNCTION LEFT KIDNEY SEVERE HYDRONEPHROSIS,NON FUNCTION LEFT KIDNEY SEVERE HYDRONEPHROSIS
ENOUGH CHILE,ENOUGH CHILD
URETHRITIS,URETERITIS
R O LT URETERAL STRCITURE,R O LT URETERAL STRCITURE
RT FUNGAL BALL WITH DNS,RT FUNGAL BALL WITH DNS
PROLONGED INTUBATION C HYPERSECRETION,PROLONGED INTUBATION C HYPERSECRETION
CONGENITAL MALFORMATIONS OF OTHER ENDOCRINE GLANDS,CONGENITAL MALFORMATIONS OF OTHER ENDOCRINE GLANDS
SNORING WITH ITH,SNORING WITH ITH
PROLONGED INTUBATION R O UAO,PROLONGED INTUBATION R O UAO
TEAR EXTENSOR TENDON RT THUMB,TEAR EXTENSOR TENDON RT THUMB
MULTIPLE SEBORRHEIC KERATOSIS,MULTIPLE SEBORRHEIC KERATOSIS
CHRONIC WOUND ABSCESS ON LEFT LEG,CHRONIC WOUND ABSCESS ON LEFT LEG
CLOSED FRACTURE MANDIBLE LEFT RAMI,CLOSED FRACTURE MANDIBLE LEFT RAMI
BILATERAL HYDRONEPHROSIS,BILAT HYDRONEPHROSIS
HGIH PSA,HGIH PSA
RIGHT STAGHORN STONE,RT STAGHORN STONE
HOGH PSA,HOGH PSA
BPH WITH VESCICLE CALCULI,BPH WITH VESCICLE CALCULI
RT STAGHOR,RT STAGHOR
TCC LEFT KIDNEY,TCC LEFT KIDNEY
SMALL BOWEL TUMOR,SMALL BOWEL TUMOR
CRUSH INJURY WITH FRATURE DISTL PHARLANX LEFT INDEX,CRUSH INJURY WITH FRATURE DISTL PHARLANX LEFT INDEX
BURN AT LEFT THIGH,BURN AT LEFT THIGH
MASS AT SUPRAPUBIC AND SCROTUM,MASS AT SUPRAPUBIC AND SCROTUM
CLOSED FRACTURE LEFT ZYGOMATIC ARCH,CLOSED FRACTURE LEFT ZYGOMATIC ARCH
MALIGNANT MELANOMA S P AMPUTATION RT 5 TOE,MALIGNANT MELANOMA S P AMPUTATION RT 5 TOE
COBRA SNAKE BITE RT FOOT S P DEBRIDEMENT,COBRA SNAKE BITE RT FOOT S P DEBRIDEMENT
NIPPLE DEFORMITY,NIPPLE DEFORMITY
INFECTED STSG LEFT THIGH,INFECTED STSG LEFT THIGH
NOPN FR RIGHT KIDNEY,NOPN FR RIGHT KIDNEY
URETHRAL STRICUTRE,URETHRAL STRICTURE
SECONDARY MALIGNANT NEOPLASM OF BLADDER AND OTHER AND UNSPECIFIED URINARY,SECONDARY MALIGNANT NEOPLASM OF BLADDER AND OTHER AND UNSPECIFIED URINARY
FAIL DDKT,FAIL DDKT
S P DDKT C LYMPHOCELE,S P DDKT C LYMPHOCELE
R O LEFT CEPHALIC ARCH STENOSIS,R O CEPHALIC ARCH STENOSIS
S P AVF LEFT UPPER ARM C VENOUS HYPERTENSION,S P AVF LEFT UPPER ARM C VENOUS HYPERTENSION
R O CENTRAL VEIN STENOSIS LT,R O CENTRAL VEIN STENOSIS
CLI RIGHT LEG,CLI RIGHT LEG
AVF STENOSIS PROXIMAL CEPHALIC VEIN,AVF STENOSIS PROXIMAL CEPHALIC VEIN
HEMTURIA,HEMATURIA
BPH C GROSS HEMATURIA,BPH C GROSS HEMATURIA
MASS AT RT RENAL RCC,MASS AT RT RENAL RCC
S P RT URETEROLITHOTOMY,S P RT URETEROLITHOTOMY
R O BLADDER CA,R O CA BLADDER
ANEMIA WITH STOOL OCCULT BLOOD POSITIVE,ANEMIA WITH STOOL OCCULT BLOOD POSITIVE
LIVING DONOR KT,LIVING DONOR KT
BLUNT ABDOMINAL INJURY WITH HX EL WITH D3 LEAKAGE,BLUNT ABDOMINAL INJURY WITH HX EL WITH D3 LEAKAGE
CBD STONE WITH CHOLANGITIS,CHOLANGITIS WITH CBD STONE
CA RECTUM ADVANCED STAGE,ADVANCE STAGE CA RECTUM
CA SIGMOID ON CHEMOPORT,CA SIGMOID ON CHEMOPORT
LARGE CECAL POLYP,LARGE CECAL POLYP
SIGMOID DIVERTICULITIS WITH COLOVESIVAL FISTULA,SIGMOID DIVERTICULITIS WITH COLOVESIVAL FISTULA
SUSPECTED GASTRIC LESION,SUSPECTED GI LESION
THROMBOSED COMBINE HEMORRHOID,THOMBOSED COMBINED HEMORRHOID
RECTAL INJURY,URETHAL INJURY
CA SIGMOID WITH GALL STONE,CA SIGMOID WITH GALL STONE
HAEMORRHOID GRADE III AT 11 OCLOCK,HAEMORRHOID GRADE III AT 11 OCLOCK
CLTI S P PTA WITH DRY GANGRENE OF LT 1ST 3RD TOE,CLTI S P PTA WITH DRY GANGRENE OF LT 1ST 3RD TOE
UROLOGIC CANCER,UROLOGIC CANCER
RT STAGHORN RC UVJ STONE,RT STAGHORN RC UVJ STONE
OBSTRUCTIVE HYDRONEPHROSIS,OBSTRUCTIVE HYDRONEPHROSIS
CERVICAL METASTASIS OF UNKNOWN PRIMARY,CERVICAL METASTASIS OF UNKNOWN PRIMARY
TIRADS 5 THYROID NODULES,TIRADS 4 THYROID NODULE
THYROID CANCER S P OPEN LEFT THYROID LOBECTOMY WITH VOCAL CORD PARESIS,THYROID CANCER S P OPEN LEFT THYROID LOBECTOMY WITH VOCAL CORD PARESIS
SECONDARY HYPERPARATHYRIODISM,SECONDARY HYPERPARATHYROIDISM
BILATE THYROID NODULE,BILATERAL THYROID NODULE
BILAT THYROID NODULE,LT THYROID NODULE
BILAT SOLID CYSTIC THYROID,BILAT SOLID CYSTIC THYROID
THROMBOSED CAPILLARY HEMANGIOMA LT INDEX FINGER,THROMBOSED CAPILLARY HEMANGIOMA LT INDEX FINGER
RT CIA ANEURYSM,RT CIA ANEURYSM
LT AVF CUBITAL,LT AVF CUBITAL
LEFT CEPHALIC VEIN STENOSIS,CEPHALIC VEIN STENOSIS
ESRD WITH THROMBOSED RT IJV,ESRD WITH THROMBOSED RT IJV
ESRD ON TCC RT IJV,ESDR ON HD TCC RT IJV
ESRD WITH INFECT GRAFT LT THIGH,ESRD WITH INFECT GRAFT LT THIGH
ESRD WITH CENTRAL VEIN STENOISIS,ESRD WITH CENTRAL VEIN STENOSIS
PULMONARY NODULE,PULMONARY NODULE
SUBSITED CHOLECYSTITIS,SUBSIDED CHOLECYSTITIS
FISTULA IN ANO LOW TRANSPHINCTERIC,FISTULA IN ANO LOW TRANSPHINCTERIC
LT AXILLARY MASS,LT AXILLARY MASS
NF LT THIGH S P DEBRIDEMENT FASCIOTOMY,NF LT THIGH S P DEBRIDEMENT FASCIOTOMY
BEDSORE GRADE IV AT COCCYX,BEDSORE GR III AT COCCYX
BLEEDING AVF,BLEEDING AVF
ESRD S P AVBG WITH THROMBOSE AVBG,ESRD S P AVBG WITH THROMBOSE AVBG
CA RECTUM C CRLM,CA RECTUM C CRLM
BILATERAL THYROID MASSES,BILATERAL THYROID MASSES
BARETTE ESOPHAGITIS,BARETTE ESOPHAGITIS
INFECTED OSTEOMYELITIS RIGHT FOOT,INFECTED OSTEOMYELITIS RIGHT FOOT
N 185,N 185
ฎ,ฎ
ABNORMAL CALCIFICATION LUOQ,ABNORMAL CALCIFICATION LUOQ
RT UOQ BREAST MASS,RT UOQ BREAST MASS
CA LT BREAST S P WIDE EXCISION,LEFT CA BREAST S P WIDE EXCISION
NF RT ARM S P AMPUTATATION,NF RT ARM S P AMPUTATATION
LT RC S P PCNL DJ STENT,LT RC S P PCNL DJ STENT
SUPRASELLAR TUMOR,SUPRASELLAR TUMOR
SPONDYLOSIS C6 C7 T1,C7 T1 SPONDYLOSIS
L4 L5 SPONDYLOLISTHESIS,L4 5 SPONDYLOLISTHESIS
ICH WITH DEPRESS SKULL FRACTURE,ICH WITH DEPRESS SKULL FRACTURE
PONTINE HEMORRHAGE WITH PROLONG ETT,PONTINE HEMORRHAGE WITH PROLONG ETT
L4 L5 SPONDYLOSIS,L345 SPONDYLOSIS
C6 7 SPONDYLOSIS RT,C6 7 SPONDYLOSIS LT>RT
CHEST WALL CARCINOMA WITH BRAIN METASTASIS,CHEST WALL CARCINOMA WITH BRAIN METASTASIS
ESRD ONHD,ESRD ONHD
LEFT THYROID CANCER S P OPEN LEFT THYROID LOBECTOMY,LEFT THYROID CANCER S P OPEN LEFT THYROID LOBECTOMY
RIGHT FUNTIONAL ADRENAL MASS,RIGHT FUNTIONAL ADRENAL MASS
ABDOMINAL INJURY C HX EL C D3 LEAKAGE,ABDOMINAL INJURY C HX EL C D3 LEAKAGE
LT BREAST MASS BIRADS3,LT BREAST MASS BIRADS3
CA BREAST S P RECONSTRUCTION,CA BREAST S P RECONSTRUCTION
BURST FRACTURE T12,BURST FRACTURE L1
LEFT TEMPORAL MASS,MASS AT LEFT TEMPORAL
ADJACENT LEVEL L2 3 DEGENERATION,L3 4 ADJACENT LEVEL DEGENERATION
C6 T1 SPONDYLOSIS,C7 T1 SPONDYLOSIS
L345S1 SPONDYLOSIS,L345 SPONDYLOSIS
CA ASCENDING COLON SUSPECTED FOR RECURRENCE,CA ASCENDING COLON SUSPECTED FOR RECURRENCE
CA RECTOSIGMOID COLON C RV FISTULA,CA RECTOSIGMOID COLON C RV FISTULA
EGD COLONOSCOPE,EGD COLONOSCOPE
CA DESCENDING COLON T4N1M1C S P LHC,CA DESCENDING COLON T4N1M1C S P LHC
CA HEPATIC FLEXURE S P SX,CA HEPATIC FLEXURE S P SX
CA DESCENDING COLON S P ST POLYP AT RECTUM,CA DESCENDING COLON S P ST POLYP AT RECTUM
OTHER HYPERTROPHIC DISORDERS OF THE SKIN,OTHER HYPERTROPHIC DISORDERS OF THE SKIN
CA RECTOSIGMOID WITH RV FISTULA,CA RECTOSIGMOID WITH RV FISTULA
MASS AT LT FOERARM,MASS AT LT FOERARM
CELLULITIS LT INDEX FINGER,CELLULITIS LT INDEX FINGER
BLEPHALOCHALASIA BILAT,BLEPHALOCHALASIA BILAT
CHIARI MALFORMATION TYPE 1 WITH SYRINGOMYELIA,CHIARI MALFORMATION TYPE 1 WITH SYRINGOMYELIA
DNS WITH INFERIOR TURBINATE HYPERTROPHY,DNS WITH INFERIOR TURBINATE HYPERTROPHY
RT INFECTED LN WITH MASS EPIGLOTTIC,RT INFECTED LN WITH MASS EPIGLOTTIC
LT DNS C ITHT C CONCHA BULLOSA LT,LT DNS C ITHT C CONCHA BULLOSA LT
RT CRS WITH ITH,RT CRS WITH ITH
POSTOP BLEEDING LT,POSTOP BLEEDING LT
LT BUCCAL MASS,LT BUCCAL MASS
LT VOCAL POLYP,LT VOCAL POLYP
NEUROFIBROMA RT PPF,NEUROFIBROMA RT PPF
INFECTION LT BREAST S P AUGMENTATION,INFECTION LT BREAST S P AUGMENTATION
OPEN WOUND RT FOOT,OPEN WOUND RT FOOT
CHRONIC WOUND ON LEG,CHRONIC WOUND LT LEG
MASS AT RIGHT WRIST,MASS AT RIGHT WRIST
BURN AT LEG,BURN AT LEG
KELOID AT RIGHT EAR,KELOID AT RIGHT EAR
KELOID AT BOTH EAR,KELOID AT BOTH EAR
LT ISCHEORECTAL ABSCESS S P I D,LT ISCHEORECTAL ABSCESS S P I D
LGIB WITH WEIGHT LOSS,LGIB WITH WEIGHT LOSS
MALIGNANT MELANOMA,MALIGNANT MELANOMA
BURN WOUND AT LT HAND AND LT FOOT,BURN WOUND AT LT HAND AND LT FOOT
MASS AT ABDOMEN,MASS AT ABDOMEN
DEEP 2ND DEGREE BURN AT RT ARM FACE,DEEP 2ND DEGREE BURN AT RT ARM FACE
STSG RT FOOT,STSG RT FOOT
MASS AT CHEST AXILLA,MASS AT CHEST AXILLA
BOWEN AT CHEST WALL,BOWEN AT CHEST WALL
ไฝที่คอ,ไฝที่คอ
NF RT LEG S P FASCIOTOMY C DB,NF RT LEG S P FASCIOTOMY
6% DEEP SECOND DEGREE BURN AT RT HEMIFACE C RT ARM,6% DEEP SECOND DEGREE BURN AT RT HEMIFACE C RT ARM
CHRONIC WOUND LT LEG C OSTEOMYELITIS,CHRONIC WOUND LT LEG C OSTEOMYELITIS
BURN WOUND LT LEG,BURN WOUND LT LEG
URETHRAL STRICTURE S P DILATE URETHRA,URETHRAL STRICTURE S P DILATE URETHRA
CA RT DISTAL URETER UVJ S P NUBCE,CA RT DISTAL URETER S P NUBCE
NON FUNCTION LT KIDNEY,NON FUNCTION LT KIDNEY
SUI HX MESH TVT,SUI HX MESH TVT
UNDESCENDED TESTIS RT,UNDESCEND RT TESTIS
URETHRAL CANCER,URETHRAL CANCER
HIGH PSA 10 5 ASCITES,HIGH PSA 10 5 ASCITES
RT UC S P URS DJ STENT,RT UC S P URSL DJ STENT
LEFT TEMPORAL SCALP PRESSURE SORE WOUND C EXPOSED PLATE,LEFT TEMPORAL SCALP PRESSURE SORE WOUND C EXPOSED PLATE
ACUTE BILAT SDH C EDH C MULTIPLA FACIAL BASE OF SKULL FX,ACUTE BILAT SDH C EDH C MULTIPLA FACIAL BASE OF SKULL FX
L45 SPONDYLOSIS,L345 SPONDYLOSIS
C 4 5 6 SPONDYLOSIS,C3 4 5 SPONDYLOSIS
LT POSTERIOR PARIETAL SKULL LESIONR O METASTASIS,LT POSTERIOR PARIETAL SKULL LESIONR O METASTASIS
IVH C RUPTURED CEREBELLAR AVM,IVH C RUPTURED CEREBELLAR AVM
STRESS INCONTINENCE,STRESS INCONTINENCE
CA BLADDERT,CA BLADDER
TY S P VASECTOMY,S P VASECTOMY
CA LOWER RECTUM WITH OBSTRUCTION,CA LOWER RECTUM WITH OBSTRUCTION
THYROID NODULE BOTH LOBE,THYROID NODULE BOTH LOBES
ENTREOCUTANEOUS FISTULA,ENTEROCUTANEOUS FISTULA
INTERNAL HEMORRHIOD AT 3 7 11 OCLOCK,INTERNAL HEMORRHIOD AT 3 7 11 OCLOCK
COLONIC STENOSIS,COLONIC STENOSIS
CA RECTOSIGMOID S P LOOP PROXIMAL TRANSVERSE COLOSTOMY WITH 2ND PRIMARY RCC LT KIDNEY,CA RECTOSIGMOID S P LOOP PROXIMAL TRANSVERSE COLOSTOMY WITH 2ND PRIMARY RCC LT KIDNEY
STATUS CHEMOPORT REMOVAL,STATUS CHEMOPORT REMOVAL
CA LOW RECTUM GB STONE,CA LOW RECTUM GB STONE
S P TB2 LT ARM WITH STENOSIS,S P TB2 LT ARM WITH STENOSIS
CLTI LT LEG S P REVASCULATION,CLTI LT LEG S P REVASCULATION
RT INNOMINATE VEIN OCCLUSION,RT INNOMINATE VEIN OCCLUSION
JUXTAVENOUS STENOSIS LT AVBG,JUXTAVENOUS STENOSIS LT
STEAL SYNDROME GR IV,STEAL SYNDROME GR IV
ESRD HX SCV STENOSIS,ESRD HX SCV STENOSIS
LT KIDNEY INJURY GR IV,LT KIDNEY INJURY GR IV
CA RENAL PELVIS,CA RENAL PELVIS
BPH WITH HIGH PSA PIRADS5,HIGH PSA WITH PIRADS 4
L5 STENOSIS S P LAMINECTOMY WITH PDS FIXATION,L5 STENOSIS S P LAMINECTOMY WITH PDS FIXATION
LEFT PARIETAL MASS,LEFT PARIETAL MASS
FALSE ANEURYSM AT RT AVF,FALSE ANEURYSM AT LT AVF
S P AVF LT WRIST,S P AVF LT WRIST
S P AVBG LT UPPERARM WITH CENTRAL VEIN STENOSIS,S P AVBG LT UPPERARM WITH CENTRAL VEIN STENOSIS
CLTI LT FOOT S P AMPUTATION,CLTI LT FOOT S P AMPUTATION
R O INSTENT RESTENOSIS,R O INSTENT RESTENOSIS
RT SUBCLAVIAN STENOSIS,RT SUBCLAVIAN STENOSIS
NF RIGHT FOOT S P DEBRIDEMENT,NF RT FOOR S P DEBRIDEMENT
SUBSIDED GS PANCREATITIS,SUBSIDED GS PANCREATITIS
HCC S6 GS,HCC S6 GS
MASS AT DISTAL PANCREASE,MASS AT DISTAL PANCREASE
MASS AT BACK AND LT FOREARM,MASS AT BACK AND LT FOREARM
LARGE RIGHT THYROID MASS,VERY LARGE RIGHT THYROID MASS
RIGHT FUNCTIONAL ADRENAL MASS,RIGHT FUNTIONAL ADRENAL MASS
SYNCHRONOUS CRLM S7 S P CMT,SYNCHRONOUS CRLM S7 S P CMT
MASS AT BOT,MASS AT BOT
STENOSIS LEFT NASOLACRIMAL DUCT,STENOSIS LEFT NASOLACRIMAL DUCT
DEVIATED NASAL SEPTUM WITH ITH,DEVIATED NASAL SEPTUM WITH AR
GRAVES' WITH COLD NODULE,GRAVES' WITH COLD NODULE
RIGHT NECK MASS R O CA ESOPHAGUS,RIGHT NECK MASS R O CA ESOPHAGUS
RT BREAST MASS BIRADS4A,RT BREAST MASS BIRADS4A
PATHOLOGIC NIPPLE DISCHARGE OF LEFT BREAST,PATHOLOGIC NIPPLE DISCHARGE OF LEFT BREAST
INFECTED MASS RT BUTTOCK,INFECTED MASS RT BUTTOCK
CA LARYNX,CA LARYNX
CRLM ON FOLFIRI,CRLM ON FOLFIRI
SPINAL CANAL STENOSIS L4 5 WITH ROOT COMPRESSION,SPINAL CANAL STENOSIS L4 5 WITH ROOT COMPRESSION
ICH,ICH
CORD TUMOR T8,CORD TUMOR T8
CHRONIC SUBDURAL HEMATOMA,CHRONIC LT SUBDURAL HEMATOMA
LEFT FRONTOTEMPORAL TUMOUR,LEFT FRONTOTEMPORAL TUMOUR
RIGHT HEMIFACIAL SPASM,RIGHT HEMIFACIAL SPASM
CHRONIC WOUND ON LEFT FOOT,CHRONIC WOUND LT FOOT
BASAL CELL CARVINOMA AT LIP,BASAL CELL CARVINOMA AT LIP
MASS AT CHEEK RIGHT EAR LEF ARM,MASS AT CHEEK RIGHT EAR LEF ARM
NF S P FASCIOTOMY RT LEG,NF RT LEG S P FASCIOTOMY
NF LT FOOT S P DB AMPUTATE LT TOE,NF LT FOOT S P DB AMPUTATE LT TOE
RT FACIAL NERVE PALSY,RT FACIAL NERVE PALSY
S P CRANIECTOMY,EDH S P CRANIECTOMY
CLONIC HEMIFACIAL SPASM WITH POST OP DURAL TEAR,CLONIC HEMIFACIAL SPASM WITH POST OP DURAL TEAR
FOREIGN BODY AT RT OCCIPITAL AREA,FOREIGN BODY AT RT OCCIPITAL AREA
C 3456 SPONDYLOSIS OPLL,C 3456 SPONDYLOSIS OPLL
C4 5 6 SPONDYLOSIS WITH MYELOPATHY,C4 5 SPONDYLOSIS C MYELOPATHY
OLFACTORY GROOVE MENINGIOMA,OLFACTORY GROOVE MENINGIOMA
LT DISTAL URETERIC INJURY,LT DISTAL URETERIC INJURY
NORMAL PRESSURE HYDROCEPHALOUS,NORMAL PRESSURE HYDROCEPHALUS
TRAUMATIC SDH AT RIGHT FRONTOTEMPORAL LOBE,TRAUMATIC SDH AT RIGHT FRONTOTEMPORAL LOBE
TONGUE ULCER,TONGUE ULCER
GENITAL WARTS,GENITAL WARTS
RT RC TWO RT PROXIMAL UC,RT RC TWO RT PROXIMAL UC
CA RT URETER RT URETERAL STRCITURE CA BLADDER,CA RT URETER RT URETERAL STRCITURE CA BLADDER
S O DDKT,S O DDKT
SUI WITH INCOMPLETE EMPTYING,SUI WITH INCOMPLETE EMPTYING
RT HYDRONEPHROSIS REFLUX,RT HYDRONEPHROSIS REFLUX
PREPUCLE ULCER,PREPUCLE ULCER
LEFT STAGHORN,LT STAGHORN
HAEMATURIA S P CYSTOSCOPY > BULLOUS LESION AT TRIGONE,HAEMATURIA S P CYSTOSCOPY > BULLOUS LESION AT TRIGONE
CA LT LATERAL TONGUE POORLY DIFF SCCA T1N1M0X,CA LT LATERAL TONGUE POORLY DIFF SCCA T1N1M0X
RETRATION OF EAR DRUM BOTH EARS ETD,RETRATION OF EAR DRUM BOTH EARS ETD
BENIGN NEOPLASM OF LARYNX,BENIGN NEOPLASM OF LARYNX
ย,ย
NEUROFIBROMA RT ITF,NEUROFIBROMA RT ITF
FX ORBIT,FX ORBIT
RUPTURE CYST AT LEFT GRION,RUPTURE CYST AT LEFT GRION
RECURRENT URINARY RETENTION,RECURRENT URINARY RETENTION
LT UC WITH RT STAGHORN S P BILAT DJ,LT UC WITH RT STAGHORN S P BILAT DJ
LUTS R O CBN,LUTS R O CBN
LUTS COMPLICATED UTI,LUTS COMPLICATED UTI
CONDYLOMA ACUMINATA AT GENITALIA,CONDYLOMA ACUMINATA AT GENITALIA
FIA AT 6 O'CLOCK,FIA AT 6 O'CLOCK
MASS AT MID ASCENDING COLON,MASS AT MID ASCENDING COLON
SIGMOID DIVERTICULITIS S P HARTMANN PROCEDURE,SIGMOID DIVERTICULITIS S P HARTMANN PROCEDURE
CA RECTUM C CRLM C ANASTOMOTIC STRICURE,CA RECTUM C CRLM C ANASTOMOTIC STRICURE
LARGE ABSCESS RT LEG S P DB,LARGE ABSCESS RT LEG S P DB
MASS AT TOE,MASS AT TONGUE
SKIN TAG AT UPPER EYELID,SKIN TAG AT UPPER EYELID
MASS AT EYELID NECK,MASS AT EYELID NECK
WART OF FOOT,WART OF FOOT
SECOND DEGREE BURN AT LT ARM,SECOND DEGREE BURN AT LT ARM
CHRONIC WOUND RT LEG,CHRONIC WOUND LT LEG
SB C COLONIC PERFORATION S P TEMPORARY CLOSURE,SB C COLONIC PERFORATION S P TEMPORARY CLOSURE
INFECTED WOUND RT 2ND TOE,INFECTED WOUND RT 2ND TOE
BLEEDING LT CVI ULCER,BLEEDING LT CVI ULCER
RETAIN TCC CATHETER,RETAIN TCC CATHETER
THROMBOSED LT DLC,THROMBOSED LT DLC
DISPLACED TCC RT IJV,ESRD TCC RT IJV DISPLACED
PSEUDOANEURYSM AT AVF RT ARM,PSEUDOANEURYSM AT AVF RT ARM
R O INFLOW STENOSIS RT AVF,R O INFLOW STENOSIS RT AVF
ESRD C INFECTED AVBG LT UPPER ARM,INFECTED AVBG LT UPPER ARM
LEF T UC,LEFT UC
INFECTED WOUND AT PERINEUM,INFECTED WOUND AT PERINEUM
PESISTENT PYURIA,PESISTENT PYURIA
SQUAMOUS CELL CA OF PENIS,SQUAMOUS CELL CA OF PENIS
RT KIDNEY INJURY C RT RP WITH RT DJ STENT,RT KIDNEY INJURY C RT RP WITH RT DJ STENT
BPH WITH VESICLE CALCULI,BPH WITH VESCICLE CALCULI
NE BLADDER,NE BLADDER
CA SIGMOID COLON CRLM S5 6 7,CA SIGMOID COLON CRLM S5 6 7
CHRONIC VENOUS INSUFFICIENCY RT LEG,CHRONIC VENOUS INSUFFICIENCY RT LEG
CVI C4A OF LT LEG,CVI C4C OF LT LEG
THROMBOSED AVF LT ARM,THROMBOSED AVF LT ARM
S P LT BRACHIOCEPHALIC AVF,S P LT BRACHIOCEPHALIC AVF
ESRD S P AVF RT CUBITAL,ESRD S P RT CUBITAL AVF
ESRD ON HD VIA RT IJV,ESRD ON HD VIA RT IJV
SPINAL STENOSIS L1 5,L4 5 SPINAL STENOSIS
L 4 5 S1 SPONDYLOLISTHESIS,L 4 5 S1 SPONDYLOLISTHESIS
BASAL GANGLION HEMORRHAGE,RT BASAL GANGLION HEMORRHAGE
HNP C2 3 C CORD COMPRESSION,HNP C2 3 C CORD COMPRESSION
MALIGNANT NEOPLASM OF THYROID GLAND C R O MASS RT BOT,MALIGNANT NEOPLASM OF THYROID GLAND C R O MASS RT BOT
INFECTED BED SORE,INFECTED BED SORE
ESRD WITH AVF LT WRIST MALFUNCTION,ESRD WITH AVF LT WRIST MALFUNCTION
GASTRIC SUBMUCOSAL MASS AT LESSOR CURVATURE,GASTRIC SUBMUCOSAL MASS AT LESSOR CURVATURE
STEAL SYNDROME LEFT HAND S P LIGATE LEFT AVF,STEAL SYNDROME LEFT HAND S P LIGATE LEFT AVF
MULTIPLE THYROID MASSES BOTH LOBES,MULTIPLE THYROID MASSES BOTH LOBES
LEFT BREAST ABCESS,LEFT BREAST ABCESS
LEFT BREAST CANCER WITH ABNORMAL CALCIFICATION OF RIGHT BREAST,LEFT BREAST CANCER WITH ABNORMAL CALCIFICATION OF RIGHT BREAST
CBD STONES S P EMERGENTY PLASTIC STENT 9 7 66,CBD STONES S P EMERGENTY PLASTIC STENT 9 7 66
ESRD S P AVBG LT UPPER ARM,ESRD S P AVBG RT UPPER ARM
CEPHALIC V STENOSIS FOCAL CAL,CEPHALIC V STENOSIS FOCAL CAL
RT BRACHIOCEPHALIC STENOSIS,LT BRACHIOCEPHALIC VEIN STENOSIS
ESRD S P AVBG LT UPPERARM WITH CENTRAL VEIN STENOSIS,S P AVBG LT UPPERARM WITH CENTRAL VEIN STENOSIS
GRANULOMATOUS MASITIS,GRANULOMATOUS MASITIS
ADENOCARCINOMA RML,ADENOCARCINOMA RML
LEFT UPPER LUNG NODULE,LEFT UPPER LUNG NODULE
MULTILOCULATE RIGHT PLEURAL EFFUSION,MULTILOCULATE RIGHT PLEURAL EFFUSION
LOCULATED LEFT PLEURAL EFFUSION,LOCULATE LEFT PLEURAL EFFUSION
MCRLM,CRLM
ACUTE CHOLECYSTITIS WITH CBD STONE,ACUTE CHOLECYSTITIS WITH CBD STONE
BILAT UNDESCENDED TESTIS,BILAT UNDESCENDED TESTIS
SPONDYLOSIS C4 5,L4 5 SPONDYLOSIS
L3 S1 SPONDYLOSIS,L4 S1 SPONDYLOSIS
L3 4 5 DISC HERNIATION,L3 4 5 DISC HERNIATION
HERNIATED DISC L4 5 C CAUDA EQUINA SYNDROME,HERNIATED DISC L4 5 C CAUDA EQUINA SYNDROME
C456 STENOSIS,C456 STENOSIS
CHRONIC SDH RT,RT CHRONIC SDH
ACUTE CHOLECYTITIS,ACUTE CHOLECYSTITIS
ACUTE MESENTERIC ISCHEMIA S P EL SMALL BOWEL C COLON RESECTION C TEMPORARY ABD CLOSURE,ACUTE MESENTERIC ISCHEMIA S P EL SMALL BOWEL C COLON RESECTION C TEMPORARY ABD CLOSURE
INFECTED LT AVBG GRAFT,INFECTED LT AVBG GRAFT
MASS AT LEFT FOREARM,MASS AT LT FOERARM
RT BREAST MASS R6 7,RT BREAST MASS AT R6
DCIS ABNORMAL CALCIFICATION BOTH BREAST,ABNORMAL CALCIFICATION BOTH BREAST
2ND HPTH S P BALLOON,2ND HPTH S P BALLOON
SUBSTERNAL MNG BETHESDA3,SUBSTERNAL MNG BETHESDA3
RIGHT SUBSTERNAL THYROID MASS WITH TRACHEAL COMPRESSION,RIGHT SUBSTERNAL THYROID MASS WITH TRACHEAL COMPRESSION
SUSPECTED RESIDUAL THYROID CANCER,SUSPECTED RESIDUAL THYROID CANCER
TONSILLOLITH,TONSILLOLITH
NONTOXIC SINGLE THYROID NODULE RT,NONTOXIC SINGLE THYROID NODULE
MALIGNANT NEOPLASM OF OTHER AND UNSPECIFIED PARTS OF TONGUE UNSPECIFIED,MALIGNANT NEOPLASM OF OTHER AND UNSPECIFIED PARTS OF TONGUE UNSPECIFIED
MILD OSA S P RF NOSE,MILD OSA S P RF NOSE
LT MALIGNANT OTITIS EXTERNA,LT MALIGNANT OTITIS EXTERNA
LOCULATED ABSCESS AT LT DEEP SPACE OF NECK,LOCULATED ABSCESS AT LT DEEP SPACE OF NECK
MELANOMA RT LEG,MELANOMA RT LEG
RECURRENT LEFT BREAST CANCER,RECURRENT LEFT BREAST CANCER
COMPLEX CYST R2 BIRADS,COMPLEX CYST R2 BIRADS
LEFT BREAST MAS,LEFT BREAST MASS
CA ESOPHAGUS ADVANCE STAGE,CA ESOPHAGUS ADVANCE STAGE
R O OUTFLOW STENOSIS LT AVBG,R O OUTFLOW STENOSIS LT AVBG
BRAIN TUMOR AT CEREBELLUM,BRAIN TUMOR AT CEREBELLUM
FB AT RT FOREHEAD AND LT PARIETAL SCALP,FB AT RT FOREHEAD AND LT PARIETAL SCALP
CERVICAL SPONDYLOSIS C5 6 7,CERVICAL SPONDYLOSIS C5 6
L5 S1 STENOSIS,L5 S1 STENOSIS
NF LT FOOT S P DB,NF LT FOOT S P DB
R O HEMATOMA RECURRENT INFECTED HYDROCELE LT,R O HEMATOMA RECURRENT INFECTED HYDROCELE LT
TCC LT KIDNEY S P LT NUBCE,TCC LT KIDNEY S P LT NUBCE
LT DISTAL UC S P URSL DJ STENT,LT DISTAL UC S P LT URSL DJ STENT
SEVERE PHIMOSIS S P DORSAL SLIT,SEVERE PHIMOSIS S P DORSAL SLIT
CA BLADDER HIGH GRADE TCC,CA BLADDER HIGH GRADE
TCC RT URETER,TCC RT URETER
S P TUR URETEROCELE,S P TUR URETEROCELE
METASTATIC CA PROSTATE,METASTATIC CA PROSTATE
BILAT CHRONIC SDH,BILATERAL CHRONIC SDH
PNEUMONIA C RESPIRATORY FAILURE,PNEUMONIA C RESPIRATORY FAILURE
MOD OSA,MOD OSA
DEVIATED NOSE,DEVIATED NOSE
TEF,TEF
MASS AT LT BUCCAL,LT BUCCAL MASS
FALSE VOCAL CORD MASS,FALSE VOCAL CORD MASS
RECURRENT LN METASTASIS PTC,RECURRENT LN METASTASIS PTC
SMALL BOWEL INJURY S P EL WITH SB RESCETION WITH TEMPORARY CLOSURE,SMALL BOWEL INJURY S P EL WITH SB RESCETION WITH TEMPORARY CLOSURE
TIETERY HYPERPARATHYROID S P OPEN RT THYROIDECTOMY,TIETERY HYPERPARATHYROID S P OPEN RT THYROIDECTOMY
MULTINODULAR GOITER VERY LARGED,MULTINODULAR GOITER VERY LARGED
TB JEJUNAL ULCER BILEEDING S P JEJUNECTOMY REVISE ANASTOMOSIS C WOUND DISHECENCE ON VAC DRESSING,TB JEJUNAL ULCER BILEEDING S P JEJUNECTOMY REVISE ANASTOMOSIS C WOUND DISHECENCE ON VAC DRESSING
CA RECTOSIGMOID C CRLM LUNGS AND BONE MET UNRESECTABLE,CA RECTOSIGMOID C CRLM LUNGS AND BONE MET UNRESECTABLE
OBSTRUCTIVE CONSTIPATION,OBSTRUCTIVE CONSTIPATION
STATUS PROXIMAL TRANSVERSE COLOSTOMY,STATUS PROXIMAL TRANSVERSE COLOSTOMY
LOCALLY ADVANCED CA LOW RECTUM,LOCALLY ADVANCED CA LOW RECTUM
CA TRNSVERSE COLON,CA TRASVERSE COLON
MALIGNANT MELANOMA RT LEG,MALIGNANT MELANOMA RT LEG
NF RT FOOT S P DB,NF RT FOOT S P DB
BELL PALSY,BELL PALSY
MASS AT SUPRAPUBIC,MASS AT SUPRAPUBIC
SYRINGOMA,SYRINGOMA
GLANGLION CYST LT THUMB,GLANGLION CYST LT THUMB
RECURRENT HCC AT S8,RECURRENT HCC AT S8
CA BLADDER C GROSS HEMATURIA,CA BLADDER C GROSS HEMATURIA
LOW TRANSPHICTERIC FIA,LOW TRANSPHINCTERIC FIA
INTERNAL HEMORRHOID GR3,INTERNAL HEMORRHOID
SUBMUCOSAL LESION AT LOWER RECTUM,SUBMUCOSAL LESION AT LOWER RECTUM
CA DESCENDING COLON C CONCEAL RUPTURE,CA DESCENDING COLON C CONCEAL RUPTURE
MASS AT SIGMOID COLON,MASS AT SIGMOID COLON
LT ADRENAL GLAND TUMOR R O METASTASIS,LT ADRENAL GLAND TUMOR R O METASTASIS
THROMBOSED RT AVF,ESRD THROMBOSED AVF
ESOPHAGEAL CANCER S P CCRT,ESOPHAGEAL CANCER S P CCRT
DIAPHRAGMATIC HERNIA,DIAPHRAGMATIC HERNIA
PAPILLARY THYROID CANCER MULTIFOCI,PAPILLARY THYROID CANCER MULTIFOCI
CLI RT LEG S P FOREFOOT AMPUTATION,CLI RT LEG S P FOREFOOT AMPUTATION
DESCENDOSIGMOID COLON CANCER WITH LIVER METASTASIS CRLM S6,DESCENDOSIGMOID COLON CANCER WITH LIVER METASTASIS CRLM S6
NF RT ARM S P AMPUTATION,NF RT ARM S P AMPUTATATION
A LOOP SYNDROME WITH RT HA INJURY,A LOOP SYNDROME WITH RT HA INJURY
LEFT CA BREAST S P LEFT MASTECTOMY,LEFT CA BREAST S P LEFT MASTECTOMY
MULTIPLE THYROID MASS WITH TRACHEAL COMPRESSION,MULTIPLE THYROID MASSES WITH TRACHEAL COMPRESSION
CKD STAG V,CKD STAGE V
ARTERIOVENOUS FISTULA OF RT GROIN,ARTERIOVENOUS FISTULA OF RT GROIN
CVI C2S OF LT LEG,CVI C2S LT LEG
ESRD WITH HEMATOMA AT SURGICAL WOUND,ESRD WITH HEMATOMA AT SURGICAL WOUND
VARICOSE VEIN LT LOWER LEG,VARICOSE VEIN LT LOWER LEG
HX RT INNOMINATE VEIN STENOSIS,LT INNOMINATE VEIN STENOSIS
IMPENDING RUPTURED AVBG LT ARM WITH SKIN EROSION,IMPENDING RUPTURED AVBG LT ARM WITH SKIN EROSION
ESRD R O INFLOW STENOSIS,ESRD WITH R O INFLOW STENOSIS
GIANT ANEURYSM AT AVF RT CUBITAL,GIANT ANEURYSM AT AVF RT CUBITAL
ESRD ON HD VIA LT AVF,ESRD ON HD VIA LT AVF
INFLOW OUTFLOW STENOSIS,INFLOW OUTFLOW STENOSIS
CHRONIC EMPYEMA FROM TB RIGHT LUNG,CHRONIC EMPYEMA FROM TB RIGHT LUNG
PNEUMOTHORAX WITH PERSISTENT AIR LEAK,PNEUMOTHORAX WITH PERSISTENT AIR LEAK
SUBSIDED CHOLECYSTITIS CHOLANGITIS S P ERCP CHOLECYSTOSTOMY PROLONG NG TUBE,SUBSIDED CHOLECYSTITIS CHOLANGITIS S P ERCP CHOLECYSTOSTOMY PROLONG NG TUBE
RESIDUAL TUBERCULUM MENINGIOMA,RESIDUAL TUBERCULUM MENINGIOMA
L45 S1 STENOSIS,L5 S1 STENOSIS
BRAIN TUMOR RT TEMPORAL,RT TEMPORAL LOBE BRAIN TUMOR
HEMATOMA LT LEG,HEMATOMA LT LEG
FOURNIERE GANGRENE,FOURNIERE GANGRENE
RECTAL MALIGNANT POLYP,RECTAL MALIGNANT POLYP
VERY LARGE THYROID MASS WITH HYPERTHYROIDISM,VERY LARGE THYROID MASS WITH HYPERTHYROIDISM
CELLULITIS RT FOOT,CELLULITIS RT FOOT
CA THYRIOD INVADE TRACHEA WITH BILATERAL AND CENTRAL CERVICAL LN METASTASIS,CA THYRIOD INVADE TRACHEA WITH BILATERAL AND CENTRAL CERVICAL LN METASTASIS
S P EL C SB RESECTION C SPLENECTOMY C DISTAL PANCREATECTOMY,S P EL C SB RESECTION C SPLENECTOMY C DISTAL PANCREATECTOMY
RENAL HPTH,RENAL HPTH
LEFT WARTHIN TUMOR S P EXCISION,LEFT WARTHIN TUMOR S P EXCISION
RT BREAST MASS [ R7 ],RT BREAST MASS [ R7 ]
MULTIPLE RT THYROID MASS,MULTIPLE RIGHT THYROID MASS
CHOLANGITIS,CHOLANGITIS
CA SIGMOID WITH LT BREAST CANCER,CA SIGMOID WITH LT BREAST CANCER
NEOPLASM OF THYROID GLAND,NEOPLASM OF THYROID GLAND
LARGE TUMOR ON RIGHT CHEEK,LARGE TUMOR ON RIGHT CHEEK
TRAPDOOR SCAR AT FOREHEAD,TRAPDOOR SCAR AT FOREHEAD
SKIN LESION,SKIN LESION
CYSTIC LESION WITH MURAL NODULE R3,CYSTIC LESION WITH MURAL NODULE R3
LEFT LEG HEMATOMA S P CLOT EVACUATION SKIN NECROSIS,LEFT LEG HEMATOMA S P CLOT EVACUATION SKIN NECROSIS
OSTEOMYELITIS RT1ST TOE S P AMPUTATION,OSTEOMYELITIS RT1ST TOE S P AMPUTATION
HEMORRHOIDED,HEMORRHOID
DCIS S P NLE,DCIS S P NLE
S P EL C SB RESECTION C SPLEENECTOMY C DISTAL PANCREATECTOMY,S P EL C SB RESECTION C SPLENECTOMY C DISTAL PANCREATECTOMY
CA RECTOSIGMOID S P LAR,CA RECTOSIGMOID S P LAP LAR
SPONDYLOSIS C4 7,C SPONDYLOSIS
L1 2 STENOSIS S P LAMINECTOMY C PDS L2345,L1 2 STENOSIS S P LAMINECTOMY C PDS L2345
LT CEREBALLAR MASS,LEFT CEREBELLAR MASS
RECURRENT ANAPLASTIC GLIOMA RT CEREBELLAR,RECURRENT ANAPLASTIC GLIOMA RT CEREBELLAR
LT OCCIPITAL MASS,LT OCCIPITAL MASS
KELOID RT EAR LOBULE,KELOID RT EAR LOBULE
MASS AT LT PINNA,MASS AT LT PINNA
LT PYRIFORM MASS,LT PYRIFORM MASS
PROLONNGED ET,PROLONGED ETT
SEVERE OSA WITH DNS,SEVERE OSA WITH DNS
PROLONGED INTABATION,PROLONG INTUBATION
MALIGNANT THYROID CANCER LT,MALIGNANT THYROID CANCER LT
PHYLLODE TUMOR OF RIGHT BREAST,PHYLLODE TUMOR OF RIGHT BREAST
PASSING CBD STONE S P ERCP,PASSING CBD STONE S P ERCP
RUPTUTRE IMPLANT OF BOTH BREAST,RUPTUTRE IMPLANT OF BOTH BREAST
BOWEHL HABIT CHANGE WITH STOOL OCCULT BLOOD VE,BOWEHL HABIT CHANGE WITH STOOL OCCULT BLOOD VE
DCIS LEFT BREAST,DCIS LT BREAST
CLI S P PTA WITH FEM POP BYPASS WITH POST OP ALI,CLI S P PTA WITH FEM POP BYPASS WITH POST OP ALI
ADENOID HYPERTROPHY ITHT,ADENOID HYPERTROPHY ITHT
R O MALIGNANT NEOPLASM OF LT BASE OF TONGUE,R O MALIGNANT NEOPLASM OF LT BASE OF TONGUE
MASS AT RT LOWER LIP,MASS AT RT LOWER LIP
FB AT HAND,FB AT HAND
CONGENITAL MELANOCYTIC NEVUS,CONGENITAL MELANOCYTIC NEVUS
CHRONIC WOUND ON RIGHT FINGER,CHRONIC WOUND ON RIGHT FINGER
ALOPECIA,ALOPECIA
MALIGNANT MELANOMA RT GROIN,MALIGNANT MELANOMA RT LEG
AGEING LIFT,AGEING LIFT
DEFORMATION UPPER LIP,DEFORMATION UPPER LIP
FX LT 2ND MCP S P MINIPLATE AND SCREW C BONE GRAFT,FX LT 2ND MCP S P MINIPLATE AND SCREW C BONE GRAFT
CL,CL
HORN AT SCALP,HORN AT SCALP
NEAVUS AT NOSE NECK,NEAVUS AT NOSE NECK
NF LT LEG S P DB,NF LT LEG S P DB
LT URETER INJURY C URINARY ASCITES,LT URETER INJURY C URINARY ASCITES
LT UC S P URETEROLITHOTOMY,LT UC S P URETEROLITHOTOMY
HIGH PSA GROSS HEMATURIA,HIGH PSA GROSS HEMATURIA
DEEP NECK INFECTION,DEEP NECK INFECTION
R O LT BASILIC VEIN STENOSIS,R O LT BASILIC VEIN STENOSIS
MASS AT ANTERIOR ABDOMEN,MASS AT ANTERIOR ABDOMEN
CA PROSTATE S P RALRP,CA PROSTATE S P RALRP
LT UC RC WITN AKI ONTOP CKD UTI,LT UC RC WITN AKI ONTOP CKD UTI
UNDESCENDED LT TESTIS,BILAT UNDESCENDED TESTIS
CPPS MICROSCOPIC HAEMATURIA,CPPS MICROSCOPIC HAEMATURIA
RT RENAL STONE S P RT RIRS C DJ STENT,RT RENAL STONE S P RT RIRS C DJ STENT
PROSTATIC CYST,PROSTATIC CYST
DJ STENT INSERTION,DJ STENT INSERTION
BENIGN URETERIC TUMOR LT,BENIGN URETERIC TUMOR LT
PSA 287,PSA 287
CA DESCENDING COLON S P OPEN LHC DJ STENT LT FOR INTRAOP GUIDANCE,CA DESCENDING COLON S P OPEN LHC DJ STENT LT FOR INTRAOP GUIDANCE
PROSTATE PYURIA,PROSTATE PYURIA
PIRAD 4 LEFT,PIRAD 4 LEFT
PYURIA,PYURIA
LUTS GENITAL WART,LUTS GENITAL WART
R O ANASTOMOSIS STENOSIS,R O ANASTOMOSIS STENOSIS
R O CENTRAL V STENOSIS,R O CENTRAL VEIN STENOSIS
DERMOID TUMOR AT RIB,DERMOID TUMOR AT RIB
BREAST MASS BI RAD4A,BREAST MASS BI RAD4A
S P EL C SMALL BOWEL SRESECTION C SPLENECTOMY C DISTAL PANCREATECTOMY C TEMPORARY CLOSURE,S P EL C SMALL BOWEL SRESECTION C SPLENECTOMY C DISTAL PANCREATECTOMY C TEMPORARY CLOSURE
CA MID RECTUM S P LAP AR C DLI,CA MID RECTUM S P LAP AR C DLI
S P EL C SMALL BOWEL RESECTION C DISTAL PANCREATECTOMY C SPLEENECTOMY C TEMPORARY CLOSURE,S P EL C SMALL BOWEL RESECTION C DISTAL PANCREATECTOMY C SPLEENECTOMY C TEMPORARY CLOSURE
CA RECTOSIGMOID S P LT LOOP TRANSVERSE COLOSTOMY OPEN AR,CA RECTOSIGMOID S P LT LOOP TRANSVERSE COLOSTOMY OPEN AR
CA RT HEPATIC FLEXURE OF COLON,CA HEPATIC FLEXURE COLON
TRANSPINCTERIC FISTULA IN ANO,FISTULA IN ANO LOW TRANSPHINCTERIC
STATUS IELOSTOMY,STATUS IELOSTOMY
SIGMOID VOLVULUS S P COLONOSCOPIC DETORSION,SIGMOID VOLVULUS S P COLONOSCOPIC DETORSION
CVI C4ART C2LT,CVI C4ART C2LT
ADVANCE STAGE CA SPLENIC FLEXURE,ADVANCE STAGE CA SPLENIC FLEXURE
CLTI LT LEG S P REVASCULARIZATION,CLTI LT LEG S P REVASCULATION
INFECCTED DM FOOT RT,INFECTED DM FOOT
UMBILLICAL MASS,UMBILLICAL MASS
CA LT BREAST CT2N1MO S P NEOADJUVANT,CA LT BREAST CT2N1MO S P NEOADJUVANT
LEFT THYROID MASS TR4,LEFT THYROID MASS
MULTIPLE THYROID MASSES WITH COMPRESSIVE SYMPTOM,MULTIPLE THYROID MASSES WITH COMPRESSIVE SYMPTOM
INTRAABDOMINAL SARCOMA,INTRAABDOMINAL SARCOMA
CLTI BOTH LEGS WITH DRY GANGRENE RT GREAT TOE LT HEEL,CLTI BOTH LEGS WITH DRY GANGRENE RT GREAT TOE LT HEEL
ESRD WITH CEPHALIC V STENOSIS WITH FOCAL CALCIFICATION,ESRD WITH CEPHALIC V STENOSIS WITH FOCAL CALCIFICATION
HEMATOMA LT LEG S P CLOT EVACUATION AND DEBRIDEMENT,HEMATOMA LT LEG S P CLOT EVACUATION AND DEBRIDEMENT
ESRD WITH R O FALSE ANEURSYM LT CUBITAL,ESRD WITH R O FALSE ANEURSYM LT CUBITAL
ESRD WITH THROMBUS RT IJV,ESRD WITH THROMBOSED RT IJV
TRHOMBOSE AVF,THROMBOSE AVF
INFECTED LT AVBG,INFECTED LEFT AVBG
VARICOSE VEIN BOTH LEG,VARICOSE VEIN BOTH LEGS
INFECTED WOUND LT LEG,INFECTED WOUND LT LEG
ESRD WITH AVF STENOSIS MID CEPHALIC VEIN,ESRD WITH AVF STENOSIS MID CEPHALIC VEIN
DISPLACE TCC RT IJV,DISPLACE TCC RT IJV
DCIS LT BREAST BREAST MASS RT [R5],DCIS LT BREAST R1 BREAST MASS
LARGE MULTINODULAR GOITER,MULTINODULAR GOITER VERY LARGED
S P TEMPORARY CLOSURE WITH VAC DRESSING,S P TEMPORARY CLOSURE WITH VAC DRESSING
INFECTED SEBACEOUS CYST AT TRUNK,INFECTED SEBACEOUS CYST AT TRUNK
BILAT CHRONIC SUBDURAL HEMORRHAGE,BILAT CHRONIC SUBDURAL HEMORRHAGE
BILAT CSDH,BILAT CSDH
ADENOCA LUNG LUL,ADENOCA LUNG LUL
EMPYEMA THORACIS RT LUNG,RT EMPYEMA THORACIS
CRLM SEGMENT 6 WITH DISAPPEARING TUMOR S6,CRLM SEGMENT 6 WITH DISAPPEARING TUMOR S6
GALLBLADDER CARCINOMA DDX XANTHO,GALLBLADDER CARCINOMA DDX XANTHO
DISCONNECT DUCT SYNDROME,DISCONNECT DUCT SYNDROME
INFECTED BEDSORE S P DB,INFECTED BEDSORE S P DB
SUBSIDED CHOLECYSTITIS WITH CBD DILATE,SUBSIDED CHOLECYSTITIS WITH CBD DILATE
IMPACTED GS 2 3 CM S P ERCP,IMPACTED GS 2 3 CM S P ERCP
CARBUNCLE AT BUTTOCK S P EXCISIONAL DEBRIDEMENT,CARBUNCLE AT BUTTOCK S P EXCISIONAL DEBRIDEMENT
CA BASE OF TOUNGE WITH UPPER ESOPHAGEAL MASS,CA BASE OF TOUNGE WITH UPPER ESOPHAGEAL MASS
SCALP ANEURYSM,SCALP ANEURYSM
L SPONDYLOSIS L3 4 4 5,L SPONDYLOSIS L3 4 4 5
LT SDH S P CRANIECTOMY,LT SDH S P CRANIECTOMY
VENTRICULITIS,VENTRICULITIS
SUBACUTE SDH BILAT FRONTAL LOBE,SUBACUTE SDH BILAT FRONTAL LOBE
LT MAXILLARY SINUSITIS WITH DNS,LT MAXILLARY SINUSITIS WITH DNS
DELAY ABDOMINAL CLOSURE,DELAY ABDOMINAL CLOSURE
METASTATIC PAPILLARY THYROID CANCER S P OPEN RIGHT THYROIDECTOMY,METASTATIC PAPILLARY THYROID CANCER S P OPEN RIGHT THYROIDECTOMY
SMALL BOWEL BLEEDING S L EL WITH DELAY ABDOMINAL CLOSURE,SMALL BOWEL BLEEDING S L EL WITH DELAY ABDOMINAL CLOSURE
PAPILLARY CA THYRIOD,PAPILLARY CA THYRIOD
DISTAL PDAC WITH SV THROMBOSIS,DISTAL PDAC WITH SV THROMBOSIS
SUBNIPPLE DCIS RT BREAST,SUBNIPPLE DCIS RT BREAST
RIGHT CA BREAST S P RIGHT WIDE EXCISION,RIGHT CA BREAST S P WIDE EXCISION
LEFT COSTAL MARGIN LIPOMA,LEFT COSTAL MARGIN LIPOMA
LIPOMA AT RIGHT ARM,LIPOMA AT RIGHT ARM
DCIS OF BOTH BREAST S P BCT,DCIS OF BOTH BREAST S P BCT
LT CSDH,LT CSDH
C56 SPONDYLOLISTHESIS,L4 5 SPONDYLOLISTHESIS
C 4 5 5 6 SPONDYLOSIS,C 4 5 5 6 SPONDYLOSIS
C3 4 C4 5 C5 6 CSM,C3 4 C4 5 C5 6 CSM
LEFT CAVERNOUS MENINGIOMA WITH OPTIC NERVE COMPRESSION,LEFT CAVERNOUS MENINGIOMA WITH OPTIC NERVE COMPRESSION
C2 MENINGIOMA,C2 MENINGIOMA
RIGHT IVH S P RT FRONTAL LOBE EVD,RIGHT IVH S P RT FRONTAL LOBE EVD
PERIANAL ADENOCARCINOMA,PERIANAL ADENOCARCINOMA
HCC AT S6,HCC AT S6
BETHESDA V THYROID NODULE,BETHESDA IV THYROID NODULE
PERSISTENT HPTH S P 2 GLANDS PARATHYROIDECTOMY INTRATHORACIC RIGHT PARATHYROID GLAND,PERSISTENT HPTH S P 2 GLANDS PARATHYROIDECTOMY INTRATHORACIC RIGHT PARATHYROID GLAND
RECURRENT PNEUMOTHORAX,RECURRENT RLL PNEUMOTHORAX
MALIGNANT CHEST WALL SARCOMA S P EXCISION,MALIGNANT CHEST WALL SARCOMA S P EXCISION
BILATERAL CA BREAST S P NEOADJUVANT CHEMPTHERAPY,BILATERAL CA BREAST S P NEOADJUVANT CHEMPTHERAPY
L3 4 STENOSIS,L3 4 5 STENOSIS
COMPRESSION FX L1 C ACUTE CORD INJURY,COMPRESSION FX L1 C ACUTE CORD INJURY
HIGH PSA 968 5,HIGH PSA 968 5
LT CRS WITH DNS,RT CRS WITH DNS
CR WITH ITH WITH DNS,CR WITH DNS WITH ITH
CORROSIVE INGESTION WITH PROLONG INTUBATION,CORROSIVE INGESTION WITH PROLONG INTUBATION
LEUKOPLAKIA AT RT TONGUE,LEUKOPLAKIA AT RT TONGUE
CHT ITHT,CHT ITHT
# NASAL BONE,# NASAL BONE
BOGY EYELID,BOGY EYELID
SKIN LESION AT SCALP,SKIN LESION AT SCALP
OFX RT 4TH 5TH MCP,OFX RT 4TH 5TH MCP
CYST AT SCALP,CYST AT SCALP
NEUROFIBROMA,NEUROFIBROMA
FIBOADRENOSIS BREAST,FIBOADRENOSIS BREAST
PTOSIS BREAST WITH RUPTURE PROSTESIS,PTOSIS BREAST WITH RUPTURE PROSTESIS
MASS AT FOREHEAD PREAURICULAR,MASS AT FOREHEAD PREAURICULAR
MASS AT POSTERIOR EAR,MASS AT POSTERIOR EAR
CA RECTUM WITH LT RCC,CA RECTUM WITH LT RCC
TEMPORARY ABDMINAL CLOSURE,TEMPORARY ABDMINAL CLOSURE
S P EL TEMPORARY ABD CLOSURE VAC DRESSING,S P EL TEMPORARY ABD CLOSURE VAC DRESSING
MASS AT LOWER LIP,MASS AT RT LOWER LIP
LT INFERIOR ORBITAL WALL FRACTURE,LT INFERIOR ORBITAL WALL FRACTURE
FSCIAL BONE FX,FSCIAL BONE FX
CBN RECURRENT BPH,CBN RECURRENT BPH
RT RC UC S P URSL DJ STENT,RT UC S P URSL DJ STENT
SINGLE RK WITH RT RC,SINGLE RK WITH RT RC
DJ STENT EXCHANGING,DJ STENT EXCHANGING
HX OF BLADDER TUMOR,HX OF BLADDER TUMOR
REFRACTORY RETENTION,REFRACTORY RETENTION
CA BLADDER S P FULL CHEMO RT,CA BLADDER S P FULL CHEMO RT
PREPUCE STRICTURE URETHRAL STRICTURE,PREPUCE STRICTURE URETHRAL STRICTURE
CYSTO DILATE,CYSTO DILATE
RIGHT SCROTAL MASS,RT SCROTAL MASS
CKD STAGE5,CKD STAGE5
CENTRAL STENOSIS LT ARM,CENTRAL STENOSIS LT ARM
RT PLEURAL EFFUSION,RT PLEURAL EFFUSION
LT URETERIC STONE WITH ACUTE PYELONEPHRITIS,LT URETERIC STONE WITH ACUTE PYELONEPHRITIS
RIGHT PELVIC STONE,RT PELVIC STONE
NE CA BLADDER,BLADDER CANCER
BPH ใหญ่มากๆๆๆๆๆๆๆๆๆๆๆๆๆ,BPH ใหญ่มากๆๆๆๆๆๆๆๆๆๆๆๆๆ
GROSS HEMATURIA BLEEDING PROSTATE,GROSS HEMATURIA BLEEDING PROSTATE
FRENULUM BREVE,FRENULUM BREVE
AUR FAILED FOLEY CATH,AUR FAILED FOLEY CATH
S P DJ STENT,S P DJ STENT
S P DDKT WITH BLADDER RUPTURED,S P DDKT WITH BLADDER RUPTURED
RT RENAL ABSCESS,RT RENAL ABSCESS
THIRD DEGREE HEMORRHOID,THIRD DEGREE HEMORRHOID
LOW TRANSPHICTERIC FISTULA IN ANO,FISTULA IN ANO LOW TRANSPHINCTERIC
TEMPORARY ABDOMINAL CLOSURE,TEMPORARY ABDMINAL CLOSURE
LT BREAST DISCORDANT LESION L9,LT BREAST DISCORDANT LESION L9
LT BREAST MASS SUSPECTED CA BREAST,LT BREAST MASS SUSPECTED CA BREAST
SCCA OF ESOPHAGUS,SCCA OF ESOPHAGUS
RENAL HYPERPARATHYROIDISM WITH ELEVATED PTH,RENAL HYPERPARATHYROIDISM WITH ELEVATED PTH
LIPOMA LEFT INFRACLAVICULAR,LIPOMA LEFT INFRACLAVICULAR
S P HARTMANN,S P HARTMANN
CONCEALED RUPTURED SIGMOID DIVERTICULITIS,CONCEALED RUPTURED SIGMOID DIVERTICULITIS
SYMTOMATIC GS,SYMPTOMATIC GS
CA RECTUM GS,CA RECTUM GS
INTERNAL HEMORROID,INTERNAL HEMORRHOID
CA COLON CRLM,CA COLON CRLM
RECURRENT CA RECTUM CRLM,RECURRENT CA RECTUM
CA CERVIX S P RT CHEMOPORT INSERTION,CA CERVIX S P RT CHEMOPORT INSERTION
R O INSTENT RESTENOSIS AT LT CEPHALIC VEIN ARCH,R O INSTENT RESTENOSIS AT LT CEPHALIC VEIN ARCH
AVF THROMBOSIS,AVBG THROMBOSIS
ESRD S P DLC RT IJV,ESRD S P DLC RT IJV
EXPOSE SKULL PLATE,EXPOSE SKULL PLATE
L2 5 S1 SPONDYLOSIS,L3 4 5 S1 SPONDYLOSIS
SDH LT FRONTO PAREITAL,SDH LT FRONTO PAREITAL
LT BASAL GANGLION HEMORRHAGE,RT BASAL GANGLION HEMORRHAGE
SPONDYLODISCITIS T5 7,SPONDYLODISCITIS T5 7
BURST FRACTURE T5,BURST FRACTURE L1
THALAMIC HEMORRHAGE C IVH C HYDROCEPHALUS,THALAMIC HEMORRHAGE C IVH C HYDROCEPHALUS
LUNG CANCER,LUNG CANCER
DESMOID TUMOR S P RT RIB 5 7 RESECTION,DESMOID TUMOR S P RT RIB 5 7 RESECTION
LT PLEURAL EFFUSION,LT PLEURAL EFFUSION
EMPYEMA RT CHEST,EMPYEMA RT CHEST
BIS 2 HILLAR CCA,BIS 2 HILLAR CCA
IPMN AT BODY GS SUBSIDED CHOLANGITIS,IPMN AT BODY GS SUBSIDED CHOLANGITIS
POST ERCP COMPLICATION,POST ERCP COMPLICATION
MASSS AT LT THIGH,MASSS AT LT THIGH
SKIN LESION RT CHEEK,SKIN LESION RT CHEEK
MALIGNANT NEOPLASM OF AXILLARY AND UPPER LIMB LYMPH NODES,MALIGNANT NEOPLASM OF AXILLARY AND UPPER LIMB LYMPH NODES
GRAVES' DISEASE WITH SUSPICIOUS FOR THYROID CANCER,GRAVES' DISEASE WITH SUSPICIOUS FOR THYROID CANCER
FOLLICULAR THYROID CANCER S P OPEN RIGHT LOBECTOMY AND ISTHMECTOMY,HURTHLE CELL CANCER S P OPEN RIGHT THYROID LOBECTOMY AND ISTHMECTOMY
LEFT THYROID MASS TR5,LEFT THYROID MASS
CA LT BREAST S P BCT SLNB MCW LICAP C PATHOLOGICAL MARGIN POSITIVE,CA LT BREAST S P BCT SLNB MCW LICAP C PATHOLOGICAL MARGIN POSITIVE
PANCREATIC CANCER WITH LIVER MET,PANCREATIC CANCER WITH LIVER MET
PRESSURE SORE LT HIP COCCYX,PRESSURE SORE LT HIP COCCYX
ADVANCED CA STOMACH,ADVANCED CA STOMACH
SMALL BOWEL INJURY AND ASCENDING COLON INJURY S P RE EL WITH TEMPORARY CLOSURE,SMALL BOWEL INJURY AND ASCENDING COLON INJURY S P RE EL WITH TEMPORARY CLOSURE
FOBT,FOBT
SMALL BOWEL AND COLONIC PERFORATION S P EL C TEMPORARY CLOSURE,SMALL BOWEL AND COLONIC PERFORATION S P EL C TEMPORARY CLOSURE
BLEEDING FROM RT SIDE ANASTOMOSIS,BLEEDING FROM RT SIDE ANASTOMOSIS
BUERGER'S DISEASE WITH CLI LEFT LEG,BUERGER'S DISEASE WITH CLI LEFT LEG
ESRD WITH ACCESS FLOW DROP,ESRD WITH ACCESS FLOW DROP
THROMBOSE AVBG LT UPPER ARM,THROMBOSED AVBG LT UPPER ARM
INFECTED AVBG RT FOREARM,INFECTED AVBG LT FOREARM
OTOSIS OF EYELID,PTOSIS OF EYELID
RT HYDROCELECTOMY,RT HYDROCELECTOMY
GBM LT OCCIPITAL,GBM LT OCCIPITAL
CANAL STENOSIS C4 6 WITH CORD CONTUSION,CANAL STENOSIS C4 6 WITH CORD CONTUSION
RT OCCIPITAL METASTASIS,RT OCCIPITAL METASTASIS
CR WITH DNS WIH ITH NP MASS,CR WITH DNS WITH NP MASS
R O CA BOT,R O CA BOT
LT PAROTID MASS,LT PAROTID MASS
BENIGN NEOPLASM OF THYROID GLAND RT,BENIGN NEOPLASM OF THYROID GLAND
CHRONIC TONSILLITIS หมอฟันที่เรา,CHRONIC TONSILLITIS หมอฟันที่เรา
INVERTED PAPILLOMA LT,INVERTED PAPILLOMA
ASPIRATION PNEUMONIA,ASPIRATION PNEUMONIA
LT EPISTAXIS,EPISTAXIS LT
DNS RT C CHT,DNS RT C CHT
ITHT MASS AT FACE,ITHT MASS AT FACE
HYPERTHYROIDISM,HYPERTHYROIDISM
PELVIC FLOOR DESCEND,PELVIC FLOOR DESCENT
COMBIME HEMORRHOID,COMBINED HEMORRHOID
HEMORRHOID GR III AND POLYP,HEMORRHOID GR III AND POLYP
FIA AT 11 OC,FIA AT 11 OC
RIGHT CONDYLE FRACTURE INCLUDED MANDIBLE,RIGHT CONDYLE FRACTURE INCLUDED MANDIBLE
PTOSIS LEFT UPPER EYELID,PTOSIS UPPER EYELID
OPEN FRACTURE LT 4TH 5TH MCP C TENDON TEAR,OPEN FRACTURE LT 4TH 5TH MCP C TENDON TEAR
CHRONIC OSTEOMYELITIS LT TIBIA S P BONE NIP DB,CHRONIC OSTEOMYELITIS LT TIBIA S P BONE NIP DB
SKIN LESION AT FOREHEAD,SKIN LESION AT FOREHEAD
BAGGY EYELIDS,BUGGY EYELID
LYMPHOMA AT LT EAR,LYMPHOMA AT LT EAR
4TH 5TH MCP CFX RIGHT HAND,4TH 5TH MCP CFX RIGHT HAND
WOUND DEHISCENCE INFECTION BOTH BREAST,WOUND DEHISCENCE INFECTION BOTH BREAST
RIGHT CONDYLE FRACTURE INCLUDE MANDIBLE,RIGHT CONDYLE FRACTURE INCLUDED MANDIBLE
CLI LEFT LEG S P AKA,CLI LEFT LEG S P BKA
SKIN TAG AT RT EYE,SKIN TAG AT RT EYE
CVI C3 OF BOTH LEGS,CVI C4A OF BOTH LEGS
TCC RT IJV DISPLACEMENT,DISPLACE TCC RT IJV
INFECTED TCC RT IJV,INFECTED TCC RT IJV
FALSE ANEURYSM AT AVBG RT FOREARM,FALSE ANEURYSM AVBG LT FOREARM
CA LUNG RLL,CA LUNG RLL
DDKT WITH RUPTURED SMALL BLADDER S P REPAIRING,DDKT WITH RUPTURED SMALL BLADDER S P REPAIRING
PHIMOSIS LT DISTAL UC S P URSL DJ STENT,PHIMOSIS LT DISTAL UC S P URSL DJ STENT
INFECTED RENAL CYST,INFECTED RENAL CYST
RETAINED RT PROXIMAL UC,RETAINED RT PROXIMAL UC
LEFT URETERIC STONE,LEFT URETERIC STONE
BENIGN NEOPLASM OF ADRENAL GLAND,BENIGN NEOPLASM OF ADRENAL GLAND
PSA 12 9,PSA 12 9
CA PROSTQATE RIGHT HERNIA,CA PROSTQATE RIGHT HERNIA
CA BLADDER T1,CA BLADDER T1
LEFT URETER INJ,LEFT URETER INJ
GRASS HEMATURIA,GROSS HEMATURIA
1ST HPTH AT RIGHT SIDE,1ST HPTH AT RIGHT SIDE
LIPOMA LT SIDE LOWER BACK,LIPOMA LT SIDE LOWER BACK
RIGHT THYROID MASS WITH PRIMARY HPTH BILATERALLY,RIGHT THYROID MASS WITH PRIMARY HPTH BILATERALLY
RIGHT THYROID MASS WITH PRIMARY HPTH WITH OSTEOPENIA,RIGHT THYROID MASS WITH PRIMARY HPTH WITH OSTEOPENIA
2 HPTH,2 HPTH
R O CA RECTOSIGMIOD COLON,R O CA RECTOSIGMIOD COLON
DYSPHAGIA WT LOSS,DYSPHAGIA WEIGHT LOSS
CA COLON WITH POST COLOANAL ANASTOMOSIS WITH R O COLONIC ISCHEMIA,CA COLON WITH POST COLOANAL ANASTOMOSIS WITH R O COLONIC ISCHEMIA
CA RECTUM S P LAP LAR WITH LOOP ILEOSTOMY,CA RECTUM S P LAP LAR WITH LOOP ILEOSTOMY
POST COLONO ANAL ANASTOMOSIS,POST COLONO ANAL ANASTOMOSIS
FISTULA IN ANO [INTERSPHINCTERIC],FISTULA IN ANO [INTERSPHINCTERIC]
SIGMOID MASS > SUSPECTED CA,SIGMOID MASS > SUSPECTED CA
GIANT ANEURYSM LT UPPER ARM,GIANT ANEURYSM LT UPPER ARM
DIFFICULT VENOUS ASSCESS,DIFFICULT VENOUS ASSCESS
CELLULITIS RT ARM C DIFFICULT IV ASCESS,CELLULITIS RT ARM C DIFFICULT IV ASCESS
LT JUXTAVENOUS ANASTOMOSIS STENOSIS S P PTA,LT JUXTAVENOUS ANASTOMOSIS STENOSIS S P PTA
RT CHRONIC SUBDURAL HEMORRHAGE,LT CHRONIC SUBDURAL HEMORRAHGE
WOUND INFECTION R O CSF FITSULA,WOUND INFECTION R O CSF FITSULA
L4 5 S1 STENOSIS,L4 5 STENOSIS
L4 S1 RECURRENT HNP,L4 S1 RECURRENT HNP
RUPTURE DISC L4 5 C CAUDA QUINA COMPRESSION,RUPTURE DISC L4 5 C CAUDA QUINA COMPRESSION
LEFT LOBE HYPODENSITY LESION WITH STOMACH INVASION R O CANCER,LEFT LOBE HYPODENSITY LESION WITH STOMACH INVASION R O CANCER
HCC S6 7,HCC S6 7
SINUS FISTULA AND CYST OF BRANCHIAL CLEFT,SINUS FISTULA AND CYST OF BRANCHIAL CLEFT
RT BREAST CANCER S P BCT [CT2NXM0],RT BREAST CANCER S P BCT [CT2NXM0]
CA RT BREAST CT4N1M0,CA RT BREAST CT4N1M0
RT CA BREAST WITH LT BREAST MASS,RIGHT CA BREAST WITH LEFT BREAST MASS
VERY LARGE THYROID MASSES,VERY LARGE THYROID MASSES
BEDSORE,BED SORE
2ND HYPERPARATHYROID C THYROID MASS,2ND HYPERPARATHYROID C THYROID MASS
SUSPECTED THYROID CANCER,SUSPECTED THYROID CANCER
BILATERAL PAROTID MASS,BILATERAL PAROTID MASS
CA RECTOSIGMOID WITH COLOVESICAL FOSTULAR,CA SIGMOID WWITH COLOVESICAL FISTULA
MENINGIOMA AT RT FRONTAL CONVEX,MENINGIOMA AT RT FRONTAL CONVEX
L3 4 L4 5 SPINAL STENOSIS,L4 5 SPINAL STENOSIS
T5 L2 MENINGIOMA,T5 L2 MENINGIOMA
C4 5 DISC HERNIATION,C4 5 DISC HERNIATION
C3 4 567 SPONDYLOSIS,C3 4 5 SPONDYLOSIS
C SPONDYLOSIS C6 T1,C7 T1 SPONDYLOSIS
C5 6 FX WITH SPONDYLOSIS,C5 6 FX WITH SPONDYLOSIS
RT BREAST MASS BIRAD 4B,RT BREAST MASS BIRAD 4B
S P MAMMOREDUCTION,S P MAMMOREDUCTION
RIGHT AXILLARY BREAST,RIGHT AXILLARY BREAST
IMPLANT EXTRUSION OF LEFT BREAST,IMPLANT EXTRUSION OF LEFT BREAST
RIGHT THYROID CANCER WITH RIGHT LATERAL LYMPH NODES METASTASIS,RIGHT THYROID CANCER WITH RIGHT LATERAL LYMPH NODES METASTASIS
PRIMARY PALMAR HYPERHIDROSIS,PRIMARY PALMAR HYPERHIDROSIS
SAH C SDH C PROLONG INTUBATION S P LT CRANIECTOMY C CLOT REMOVAL,SAH C SDH C PROLONG INTUBATION S P LT CRANIECTOMY C CLOT REMOVAL
SAH,SAH
BLEEDING BRAIN TUMOR,BLEEDING BRAIN TUMOR
RUPTURED LT PCOM A ANEURYSM C HYDROCEPHALUS S P EVD RT FRONTAL,RUPTURED LT PCOM A ANEURYSM C HYDROCEPHALUS S P EVD RT FRONTAL
PITUITARY ACROMEGALY,PITUITARY ACROMEGALY
HYDROCEPHALUS S P RT EVD,HYDROCEPHALUS S P RT EVD
BLEEDING TUMOR LT CEREBELLAR HEMISPHERE,BLEEDING TUMOR LT CEREBELLAR HEMISPHERE
TRACHEOSTOMY TUBE MALFUNCTION,TRACHEOSTOMY TUBE MALFUNCTION
HNP T12 L1,HNP T12 L1
CLI OF RIGHT LEG,CLI RIGHT LEG
ESRD WITH BASILLIC AND SUBCLAVIAN STENOSIS,ESRD WITH BASILLIC AND SUBCLAVIAN STENOSIS
LYMPHOCELE RIGHT PELVIC S P DDKT,LYMPHOCELE RIGHT PELVIC S P DDKT
CVI AT RT THIGH REFLUX AT SAPHENOFEMORAL JUNCTION,CVI AT RT THIGH REFLUX AT SAPHENOFEMORAL JUNCTION
LOCAURATED EMPHYSEMA THORACIS,LOCAURATED EMPHYSEMA THORACIS
MALIGNANT PLEURAL EFFUSION,MALIGNANT PLEURAL EFFUSION
UNHEALED FIA,UNHEALED FIA
CA SIGMOID PT3N2AM0 S P OPEN SIGMOIDECTOMY,CA SIGMOID PT3N2AM0 S P OPEN SIGMOIDECTOMY
ANAL FISTURE,ANAL FISSURE
PROSTATIC ABSCESS,PROSTATIC ABSCESS
LEFT VESTIBULAR SCHWANNOMA,LT VESTIBULAR SCHWANNOMA
CA BREAST C C SPINE METASTASIS,CA BREAST C C SPINE METASTASIS
BENIGN NEOPLASM OF BRAIN,BENIGN NEOPLASM OF BRAIN
LT SPHENOCAVERNOUS MENINGIOMA,LT SPHENOCAVERNOUS MENINGIOMA
BILAT SDH,BILAT CSDH
EXCISION MASS AT RT NECK,EXCISION MASS AT RT NECK
RT OROPHARYNGEAL AND PREVERTEBRAL ABSCESS,RT OROPHARYNGEAL AND PREVERTEBRAL ABSCESS
ATH C OBESITY,ATH C OBESITY
CHOKING DURING SLEEP,CHOKING DURING SLEEP
MASS LT VESTIBULE,MASS LT VESTIBULE
LT CHOLESTEATOMA,CHOLESTEATOMA LT EAR
OSA S P TONSILLECTOMY RF NOSE RF BOT,OSA S P TONSILLECTOMY RF NOSE RF BOT
KELOID AT POSTERIOR EAR,KELOID AT POSTERIOR EAR
CLOSED FX RT ZYGOMA,CLOSED FX RT ZYGOMA
RT VESTIBULAR SCHWANOMA,LT VESTIBULAR SCHWANNOMA
PIRAD 4 AT BASE MIDGLAND LEFT,PIRAD 4 AT BASE MIDGLAND LEFT
PIRAD 4 MIDGLAND LEFT,PIRAD 4 MIDGLAND LEFT
SCC AT FACE,SCC AT FACE
KELOID AT RT POSTERIOR EAR,KELOID AT POSTERIOR EAR
CELLULITIS LEFT HAND,CELLULITIS LEFT HAND
WART AT RIGHT TEMPORAL,WART AT RIGHT TEMPORAL
LARGE LIPOMA AT LEFT SCAPULA,LARGE LIPOMA AT LEFT SCAPULA
CFX OF LEFT MANDIBULAR CONDYLE,CFX OF LEFT MANDIBULAR CONDYLE
MICROHEMATURIA,MICROHEMATURIA
R O CA BLADDER THICK BLADDER WALL,R O CA BLADDER THICK BLADDER WALL
RIGHT HYDROCELE C BPH,RIGHT HYDROCELE C BPH
HIGH PSA 6 21,HIGH PSA 12 6
HIGH PSA 15,HIGH PSA 15 1
PIRAD,PIRAD
HIGH PSA 10 3,HIGH PSA 10 2
URETHRAL STRUCTURE,URETHRAL STRICTURE
THROMBOSED AVF RT,ESRD THROMBOSED AVF
AVBG LT STENOSIS,LT AVBG STENOSIS
ESRD S P BRACHIO CEPHALIC AVF LT FOREARM,ESRD S P BRACHIO CEPHALIC AVF LT FOREARM
LT DJ STENT PREG,LT DJ STENT PREG
SCROTUM ABSCESS S P I D,SCROTUM ABSCESS S P I D
URETHRAL INJURY,URETHAL INJURY
BLADDER TUMOR > BENIGN,BLADDER TUMOR > BENIGN
LIUTS,LUTS
UPJO RT,UPJO RT
MALE STERILISATION,MALE STERILISATION
R O VESICOINTESTINAL FISTULAR,R O VESICOINTESTINAL FISTULAR
RECURRENT CA BLADDER STRICTURE URETHRA,RECURRENT CA BLADDER URETHRAL STRICTURE
CA BLADDER CA RT URETER,CA BLADDER CA RT URETER
RT DISTAL UC S P URSL DJ STENT,LT DISTAL UC S P LT URSL DJ STENT
LT RC UC S P RIRS DJ STENT,LT RC UC S P RIRS DJ STENT
HEMATURIA C AUR,HEMATURIA C AUR
RIGHT HEMOTHORAX,RIGHT HEMOTHORAX
STERNAL DEHISCENCE,STERNAL DEHISCENCE
RLL NODULE,RUL NODULE
LEFT PLEURAL EFFUSION S P ICD,LEFT PLEURAL EFFUSION S P ICD
PIRAD 4 RT BASE,PIRAD 4 RT BASE
HIGH PSA 5 19,HIGH PSA 15 1
PSA A24 WITH BLADDER MASS,PSA A24 WITH BLADDER MASS
ANAL ULCER,ANAL ULCER
LOW TRANSSPHINCTERIC FIA,LOW TRANSPHINCTERIC FIA
INTERNAL HEMORRHOID GR 3 AT 7 11 OC,INTERNAL HEMORRHOID GR 3 AT 7 11 OC
MASS AT CECUM,MASS AT CECUM
EXTERNAL HEMORRHOID C TIGHT SPHINCTER TONE,EXTERNAL HEMORRHOID C TIGHT SPHINCTER TONE
ESRD C DDKT,ESRD C DDKT
ESRD S P AVF LT FOREARM C SWING VEIN STENOSIS,ESRD S P AVF LT FOREARM C SWING VEIN STENOSIS
THROMBOSED AVF LT FOREARM,THROMBOSED AVBG LT FOREARM
RUPTURED APPENDICITIS S P OPEN APPENDECTOMY,RUPTURED APPENDICITIS S P OPEN APPENDECTOMY
BREAST MASS AT R4,BREAST MASS AT R10
LIPOMA AT RT CHEST WALL,LIPOMA AT RT CHEST WALL
BREAST MASS R3,BREAST MASS
PRESSURE SORE A COCCYX,PRESSURE SORE A COCCYX
RIGHT BREAST MASS R11,RIGHT BREAST MASS
MALFUNCTION TCC LT SV,MALFUNCTION TCC LT SV
AAA WITH MIGRATION GRAFT S P COIL EMBOLIZATION EXTENSION LIMB,AAA WITH MIGRATION GRAFT S P COIL EMBOLIZATION EXTENSION LIMB
CEPHALIC V STENOSIS LT ARM,CEPHALIC V STENOSIS LT ARM
OUTFLOW STENOSIS LT AVF,LT OUTFLOW STENOSIS
ESRD S P AVF C LT CEPHALIC V STENOSIS,ESRD S P AVF C LT CEPHALIC V STENOSIS
INFECTED WOUND LT HEEL LT THIGH,INFECTED WOUND LT HEEL LT THIGH
CVI C2SRT LEG,CVI C2SRT LEG
MULTIFOCAL STENOSIS RT DISTAL PA PTA,MULTIFOCAL STENOSIS RT DISTAL PA PTA
ESRD C THROMBOSED AVBG LT FORFEARM,ESRD C THROMBOSED AVBG LT FORFEARM
THROMBOSED AVF RT CUBITAL,THROMBOSED AVF LT CUBITAL
AVF LT UPPER ARM C STEAL,AVF LT UPPER ARM C STEAL
CRLM LT ALDOSTERONE PRODUCING ADENOMA,CRLM LT ALDOSTERONE PRODUCING ADENOMA
RECURRENT IPMN AT HEAD OF PANCREAS S P DP,RECURRENT IPMN AT HEAD OF PANCREAS S P DP
TAIL OF PANCREAS TUMOR GB POLYP,TAIL OF PANCREAS TUMOR GB POLYP
INFECTED WOUNDAT RT FOOT,INFECTED WOUND RT FOOT
ULCER AT LEFT THIGH,ULCER AT LEFT THIGH
LT BREAST MASS PALPABLE,LT BREAST MASS L8 PALPABLE
GRAVES' DISEASE WITH R O THYROID CANCER,GRAVES' DISEASE WITH R O THYROID CANCER
CA RECTUM WITH OBSTRUCTION,CA LOWER RECTUM WITH OBSTRUCTION
OTHER AND UNSPECIFIED ABDOMINAL PAIN,OTHER AND UNSPECIFIED ABDOMINAL PAIN
CA LOW RECTUM,CA LOWER RECTUM
HEMATURAIA,HEMATURIA
UNDESCENDED TESTIS,UNDESCENDES TESTIS
BLADDER TUMOR LATERAL WALL,BLADDER TUMOR AT LT LATRERAL WALL
PRESSURE SORE AT RT HIP,PRESSURE SORE AT RT HIP
FIA LOW TRANSPHINCTERIC TYPE,LOW TRANSPHINCTERIC FIA
BIRADS 4A AT R5 L4,BIRADS 4A AT R5 L4
WOUND RT LEG,WOUND RT LEG
CLOSE FX PROXIMAL RT LITTLE FINGER,CLOSE FX PROXIMAL RT LITTLE FINGER
GRANULOMATOUS MASTITIS,GRANULOMATOUS MASITIS
ATYPICAL DUCTAL HYPERPLASIA,ATYPICAL DUCTAL HYPERPLASIA
L3 4 L4 5 SPONDYLOLISTHESIS,L 4 5 S1 SPONDYLOLISTHESIS
TB SPINE C COLLECTION AT C5 6,TB SPINE C COLLECTION AT C5 6
GBM,GBM
RUPTURED DISC C3 4 C4 5,RUPTURED DISC C3 4 C4 5
L2 5 SPONDYLOSIS ADJACENT L2 3,L 345 SPONDYLOSIS C ADJACENT L2 3
L3 4 TB SPINE,L3 4 TB SPINE
BURST FX L2,BURST FX L4
BURST FX T12,BURST FX T12
ADJACENT L5 S1,ADJACENT L5 S1
CHRONIC SDH LT,RT CHRONIC SDH
RT FVC MASS C DIFFICULT AIRWAY,RT FVC MASS C DIFFICULT AIRWAY
LT FRONTAL SINUSITIS,LT FRONTAL SINUSITIS
RIGHT ADRENAL MASS 4 CM,RIGHT ADRENAL MASS 4 CM
RT ORCHITIS ABSCESS,RT ORCHITIS ABSCESS
LT UC S P LT URSL DJ STENT,LT UC S P URSL DJ STENT
PSA 15 WITHHEMATURIA,PSA 15 WITHHEMATURIA
PSA 5,PSA 5
CA BLADDER LEFT LATERA WALL ก้อน 7 CM,CA BLADDER LEFT LATERA WALL ก้อน 7 CM
RECURRENT LT MAX SINUSITIS,RECURRENT LT MAX SINUSITIS
DEEP NECK INFECTION WITH IMPENDING UPPER AIRWAY OBSTRUCTION,DEEP NECK INFECTION WITH IMPENDING UPPER AIRWAY OBSTRUCTION
BLEEDING PER TRACHEOSTOMY,BLEEDING PER TRACHEOSTOMY
BILATERAL TVC PARALYSIS,BILATERAL TVC PARALYSIS
RT TM PERFORATION,RT TM PERFORATION
CHT ITH,CHT ITHT
MASS AT LT SOFT PALATE,MASS AT LT SOFT PALATE
CA AT LEFT CHEEK,CA AT LEFT CHEEK
OSTEOMA AT FOREHEAD,OSTEOMA AT FOREHEAD
ATROPHY OF BREAST,ATROPHY OF BREAST
HIGH PSA WITH PIRADS 4 AT PERIPHERAL ZONE,HIGH PSA WITH PIRADS 4 AT PERIPHERAL ZONE
BPH WITH RENAL DETERIORATION,BPH WITH RENAL DETERIORATION
PERFORATED CA SIGMOID C SSI,PERFORATED CA SIGMOID C SSI
INTERNAL HEMORRHOID AT 7 11 OCLOCK,INTERNAL HEMORRHIOD AT 3 7 11 OCLOCK
ANAL WARTS,ANAL WART
SIGMOID MASS,SIGMOID MASS
ANAL POLYP WITH HEMORRHOID,ANAL POLYP WITH HEMORRHOID
CFX MIDDLE PHALANX OF 3RD FINGER RIGHT HAND,CFX MIDDLE PHALANX OF 3RD FINGER RIGHT HAND
S P ARCH BAR IMF,S P ARCH BAR IMF
NEAR AMPUTATION RIGHT HAND S P REPAIR DB,NEAR AMPUTATION RIGHT HAND S P REPAIR DB
DEVIATION NOSE,DEVIATION NOSE
LIPOMA LT ARM,LIPOMA LT ARM
FX MANDILBLE,FX MANDILBLE
MANDIBULAR FX,MANDIBULAR FX
MANDIBULAR FRACTURE,MANDIBLE FRACTURE
MASS AT CHEEK AND EYELID,MASS AT CHEEK AND EYELID
R O ISR AT LT CEPHALIC ARCH 8MM,R O ISR AT LT CEPHALIC ARCH 8MM
RIGHT DUPLEX KIDNEY WITH UPJO WITH RC,RIGHT DUPLEX KIDNEY WITH UPJO WITH RC
HIGH PSA 6 88,HIGH PSA 7 6
BPH C PSA RISING,BPH C PSA RISING
PERSISTENT URETHRAL PAIN,PERSISTENT URETHRAL PAIN
INFECTED MODIFIED LT GOBSON SURGICAL WOUND,INFECTED MODIFIED LT GOBSON SURGICAL WOUND
LT UC WITH SEVERE HYDRONEPHROSIS POOR FUNCTION,LT UC WITH SEVERE HYDRONEPHROSIS POOR FUNCTION
FIA WITH RECTAL STRICTURE,FIA WITH RECTAL STRICTURE
S P WHIPPLE'S OPERATION,S P WHIPPLE'S OPERATION
COLONIC DIVERTICULOSIS,COLONIC DIVERTICULOSIS
S P TOTAL COLECTOMY WITH RISING CEA,S P TOTAL COLECTOMY WITH RISING CEA
ACUTE CHOLECYSTITS,ACUTE CHOLECYSTITIS
PAINLESS GROSSHEMATURIA,PAINLESS GROSS HEMATURIA
HEMATUTRIA,HEMATURIA
HEMATURIA S P RT URSL DJ STENT,HEMATURIA S P RT URSL DJ STENT
LT UC S P DJ STENT,LT UC S P DJ STENT
NSCLC RML,NSCLC RML
TUMOR AT 10TH LT RIBS,TUMOR AT 10TH LT RIBS
ANAL MASS WITH INTERNAL HEMORRHOID GR II,ANAL MASS WITH INTERNAL HEMORRHOID GR II
FIA EO 7 > IO 7 EO 1 > IO 12 OCLOCK,FIA EO 7 > IO 7 EO 1 > IO 12 OCLOCK
CA RECTUM CEA RISING,CA RECTUM RISING CEA
ISCHEMIC COLITIS WITH SSI,ISCHEMIC COLITIS WITH SSI
NON THROMBOSE EXTERNAL HEMORRHIOD,THROMBOSED EXTERNAL HEMORRHOID
TNTERNAL HEMORRHOID GR 3 AT 7 OCLOCK,TNTERNAL HEMORRHOID GR 3 AT 7 OCLOCK
HEMORRHOID GR 3,HEMORRHOID GR 3
INTERNAL HEMORRHOID GR 3 AT 11 OC,INTERNAL HEMORRHOID GR 3 AT 7 11 OC
CA DESCENDING COLON WITH CA LOWER RECTUM S P LAP LAR WITH LT HMICOLECTOMY WITH CAA,CA DESCENDING COLON WITH CA LOWER RECTUM S P LAP LAR WITH LT HMICOLECTOMY WITH CAA
BLEEDING AVF LT ARM,BLEEDING AVF LT ARM
ESRD WITH CEPHALIC STENOSIS,ESRD WITH CEPHALIC STENOSIS
CEPHALIC VEIN CEPHALIC ARCH STENOSIS,CEPHALIC VEIN CEPHALIC ARCH STENOSIS
ASYMPTOMATIC INFRARENAL FUSIFORM AAA,ASYMPTOMATIC INFRARENAL FUSIFORM AAA
S P LT 3RD TOE AMPUTATION,S P LT 3RD TOE AMPUTATION
LIPOMA AT LT UPPERARM,LIPOMA AT LT UPPERARM
LIPOMA AT RT UPPERARM,LIPOMA AT LT UPPERARM
INFECTED WOUND LEFT LEG,INFECTED WOUND LEFT LEG
IMPENDING RUPTURE AVBG,IMPENDING RUPTURE AVBG
POSTERIOR FOSSA ARACHNOID CYST,POSTERIOR FOSSA ARACHNOID CYST
CLTI AT RT LEG,CLTI RT LEG
FALSE ANEURYSM AT AVF LT CUBITAL,FALSE ANEURYSM LEFT CUBITAL AVF
ESRD LT,ESRD LT
SWING VEIN STENOSIS RT,SWING VEIN STENOSIS
INTRAGRAFT STENOSIS,INTRAGRAFT STENOSIS
BLEEDING AVF LEFT CUBITAL,BLEEDING AVF LEFT CUBITAL
STENOSIS AT LT AVBG,LT AVBG STENOSIS
CVI C6 BOTH LEGS,CVI C2S BOTH LEGS
R O ISR AT LT CEPHALIC ARCH,R O ISR AT LT CEPHALIC ARCH 8MM
MULTIPLE LUNG BLEBS,MULTIPLE LUNG BLEBS
LOCCULATED RT HEMOTHORAX,LOCCULATED RT HEMOTHORAX
SEGMENTAL ADENOMYOMATOSIS,SEGMENTAL ADENOMYOMATOSIS
CA RECTUM WITH CRLM S2 7 8 S P LOOP COLOSOTMY,CA RECTUM WITH CRLM S2 7 8 S P LOOP COLOSOTMY
SUBSIDE PANCREATITIS WITH GS,SUBSIDED GS PANCREATITIS
LT RETROPERITONEAL MASS,LT RETROPERITONEAL MASS
RLL NODULE CRLM,RLL NODULE CRLM
TORSION OF TESTIS,TORSION OF TESTIS
BIRADS4 RIGHT,BIRADS4 RIGHT
LUTS WITH BOO DDX URETHRAL STRICTURE BPH CA BLADDER,LUTS WITH BOO DDX URETHRAL STRICTURE BPH CA BLADDER
CA BLADDDER,CA BLADDER
LT URETERAL INJURY,LT URETERIC INJURY
ADENO CA BLADDER,ADENO CA BLADDER
3RD DEGREE BURN AT RT HAND,3RD DEGREE BURN AT RT HAND
LEFT DJ STENT,LEFT DJ STENT
BLOODY DISCHARGE,BLOODY DISCHARGE
CA BREAST S P MASTECTOMY C SKIN REDUNDANT,CA BREAST S P MASTECTOMY C SKIN REDUNDANT
CLTI LEFT FOOT,CLTI LT FOOT
MULTIOPLE NECK MASS,MULTIOPLE NECK MASS
ARACHNOID CYST WITH IICP,ARACHNOID CYST WITH IICP
L2 5 STENOSIS,L4 5 STENOSIS
C3456 SPONDYLOSIS,C4567 SPONDYLOSIS
UNRUPTURE SUPRACLINOID ANEURYSM,UNRUPTURE SUPRACLINOID ANEURYSM
LT CEREBELLAR MASS,LEFT CEREBELLAR MASS
L2 COMPRESSION FRACTURE,COMPRESSION FRACTURE L1
OPLL C3 7,OPLL C3 7
SPONDYLOSIS,C SPONDYLOSIS
L5 S1 SPONDYLOSIS,L4 S1 SPONDYLOSIS
C5 6 HNP,HNP C5 6
C3457 SPONDYLOSIS,C4567 SPONDYLOSIS
RECURRENT GLIOMA,RECURRENT GLIOMA
TONSILLAR HYPERTROPHY,TONSILLAR HYPERTROPHY
SEVERE OSA RDI = 50,SEVERE OSA RDI = 50
MALIGNANT PERCARDIAL EFFUSION,MALIGNANT PERCARDIAL EFFUSION
UC S P URSL DJ STENT,LT UC S P URSL DJ STENT
SUBGLOTTIC STENOSIS S P CLOSURE TRACHEOSTOMY,SUBGLOTTIC STENOSIS S P CLOSURE TRACHEOSTOMY
BOT MASS,BOT MASS
DISORDER OF EXTERNAL EAR UNSPECIFIED,DISORDER OF EXTERNAL EAR UNSPECIFIED
RT INVERTED PAPILLOMA,INVERTED PAPILLOMA
RT ANTROCHOANAL POLYP,RT ANTROCHOANAL POLYP
SCAR CONTRACTION AT LT THUMB,SCAR CONTRACTION AT LT THUMB
PTOTSIS,PTOSIS
DYSPLASTIC NEVUS,DYSPLASTIC NERVUS
POLYDACTYLY,POLYDACTYLY
XANTHELESMA AT EYELID,XANTHELESMA AT EYELID
MASS AT RIGTH CHEEK,MASS AT RT CHEECK
MASS AT LT SHOULDER,MASS AT SHOULDER
ABSCESS LT HAND,RT HAND ABSCESS
INFECTED WOUND LT ANKLE,INFECTED WOUND LT ANKLE
CYST AT SCALP MASS AT CHEST,CYST AT SCALP MASS AT CHEST
CLTI RT LEG S P ANGIOPLASTY C GANGRENE RT 1ST TOE,CLTI RT LEG S P ANGIOPLASTY C GANGRENE RT 1ST TOE
ESRD WITH GIANT AVF,ESRD WITH GIANT AVF
KELOID BOTH EAR,KELOID AT BOTH EAR
FRACTURE MAXILLA,FRACTURE MAXILLA
LIPODYSTROPHY RT THIGH,LIPODYSTROPHY RT THIGH
BREAST IMPLANT CONTRACTURE,BREAST IMPLANT CONTRACTURE
KELOID ON UMBILICAL,KELOID ON UMBILICAL
SEBORRHOIEC KERATOSIS,SEBORRHOEIC KERATOSIS
OPEN WOUND RT FOREARM,OPEN WOUND RT FOREARM
LT URETER STENOSIS,URETER STENOSIS
DDKT S P DJ STENT,DDKT S P DJ STENT
R O CA PROSTATE WITH RECURRENT GROSS HEMATURIA,R O CA PROSTATE WITH RECURRENT GROSS HEMATURIA
RT RC S P RT RIRS C DJ STENT,RT RC S P RT RIRS C DJ STENT
CA PROSTATE C BONE METAS,CA PROSTATE C BONE METAS
URETHRAL DILATION,URETHRAL DILATION
HIGH PSA PIRADS4 ON LT PERIPHERAL,HIGH PSA PIRADS4 ON LT PERIPHERAL
PYLORIC ULCER,PYLORIC ULCER
SIGMOID COLON POLYP,SIGMOID COLON POLYP
CRC SCREENING,SCREENING CRC
CA LT BREAST S P NEOAD,LT CA BREAST S P NEOADJUVANT
PIRADS 5 LT,PIRADS 5 LT
PIRADS 4 LT,PIRADS 5 LT
SIGMIOD DIVERTICULITIS WITH PERFORATION S P LAP SIGMIODECTOMY WITH PROXIMAL LOOP TRANSAVERSE COLOSTOMY,SIGMIOD DIVERTICULITIS WITH PERFORATION S P LAP SIGMIODECTOMY WITH PROXIMAL LOOP TRANSAVERSE COLOSTOMY
HIGH TRANPHINCTERIC FIA,HIGH TRANSPHINCTERIC FIA
CHOLELITHIASIS,CHOLELITHIASIS
INTERNAL HEMORRHOID GR II III,INTERNAL HEMORRHOID GR III
SUSPECTED CA SIGMOID WITH LIVER METASTASIS WITH IMPENDING OBSTRUCTION,SUSPECTED CA SIGMOID WITH LIVER METASTASIS WITH IMPENDING OBSTRUCTION
FIA EO 6 IO 6 O CLOCK,FIA EO 6 IO 6 O CLOCK
TRANSVERSE COLON MASS S P BX,TRANSVERSE COLON MASS S P BX
ESRD WTIH JUXTA ANASTOMOSIS STENOSIS,ESRD WITH JUXTA ANASTOMOSIS STENOSIS
ESRD WITH INFECTED AVBG,ESRD WITH INFECTED AVBG
GRAFT INFECTION AT LEFT FOREARM,GRAFT INFECTION AT LEFT FOREARM
MASS AT RT PROXIMAL THIGH LIPOMA,MASS AT RT PROXIMAL THIGH LIPOMA
LT BGH,LT BGH
BRAIN STEM HEMORRHAGE,BRAIN STEM HEMORRHAGE
OPLL C5 6,OPLL C5 6
THROMBOSED LT FOREARM LOOP AVBG,THROMBOSED AVBG LT FOREARM
INSTENT THROMBOSIS AT LEFT EIA SFA WITH CLAUDICATION,INSTENT THROMBOSIS AT LEFT EIA SFA WITH CLAUDICATION
ESRD WITH R O OUTFLOW STENOSIS RT,ESRD WITH R O OUTFLOW STENOSIS RT
THROMBOSED AVBG LEFT UPPER ARM,THROMBOSED AVBG LT UPPER ARM
SACCULAR AAA AT LT CIA,SACCULAR AAA AT LT CIA
GIANT ANEURYSM AT RT UPPER ARM,GIANT ANEURYSM LT UPPER ARM
LOCCULATED LT PLEURAL EFFUSION,LOCULATED RT PLEURAL EFFUSION
ADENOCARCINOMA LLL,ADENOCARCINOMA RML
BARRETT ESOPHAGISTIS,BARETTE ESOPHAGITIS
HCC S1 2 4CM AND S2 1 6CM S P TACE16 2 67,HCC S1 2 4CM AND S2 1 6CM S P TACE16 2 67
R O CA GB,R O CA GB
ACCESORY BREAST LT,ACCESSORY BREAST
T8 PATHOLOGIC BURST FRACTURE R O TB SPINE,T8 PATHOLOGIC BURST FRACTURE R O TB SPINE
RT INSULA GBM,RT INSULA GBM
TONGUE MASS,MASS AT TONGUE
FB IN ESOPHAGUS,FB IN ESOPHAGUS
OTHER CYSTS OF ORAL REGION NOT ELSEWHERE CLASSIFIED,OTHER CYSTS OF ORAL REGION NOT ELSEWHERE CLASSIFIED
LIPOMA AT LT BREAST,LIPOMA AT LT BREAST
BREAST CYSTIC LESION R12,BREAST CYSTIC LESION R12
RILQ ABNORMAL CALCIFICATION,ABNORMAL CALCIFICATION LUOQ
IDC RT BREAST,IDC RT BREAST
RIGHT THYROID MASS TR,RIGHT THYROID MASS
ISTHMUS NODULE,ISTHMUS NODULE
MULTIPLE ILL DEFINED MASS AT BOTH THYROID LOBE,MULTIPLE ILL DEFINED MASS AT BOTH THYROID LOBE
INTRA ABD AND RETROPERITONEAL COLLECTION S P OPEN DRAINAGE C VAC DRESSING,INTRA ABD AND RETROPERITONEAL COLLECTION S P OPEN DRAINAGE C VAC DRESSING
LT AXILLARY MASS DDX LIPOMA LIPOSARCOMA,LT AXILLARY MASS DDX LIPOMA LIPOSARCOMA
LEFT CA BREAST S P LEFT MRM,LEFT CA BREAST S P LEFT MRM
LGIB WITH GRADE3 HEMORRHOID,LGIB WITH GRADE3 HEMORRHOID
LT FVC MASS,LT FVC MASS
PREAURICULAR MASS,LT PREAURICULAR MASS
BCCA ON RIGHT HELIX,BCCA ON RIGHT HELIX
LE FORT II FRACTURE WITH LT ZYGOMATIC WITH MANIBLE FRACTURE,LE FORT II FRACTURE WITH LT ZYGOMATIC WITH MANIBLE FRACTURE
RT GROIN MASS,MASS AT RT GROIN
SCAR AT CHIN,SCAR AT CHIN
DEFORMITY OF NOSE,DEFORMITY OF NOSE
L3 4 5 SPONDYLOLITHIASIS,L3 4 5 SPONDYLOLITHIASIS
RUPTURED DISC C4 5,RUPTURED DISC C6 7
METASTATIC BRAIN TUMOR,METASTATIC BRAIN TUMOR
LEFT TEMPORAL GBM,LEFT TEMPORAL GBM
CA BREAST WITH BRAIN METASTASIS,CA BREAST WITH BRAIN METASTASIS
HEMORRHRAGIC STROKE WITH PROLONGED INTUBATION,HEMORRHRAGIC STROKE WITH PROLONGED INTUBATION
INTRADURAL EXTRAMEDULLARY T3 4,INTRADURAL EXTRAMEDULLARY T3 4
RT OTORRHEA CSF LEAKAGE,RT OTORRHEA CSF LEAKAGE
R O CERVICAL METASTASIS C7,R O CERVICAL METASTASIS C7
SKIN LESION AT UPPER EYELID,SKIN LESION AT UPPER EYELID
CARBUNCLE AT SCALP,CARBUNCLE AT SCALP
HEMATURIA C VC,HEMATURIA C VC
URGENCY INCONTINENCE,URGENCY INCONTINENCE
URETERAL STRICTURE S P DJ STENT,RT URETERAL STRICTURE S P DJ STENT
LT STAGHORN STONE,RT STAGHORN STONE
STRICTURE URETHA,URETHRAL STRICTURE
MILD OSA WITH INSOMNIA,MILD OSA WITH INSOMNIA
RECURRENT BILAT ECRS WITH NP,RECURRENT CRS WITH NP BILAT
PROLONG SECRETION,PROLONG SECRETION
RT CHT,RT CHT
FAIL EXTUBATION,FAIL EXTUBATION
RECURRENT BILAT CRS NP,RECURRENT CRS WITH NP BILAT
RT SUBMANDIBULAR MASS,RT SUBMANDIBULAR MASS
CR ITH,CR ITH
CR ITH DNS,CR WITH DNS
PARAPHINMOSIS,PARAPHINMOSIS
BENIGN NEOPLASM OF PENIS,BENIGN NEOPLASM OF PENIS
AUR C BPH,BPH C AUR
BLADDER TUMOR ANTERIOR RT LATERAL WALL,BLADDER TUMOR ANTERIOR RT LATERAL WALL
LARGE SCROTAL MASS,LARGE SCROTAL MASS
CHRONIC DYSPEPSIA RIGHT INGUINAL HERNIA,CHRONIC DYSPEPSIA RIGHT INGUINAL HERNIA
CECAL MASS GALLSTONE,CECAL MASS GALLSTONE
SKIN TAG AT EYELID,SKIN TAG AT EYELID
IMPLANT LEAKAGE,IMPLANT LEAKAGE
S P AMPUTATION LT LEG,S P AMPUTATION LT LEG
BRACIAL CLEFT CYST,BRANCHIAL CLEFT CYST
BILATERAL CLEFT LIP,BILATERAL CLEFT LIP
NEAR AMPUTATION LT 4TH FINGER,NEAR AMPUTATION LT 4TH FINGER
ADJUST SKIN LESION LT EYE,ADJUST SKIN LESION LT EYE
BUGGY LOWER EYELID,BUGGY LOWER EYELID
SCAR ON NOSE,SCAR ON NOSE
CORN LT FOOT,CORN LT FOOT
ESRD LT BB R O OUTFLOW STENOSIS,ESRD LT BB R O OUTFLOW STENOSIS
DDKT S P REDOIMPLANT URETER,DDKT S P REDOIMPLANT URETER
LT HYDRONEPHROSIS WITH UC WITH URETHRAL DIVERTICULUM,LT HYDRONEPHROSIS WITH UC WITH URETHRAL DIVERTICULUM
URETHRAL STRICTURE URINARY INCONTINENCE,URETHRAL STRICTURE URINARY INCONTINENCE
BPH C BILAT HYDRONEPHROSIS,BPH C BILAT HYDRONEPHROSIS
HIGH PSA 65,HIGH PSA 65
CA RT URETER S P NUBCE,CA RT URETER S P NUBCE
POSTHITIS REDUNDANT PREPUCE,POSTHITIS WITH REDUNDANT PREPUCE
SUBACUTE LT SDH,SUBACUTE LT SDH
CLIVAL MASS R O CHORDOMA,CLIVAL MASS R O CHORDOMA
SDH AT RT FRONTOTEMPOROPARIETAL,SDH AT RT FRONTOTEMPOROPARIETAL
LT THALAMIC HEMORRHAGE WITH IVH WITH HYDROCEPHALUS,LT THALAMIC HEMORRHAGE WITH IVH WITH HYDROCEPHALUS
LEFT CHRONIC SDH,LEFT CHRONIC SDH
SDH RT FTP WITH PROLONG INTUBATION,SDH RT FTP WITH PROLONG INTUBATION
CA BLADDDER S P RT,CA BLADDDER S P RT
R O JUXTAANASTOMOSIS STENOSIS,R O ANASTOMOSIS STENOSIS
RML NODULE,RUL NODULE
BHC DYSPHAGIA,BHC DYSPHAGIA
RT BREAST MASS R12,RT BREAST MASS R9
LT BRASET INVASIVE CANCER,LT BRASET INVASIVE CANCER
LOWER RECTUM CANCER,CA LOWER RECTUM
SURVEILLANCE MALIGNANT POLYP,SURVEILLANCE MALIGNANT POLYP
PILONIDAL,PILONIDAL
CA REGTOSIGMOID S P LAR WITH SIDMOID COLOSTOMY,CA REGTOSIGMOID S P LAR WITH SIDMOID COLOSTOMY
GIANT AVF RT UPPERARM,GIANT AVF RT UPPERARM
PANCREATIC TAIL TUMOR,PANCREATIC TAIL TUMOR
GIANT AVF RT FOREARM,GIANT AVF RT FOREARM
TROMBOSE AVBG LT UPPERARM,THROMBOSE AVBG LT UPPERARM
SKIN LESION RT FOREARM,SKIN LESION RT FOREARM
OTUFLOW STENOSIS LT,LT OUTFLOW STENOSIS
ESRD CRBSI,ESRD CRBSI
C SPONDYLOSIS C3 7,C3 4 5 SPONDYLOSIS
COMPRESSION FRACTURE L3 S P PDS FIXATION L4 5,COMPRESSION FRACTURE L3 S P PDS FIXATION L4 5
PROLONG ETT C HYDROCEPHALUS,PROLONG ETT C HYDROCEPHALUS
T2 COMPRESSION FX,COMPRESSION FX L3
PARASAGITAL MENINGIOMA,LT PARASAGGITAL MENINGIOMA
PETROUS MENINGIOMA,LT PETROUS MENINGIOMA
S P AVF RT WRIST WITH ANEURYSM,S P AVF RT WRIST WITH ANEURYSM
CHEMOPORT OCCLUSION,CHEMOPORT OCCLUSION
SWING VEINS STENOSIS,SWING VEIN STENOSIS
ESRD WITH RT BASILIC VEIN STENOSIS,ESRD WITH RT BASILIC VEIN STENOSIS
AVBG LT FOREARM,AVBG LT FOREARM
INFECTED AVBG LEFT UPPER ARM,INFECTED AVBG LT UPPER ARM
R O INSTENT STENOSIS AT LT INNOMINATE,R O INSTENT STENOSIS AT LT INNOMINATE
THROMBOSED AVF LEFT WRIST,THROMBOSED AVF LT WRIST
ESRD WITH RT OUTFLOW STENOSIS,ESRD WITH OUTFLOW STENOSIS
OUTFLOW STENOSIS HX THROMBOPHLEBLITIS,OUTFLOW STENOSIS HX THROMBOPHLEBLITIS
MASS AT RT SHOULDER,MASS AT SHOULDER
PANCREATIC TAIL CYSTIC LESION,PANCREATIC TAIL CYSTIC LESION
RT BGH IVH,RT BGH IVH
COMPRESSION FX L1 S P SCREW FIXATION,COMPRESSION FX L1 S P SCREW FIXATION
L45 S1 SPONDYLOSIS,L4 S1 SPONDYLOSIS
SINONASAL SCC C FRONTAL BASE EXTENSION C OPTIC NERVE COMPRESSION,SINONASAL SCC C FRONTAL BASE EXTENSION C OPTIC NERVE COMPRESSION
RIGHT VESTIBULAR SCHWANNOMA,LT VESTIBULAR SCHWANNOMA
MALIGNANT NEOPLASM OF OTHER AND UNSPECIFIED PARTS OF TONGUE,MALIGNANT NEOPLASM OF OTHER AND UNSPECIFIED PARTS OF TONGUE UNSPECIFIED
TB LYMPH NODE LT,TB LYMPH NODE LT
STROKE NOT SPECIFIED AS HAEMORRHAGE OR INFARCTION,STROKE NOT SPECIFIED AS HAEMORRHAGE OR INFARCTION
LUDWIG ANGINA,LUDWIG ANGINA
L3 INTRADURAL MASS C L5 S1 SPONDYLOSIS,L3 INTRADURAL MASS C L5 S1 SPONDYLOSIS
C SPONDYLOSIS C5 7,C SPONDYLOSIS C5 7
EPIDURAL ABSCESS AT L4 5,EPIDURAL ABSCESS AT L4 5
SAH C MENINGITIS,SAH C MENINGITIS
OTHER SPECIFIED INTERVERTEBRAL DISC DISPLACEMENT,OTHER SPECIFIED INTERVERTEBRAL DISC DISPLACEMENT
GROSS HEMATURIA DDX RADIATION CYSTITIS BLADDER INVASION,GROSS HEMATURIA DDX RADIATION CYSTITIS BLADDER INVASION
CA BLADDER RECURRENT AT INDENTATION PART OF PROSTATE,CA BLADDER RECURRENT AT INDENTATION PART OF PROSTATE
SDH,SDH
FB LT EAR,FB LT EAR
AR,AR
MALIGNANT NEOPLASM OF PALATE SOFT PALATE,MALIGNANT NEOPLASM OF PALATE SOFT PALATE
LYMPHAGIOMA AT NECK,LYMPHAGIOMA AT NECK
ATTIC CHOLESTEATOMA LT,LT ATTIC CHOLESTEATOMY
RECURRENT NP,RECURRENT NP
BENIGN NEOPLASM OF OTHER MAJOR SALIVARY GLANDS,BENIGN NEOPLASM OF OTHER MAJOR SALIVARY GLANDS
RHINITIS,RHINITIS
PARTIAL FX S P ORIF PAS ARCH BAR IMF,PARTIAL FX S P ORIF PAS ARCH BAR IMF
MALIFNANT NEOPLASM OF SKIN OF SCALP,MALIFNANT NEOPLASM OF SKIN OF SCALP
CFX RT MAXILLARY AND ZYGOMA,CFX RT MAXILLARY AND ZYGOMA
SEBACEOUS CYST RT CHEEK,SEBACEOUS CYST RT CHEEK
ASYMMETRY ALAR AND NOSTRITIS,ASYMMETRY ALAR AND NOSTRITIS
INTERNAL AND EXTERNAL HEMORRHOID,INTERNAL AND EXTERNAL HEMORRHOID
HORSESHOE ABSCESS,HORSESHOE ABSCESS
LATERAL SPREADING TUMOR AT CECUM,LATERAL SPREADING TUMOR AT CECUM
SEBK,SEBK
MASS AT SUBMENTAL,MASS AT SUBMENTAL
FRACTURE LEFT PROXIMAL PHALANX OF RING FINGER,FRACTURE LEFT PROXIMAL PHALANX OF RING FINGER
MALIGNANT NEOLPASM OR CONNECTIVE AND SOFT TISSUE UNSPECIFIED,MALIGNANT NEOLPASM OR CONNECTIVE AND SOFT TISSUE UNSPECIFIED
INGROW NAIL BIG TOE,INGROW NAIL BIG TOE
RT DIH LT HYDROCELE,RT DIH LT HYDROCELE
RETAIED RT DJ STENT,RETAIED RT DJ STENT
LT URETERAL STRICTURE S P DJ STENT,RT URETERAL STRICTURE S P DJ STENT
CA BLADDER S P TUR BT 62,CA BLADDER S P TUR BT
CA PROSTATE HEMATURIA,CA PROSTATE HEMATURIA
ESRD WITH BILATERAL RC,ESRD WITH BILATERAL RC
STONE ENCRUSTATION OF RT RESIDUAL DJ STENT,STONE ENCRUSTATION OF RT RESIDUAL DJ STENT
S P ORCHIDECTOMY WITH COLLECTION,S P ORCHIDECTOMY WITH COLLECTION
PSEUDOANUERYSM LEFT BRACHIAL ARTERY,PSEUDOANUERYSM LEFT BRACHIAL ARTERY
ESRD WITH MALPOSITION TCC RT FV,ESRD WITH MALPOSITION TCC
CVI C4,CVI C4B
PARAFFINOMA PENIS,PARAFFINOMA PENIS
BLADDER MUCOSA MASS C RECURRENT UTI,BLADDER MUCOSA MASS C RECURRENT UTI
LYMPHOMA WITH LT URETERAL OBSTRUCTION,LYMPHOMA WITH LT URETERAL OBSTRUCTION
DIFFICULT FOLEY CATHETER,DIFFICULT FOLEY CATHETER
LT DISTAL UC C ATROPHIC LT KIDNEY,LT DISTAL UC C ATROPHIC LT KIDNEY
LT UC POOR FUNCTION KIDNEY,LT UC POOR FUNCTION KIDNEY
R O COLONIC MASS,R O COLONIC MASS
LOCALLY ADVANCE CA SIGMOID WITH BLADDER INVASION,LOCALLY ADVANCE CA SIGMOID WITH BLADDER INVASION
BOWEL CHABIT CHANGE,BOWEL HABITCHANGE
SIGMOID VOLVULUS S P SIGMOIDECTOMY C LOOP ILIOSTOMY,SIGMOID VOLVULUS S P SIGMOIDECTOMY C LOOP ILIOSTOMY
CAF SUBCUTANEOUS FIA,CAF SUBCUTANEOUS FIA
FOURNIER GANGRENE,FOURNIERE GANGRENE
GI HAEMORRHAGE,GI HAEMORRHAGE
PYOMYOSITIS LEFT LEG,PYOMYOSITIS LEFT LEG
CA SIGMOID COLON WITH COLOVESICLE FISTULA,CA SIGMOID WWITH COLOVESICAL FISTULA
CA STOMACH PYLORIC,CA STOMACH PYLORIC
FIA S P SETON DRAINAGE,FIA S P SETON DRAINAGE
CA SIGMOID WITH STATUS DLC,CA SIGMOID WITH STATUS DLC
POLYPOSIS COLI ASCENDING COLON,POLYPOSIS COLI ASCENDING COLON
CA CORPUS WITH CARCINOMATOSIS PERITONII,CA CORPUS WITH CARCINOMATOSIS PERITONII
CA DESCENDING COLON WITH CA LOWER RECTUM S P LAP LAR C LGIH,CA DESCENDING COLON WITH CA LOWER RECTUM S P LAP LAR C LGIH
RESTENOSIS AT JUXTAANASTOMOSIS LT FOREARM,RESTENOSIS AT JUXTAANASTOMOSIS LT FOREARM
JUXTA ANASTOMOSIS STENOSIS RT,JUXTA ANASTOMOSIS STENOSIS
PAU OF INFRARENAL AORTA,PAU OF INFRARENAL AORTA
THROMBOSE AVF LT FOREARM,THROMBOSED AVBG LT FOREARM
CLTI RT FOOT S P FOREFOOT AMPUTATION,CLTI RT FOOT S P FOREFOOT AMPUTATION
IMPENDING RUPTURED AVF RT CUBITAL,IMPENDING RUPTURED AVF RT CUBITAL
GIANT ANEURYSM LT AVF,GIANT ANEURYSM LT AVF
CLTI BOTH LEGS,CVI BOTH LEGS
R O LYMPHOMA AT T SPINE WITH CORD COMPRESSION,R O LYMPHOMA AT T SPINE WITH CORD COMPRESSION
RT OCCIPITAL TUMOR,RT OCCIPITAL TUMOR
COMPRESSION FRACTURE C5 VERTEBRAL BODY,COMPRESSION FRACTURE C5 VERTEBRAL BODY
RUPTURE DISC C5 6 LEVEL,RUPTURE DISC C5 6 LEVEL
LEFT INFLOW OUTFLOW STENOSIS,INFLOW OUTFLOW STENOSIS
SWING VEIN STENOSIS LT FOREARM,SWING VEIN STENOSIS LT FOREARM
GIANT AVF RT ARM WITH SKIN NECROSIS,GIANT AVF WITH SKIN NECROSIS
AORTOILIAC OCCLUSIVE DISEASE,AORTOILIAC OCCLUSIVE DISEASE
CHRONIC LT PLEURAL EFFUSION,CHRONIC LT PLEURAL EFFUSION
BILATRRAL SPONTANEOUS PNEUMOTHORAX,BILATRRAL SPONTANEOUS PNEUMOTHORAX
OCULAR MG,OCULAR MG
LLL NODULE,LUL NODULE
PERIAMPULLARY CA,PERIAMPULLARY CA
CHOLEDOCHAL CYST IV,CHOLEDOCHAL CYST IV
REDUNDANT PREPUCE PHIMOSIS AND PARAPHIMOSIS UNDESCENDED TESTICLE UNILATERAL,REDUNDANT PREPUCE PHIMOSIS AND PARAPHIMOSIS UNDESCENDED TESTICLE UNILATERAL
LT ULNAR ARTERY INJURY,LT ULNAR ARTERY INJURY
ICH LEFT PARIETAL,ICH LEFT PARIETAL
BILAT ECRS WITH NP,BILAT CRS WITH NP
CHT WITH CHRONIC RHINITIS,CHT WITH CHRONIC RHINITIS
BILATERAL NECK MASS WITH RT PERITONSILLAR MASS WITH BILATERAL NASAL POLYPS S P TRACHEOSTOMY,BILATERAL NECK MASS WITH RT PERITONSILLAR MASS WITH BILATERAL NASAL POLYPS S P TRACHEOSTOMY
RIGHT CA BREAST S P MICRODOCHECTOMY,RIGHT CA BREAST S P MICRODOCHECTOMY
GENDER IDENTITY DISORDERS OTHER GENDER IDENTITY DISORDERS,GENDER IDENTITY DISORDERS OTHER GENDER IDENTITY DISORDERS
GB POLYP 1 2CM,GB POLYP >1CM
MASS AT SCAPULA,MASS AT SCAPULA
CARCINOMA IN SITU OF BREAST UNSPECIFIED,CARCINOMA IN SITU OF BREAST UNSPECIFIED
BRCA POSITIVE,BRCA POSITIVE
WET GANGRENE LT 4TH 5TH TOE,WET GANGRENE LT 4TH 5TH TOE
CA SIGMOID WITH HX OS NECROSIS S P EL WITH TOTAL COLECTOMY,CA SIGMOID WITH HX OS NECROSIS S P EL WITH TOTAL COLECTOMY
L2 3 DISC HERNIATION,L2 3 DISC HERNIATION
L5 S1 SPINAL STENOSIS,SPINAL STENOSIS L3 S1
LT SDH,LT SDH
RT THALAMIC HEMORRHAGE WITH IVH,RT THALAMIC HEMORRHAGE WITH IVH
LEFT CEREBELLOPONTINE MASS,LEFT CEREBELLOPONTINE MASS
C3 4 5 6 SPONDYLOSIS,C3 4 5 SPONDYLOSIS
CSM C4 5 C5 6,CSM C4 5 C5 6
RUPTURE DISC C3 4,RUPTURE DISC C3 4
C34567 SPONDYLOSIS,C4567 SPONDYLOSIS
RT FRONTOPARIETAL SKULL ANGIOSARCOMA,RT FRONTOPARIETAL SKULL ANGIOSARCOMA
LEFT L 4 NERVE SHEATH TUMOR,LEFT L 4 NERVE SHEATH TUMOR
COMPRESSION FRACTURE T10,COMPRESSION FRACTURE L1
C 345 SPONDYLOSIS,C3 4 5 SPONDYLOSIS
ADVANCE STAGE RECTAL CANCER C OBSTRUCTION,ADVANCE STAGE RECTAL CANCER C OBSTRUCTION
INFECTED AVBG LT UPPER ARM S P PARTIAL REMOVE จากรพ อื่น,INFECTED AVBG LT UPPER ARM S P PARTIAL REMOVE จากรพ อื่น
CRANIOFACIAL HYPERHIDROSIS,CRANIOFACIAL HYPERHIDROSIS
LEFT OCCIPITAL AVM,LEFT OCCIPITAL AVM
BRAIN TUMOR RT SIDE,BRAIN TUMOR RT SIDE
BRAIN METASTASIS,BRAIN METASTASIS
SPINAL METASTASIS T8 LEVEL,SPINAL METASTASIS T8 LEVEL
BPH WITH RETENTION,BPH WITH RETENTION
PARAFINOMA S P EXCISION,PARAFINOMA S P EXCISION
RT POST EPISTAXIS S P PACKING RT,RT POST EPISTAXIS S P PACKING RT
LT SPHENOID SINUSITIS,LT SPHENOID SINUSITIS
MALIGNANT NEOPLASM OF OTHER AND UNSPECIFIED MAJOR SALIVARY GLANDS OVERLAPPING LESION OF MAJOR SALIVARY GLANDS,MALIGNANT NEOPLASM OF OTHER AND UNSPECIFIED MAJOR SALIVARY GLANDS OVERLAPPING LESION OF MAJOR SALIVARY GLANDS
EPIDERMAL CYST AT BACK,EPIDERMAL CYST AT BACK
FX 4 MCB LEFT,FX 4 MCB LEFT
MASS LT HAND,MASS LT HAND
FB AT RIGHT MIDDLE FINGER,FB AT RIGHT MIDDLE FINGER
SQUAMOUS CELL CARCINOMA AT SCALP S P WE C SCALP FLAP 8 8 67,SQUAMOUS CELL CARCINOMA AT SCALP S P WE C SCALP FLAP 8 8 67
WOUND AT FOOT,WOUND AT LT FOOT
LOW PROFIL NOSE,LOW PROFILE NOSE
SILICONE AT BOTH BREAST,SILICONE AT BOTH BREAST
CFX RT SHAFT OF METACARPAL BONE,CFX RT SHAFT OF METACARPAL BONE
RUPTURE DISC T10 T11,RUPTURE DISC T10 T11
TRIGERMINAL NEURALGIA,LT TRIGEMINAL NEURALGIA
ANEMIA HCT 36>29 3,ANEMIA HCT 36>29 3
ADVANCED STAGE CA RECTOSIGMOID C LUNG AND LIVER METASTASIS,ADVANCED STAGE CA RECTOSIGMOID C LUNG AND LIVER METASTASIS
CA SIGMOID GS,CA SIGMOID GS
CFX PROXIMAL PHALANGE LT LITTLE FINGER,CFX PROXIMAL PHALANGE LT LITTLE FINGER
RT NASAL ALAR DEFECT,RT NASAL ALAR DEFECT
PAN FACIAL FX S P ORIF C PS BILAT INFRAORBIAL AND NASOMAXILLARY BUTTRESS PLATE BILAT ORBITAL WALL RECONSTRUCTION C 3D MESH CR NASAL BONE DB AND FTSG AT LT ALAR COLLUMELLA SUTURE 16 8 67,PAN FACIAL FX S P ORIF C PS BILAT INFRAORBIAL AND NASOMAXILLARY BUTTRESS PLATE BILAT ORBITAL WALL RECONSTRUCTION C 3D MESH CR NASAL BONE DB AND FTSG AT LT ALAR COLLUMELLA SUTURE 16 8 67
CONTRACTURE BREAST,CONTRACTURE BREAST
CHRONIC ULCER RT FOOT,CHRONIC ULCER RT FOOT
PAN FACIAL FX,PAN FACIAL FX
ENTROPION,ENTROPION
CTLI RIGHT FOOT S P MID FOOT AMPUTATION,CTLI RIGHT FOOT S P MID FOOT AMPUTATION
DIFFICULT URETHRAL CATHETERIZATION,DIFFICULT URETHRAL CATHETERIZATION
HIGH PSA 105,HIGH PSA 10 2
LT RENAL AML,LT RENAL AML
CA BLADDER CA PROSTATE,CA BLADDER C CA PROSTATE
BENIGN URETER TUMOR,BENIGN URETERIC TUMOR LT
ESRD S P LT AVF WITH CALCIFIED RADIAL A,ESRD S P LT AVF WITH CALCIFIED RADIAL A
CLTI BOTH LEG,CLTI BOTH LEG
CLTI BELOW KNEE LESION RT LEG,CLTI BELOW KNEE LESION RT LEG
R O CA PENIS,R O CA PENIS
SEVERE PHIMOSIS,SEVERE PHIMOSIS
WEAK URINARY STREAMING,WEAK URINARY STREAMING
BILAT UC S P BILAT URSL C DJ STENT,BILAT UC S P BILAT URSL C DJ STENT
BILATERAL VARICOCELE,BILATERAL VARICOCELE
CA BLADDER S P RT,CA BLADDDER S P RT
DIFFICULT CATH,DIFFICULT CATH
BULLOUS LESION AT TRIGONE,BULLOUS LESION AT TRIGONE
POST TRAUMA URETHROPLASTY WITH STRICTURE URETHRA WITH URETHRAL STONES,POST TRAUMA URETHROPLASTY WITH STRICTURE URETHRA WITH URETHRAL STONES
SINGLE RT KIDNEY WITH RC,SINGLE RT KIDNEY WITH RC
KELOID C OMPHALITIS,KELOID C OMPHALITIS
INTERNAL HEMORRHOID GRADE III,INTERNAL HEMORRHOID GR III
ABDOMINAL BOATING,ABDOMINAL BOATING
INTERNAL HAEMORRHOID GR III,INTERNAL HEMORRHOID GR III
HEMORRHOID GRADE II AT 7 11 O'CLOCK,HAEMORRHOID GRADE III AT 11 OCLOCK
CEPHALIC VEIN OCCLUSION,CEPHALIC VEIN OCCLUSION
CEPHALIC ARCH STENOSIS CENTRAL VEIN STENOSIS,CEPHALIC ARCH STENOSIS CENTRAL VEIN STENOSIS
ESRD WITH AVBG THROMBOSIS,ESRD WITH AVBG THROMBOSIS
ABSCESS AT LT 1ST TOE,ABSCESS AT LT 1ST TOE
DISTAL CBD STONES,DISTAL CBD STONES
SMALLBOWEL PERFORATION S P RESECTION WITH END TO END ANASTOMOSIS,SMALLBOWEL PERFORATION S P RESECTION WITH END TO END ANASTOMOSIS
RUPTURE APPENDICITIS S P APPENDECTOMY,RUPTURED APPENDICITIS S P OPEN APPENDECTOMY
ABDOMINAL PAIN GALL STONE,ABDOMINAL PAIN GALL STONE
MALIGNANT NEOPLASM OF COLON TRANSVERSE COLON,MALIGNANT NEOPLASM OF COLON TRANSVERSE COLON
CLI AND INFECTED WOUND RT FOOT,CLI AND INFECTED WOUND RT FOOT
VENOUS ULCER LT ARM,VENOUS ULCER LT ARM
CLTI AT LT LEG C INFECTED DM FOOT,CLTI AT LT LEG C INFECTED DM FOOT
LT CEPHALIC ARCH STENOSIS S P PTA,CEPHALIC ARCH STENOSIS S P PTA
PARARENAL AORTIC ANEURYSM,PARARENAL AORTIC ANEURYSM
LT EPIDURAL HEMATOMA,LT EPIDURAL HEMATOMA
ESRD S P AVF LT CUBITA,ESRD S P AVF LT CUBITAL
LT INNOMIBNATE V STENOSIS S P STENT,LT INNOMIBNATE V STENOSIS S P STENT
ESRD C CENTRAL V STENOSIS,ESRD C CENTRAL V STENOSIS
ESRD C ULCER AT LT AVF,ESRD C ULCER AT LT AVF
TB LUNG AND PLEURAL,TB LUNG AND PLEURAL
HCC S5 6 GB POLYP,HCC S5 6 GB POLYP
PDAC TAIL OF PANCREAS,PDAC TAIL OF PANCREAS
SPN TAIL OF PANCREAS,SPN TAIL OF PANCREAS
SUBSIDE CHOLANGITIS S P ERCP*2,SUBSIDE CHOLANGITIS S P ERCP
PUP GASTROCUTANEOUS FISTULA S P DISTAL GASTRECTOMY GJ JJ FEEDING JEJUNOSTOMY,PUP GASTROCUTANEOUS FISTULA S P DISTAL GASTRECTOMY GJ JJ FEEDING JEJUNOSTOMY
MASS AT SUPRAPUBIC 1 LESION LT BUTTOCK 2 LESION,MASS AT SUPRAPUBIC 1 LESION LT BUTTOCK 2 LESION
POLYP OF COLON,POLYP OF COLON
RUPTURED APPENDICITIS,RUPTURED APPENDICITIS
ABDOMINAL WALL COLLECTION R O EC FISTULA,ABDOMINAL WALL COLLECTION R O EC FISTULA
CA SIGMOILD,CA SIGMOID
CA PAROTID LT,CA PAROTID LT
INVERTED PAIPLLOMA,INVERTED PAPILLOMA
RT BREAST CANCER WITH AXILLARY METASTASIS S P NEOADJUVANT CHEMOTHERAPY,RT BREAST CANCER WITH AXILLARY METASTASIS S P NEOADJUVANT CHEMOTHERAPY
PUP WITH GASTROCUTANEOUS FISTULA S P ANTRECTOMY WITH GJ AND JJ AND FEEDING JEJUNOSTOMY,PUP WITH GASTROCUTANEOUS FISTULA S P ANTRECTOMY WITH GJ AND JJ AND FEEDING JEJUNOSTOMY
RT BREAST MASS RT UPPERARM,RT BREAST MASS RT UPPERARM
MASS AT POSTERIOR LT THIGH,MASS AT POSTERIOR LT THIGH
MASS AT UPPER BACK,MASS AT UPPER BACK
DIFFUSE LYMPHADENOPATHY,DIFFUSE LYMPHADENOPATHY
RIGHT INTRATHYROIDAL PARATHYROID HYPERPLASIA,RIGHT INTRATHYROIDAL PARATHYROID HYPERPLASIA
PUP S P DISTAL GASTRECTOMY WITH GJ JJ FEEDING JEJUNOSTOMY,PUP S P DISTAL GASTRECTOMY WITH GJ JJ FEEDING JEJUNOSTOMY
RT BREAST MASS AT R11,RT BREAST MASS AT R6
BLOODY NIPPLE DISCHARGE OF BOTH BREAST,BLOODY NIPPLE DISCHARGE OF BOTH BREAST
DCIS OF LT BREAST,DCIS OF LEFT BREAST
PHLEGMON,PHLEGMON
PUP S P ANTRECTOMY C GJ JJ FEEDING JEJUNOSTOMY,PUP S P ANTRECTOMY C GJ JJ FEEDING JEJUNOSTOMY
BILATERAL CHRONIC SDH PROLONG INTUBATION,BILATERAL CHRONIC SDH PROLONG INTUBATION
MYXOFIBROSARCOMA AT RT SHOULDER,MYXOFIBROSARCOMA AT RT SHOULDER
OSTEOCHONDROMA,OSTEOCHONDROMA
MASS AT SHOULDER AND NECK,MASS AT SHOULDER AND NECK
RECURRENT T3 4 MENINGIOMA,RECURRENT T3 4 MENINGIOMA
POST CRANIECTOMY,POST CRANIECTOMY
PINEAL TUMOR,PINEAL TUMOR
C4 5 C7 T1 SPINAL CORD COMPRESSION,C4 5 C7 T1 SPINAL CORD COMPRESSION
RUPTURED DISC L 4 5,RUPTURED DISC L3 4
SCHWANNOMA,SCHWANNOMA
L3 4 5 SPINAL STENOSIS SSPONDYLOLITHESIS,L3 4 5 SPINAL STENOSIS SSPONDYLOLITHESIS
L3 5 SPONDYLOLITHESIS,L4 5 SPONDYLOLISTHESIS
T12 COMPRESSION FRACTURE,COMPRESSION FRACTURE L1
LEFT PETROUS MENINGIOMA,LT PETROUS MENINGIOMA
CEREBELLAR HEMORRHAGE,CEREBELLAR HEMORRHAGE
ADVANCED STAGE CA BREAST C MULTIPLE BRAIN METASTASIS C HYDROCEPHALUS,ADVANCED STAGE CA BREAST C MULTIPLE BRAIN METASTASIS C HYDROCEPHALUS
ADH ITH,ADH ITH
REFREACTORY AUR S P REZUM,REFREACTORY AUR S P REZUM
LT DISTAL UC 6MM,LT DISTAL UC 6MM
HIGH PSA 99,HIGH PSA 99
SPHENOID SINUSITIS,LT SPHENOID SINUSITIS
LT FUNGAL SINUSUTIS,LT FUNGAL SINUSUTIS
SLEEP DISORDER WITH ATH,SLEEP DISORDER WITH ATH
MUCOCELE AT LOWER LIP,MUCOCELE AT LOWER LIP
FUNGAL BALL LT MAX SINUSITIS,FUNGAL BALL LT MAX SINUSITIS
R O BRANCHIAL CLEFT CYST,R O BRANCHIAL CLEFT CYST
PYRIFORM MASS LT,LT PYRIFORM MASS
RECURRENT BILAT CRS WITH NP,RECURRENT CRS WITH NP BILAT
RT MAXILLARY SINUSITIS,RT MAXILLARY SINUSITIS
LT CHL,LT CHL
MULTIPLE MASS AT FACE,MULTIPLE MASS AT FACE
MASS AT FOREHEAD PTOSIS BAGGY EYELID MASS AT BOTH SHOULDER,MASS AT FOREHEAD PTOSIS BAGGY EYELID MASS AT BOTH SHOULDER
SUSPECTED SKIN CANCER ON NOSE AND TEMPORAL WITH MULTIPLE SKIN LESION ON FACE,SUSPECTED SKIN CANCER ON NOSE AND TEMPORAL WITH MULTIPLE SKIN LESION ON FACE
ESRD WITH STEAL,ESRD WITH STEAL
CENTRAL VEIN STENOSIS WITH R O STENT OCCLUSION,CENTRAL VEIN STENOSIS WITH R O STENT OCCLUSION
RT CAROID ARTERY PSEUDOANEURYSM,RT CAROID ARTERY PSEUDOANEURYSM
MASS AT EYE LID,MASS AT EYELID
BREAST IMPLANT,BREAST IMPLANT
TUMOR LT ALAR,TUMOR LT ALAR
LIPOMA RT FOREHEAD,LIPOMA RT FOREHEAD
LIPOMA RECURRENT,RECURRENT GLIOMA
KELOID RT EAR PINNA,KELOID RT EAR PINNA
RETAINED RT DJ STENT,RETAIED RT DJ STENT
SCROTAL INCLUSION CYST,SCROTAL INCLUSION CYSTS
RT UVJ DISTAL URETER MASS,RT UVJ DISTAL URETER MASS
LT RC S P LT DJ STENT,LT RC S P LT DJ STENT
PHIMOSIS PENILE MASS ADHESION,PHIMOSIS PENILE MASS ADHESION
AKI WITH BILATERAL OBSTRUCTIVE UROPATHY,AKI WITH BILATERAL OBSTRUCTIVE UROPATHY
PARAFFINOMA S P 1ST REPAIR,PARAFFINOMA S P 1ST STAGE REPAIR
GIANT ANEURYSM,GIANT ANEURYSM
LLL MASS,LLL MASS
RLL CA,RLL CA
LLL NODULE S P VATS AND WEDGE EXCISION,LLL NODULE S P VATS AND WEDGE EXCISION
MIRIZZI SYNDROME TYPE 5 DDX CA GB,MIRIZZI SYNDROME TYPE 5 DDX CA GB
LIVER MET GIST S4A 4B 6 7 8,LIVER MET GIST S4A 4B 6 7 8
VESICAL STONE WITH RT UVJ STONE,VESICAL STONE WITH RT UVJ STONE
BPH VC,VC BPH
CA BLADDER S P TUR BT 63,CA BLADDER S P TUR BT
URINE RETENTION,URINE RETENTION
VARICOCELE,VARICOCELE
MCN LT ADNEXA WITH HIGH CEA,MCN LT ADNEXA WITH HIGH CEA
AML WITH CHRONIC WOUND AT BUTTOCK,AML WITH CHRONIC WOUND AT BUTTOCK
CA MID RECTUM S P LAR C END COLOSTOMY STENOSIS,CA MID RECTUM S P LAR C END COLOSTOMY STENOSIS
TRANSPOSED BASILIC VEIN STENOSIS,TRANSPOSED BASILIC VEIN STENOSIS
GIANT AVF RT ARM THROMBOSE,GIANT AVF RT ARM THROMBOSE
MASS AT BOTH ELBOW,MASS AT BOTH ELBOW
MASS AT RT HIP,MASS AT RT HIP
MASS AT LT KNEE,MASS AT LT KNEE
CVI C5 LT LEG,CVI C2S LT LEG
PUP S P SX WITH TEMP CLOSURE,PUP S P SX WITH TEMP CLOSURE
R O RT PHYLLODES TUMOR,R O RT PHYLLODES TUMOR
ESRD WITH THROMBOSED LT AVF CENTRAL V STENOSIS,ESRD WITH THROMBOSED LT AVF CENTRAL V STENOSIS
R O ISR AT RT SUBCLAVIAN VEIN,R O ISR AT RT SUBCLAVIAN VEIN
ESRD C LT CEPHALIC VEIN STENOSIS,ESRD C LEFT CEPHALIC VEIN STENOSIS
CA COLON C CRLM,CA COLON CRLM
LT CIA ANEURYSM,RT CIA ANEURYSM
ESRD WITH LT OUTFLOW STENOSIS BASILIC VEIN,ESRD WITH LT OUTFLOW STENOSIS BASILIC VEIN
CVI C4A BOTH LEG,CVI C4A OF BOTH LEGS
LARGE PAU INFRA RENAL AORTA,LARGE PAU INFRA RENAL AORTA
GIANT ANEURYSM WITH BLEEDING,GIANT ANEURYSM WITH BLEEDING
ESRD WITH OUT FLOW STENOSIS OF TB2,ESRD WITH OUT FLOW STENOSIS OF TB2
ODONTOID FRACTURE TYPE2,ODONTOID FRACTURE TYPE 2
LEFT PARIETAL METASTASIS,LEFT PARIETAL METASTASIS
RIGHT ACOUSTIC NEUROMA VESTIBULAR SCHWANNOMA,RIGHT ACOUSTIC NEUROMA VESTIBULAR SCHWANNOMA
L4 5 L5 S1 SPINAL STENOSIS,SPINAL STENOSIS L4 5 L5 S1
C5 6 SPONDYLOSIS C MYELOPATHY,C4 5 SPONDYLOSIS C MYELOPATHY
NORMAL PRESSURE HYDROCEPHALUS NPH,NORMAL PRESSURE HYDROCEPHALUS
RT OCCIPITAL MASS,RT OCCIPITAL MASS
CYSTADENOMA OR IPNB LEFT LOBE,CYSTADENOMA OR IPNB LEFT LOBE
PDAC HOP,PDAC HOP
MIXED TYPE IPMN HEAD TO BODY,MIXED TYPE IPMN HEAD TO BODY
RUPTURED APPENDICITIS S P APPENDECTOMY C SSI,RUPTURED APPENDICITIS S P OPEN APPENDECTOMY
LT INCARCERATED INGUINAL HERNIA,RIGHT INCARCERATED INGUINAL HERNIA
LT BREAST MASS L9,LT BREAST MASS L12
BILATERAL BREAST MASS R7 8 L9 10,BILATERAL BREAST MASS R7 8 L9 10
CORROSIVE INGESTION,CORROSIVE INGESTION 3B
EC FITULA,EC FISTULA
SINUSITIS,SINUSITIS
LT BREAST CANCER S P NEOADJUVANT,LT CA BREAST S P NEOADJUVANT
MASTALGIA,MASTALGIA
RT BREAST MASS R10,RT BREAST MASS R9
RIGHT RECURRENT THYROID CYST,RIGHT RECURRENT THYROID CYST
MULTIPLE LEFT THYROID MASS,MULTIPLE LEFT THYROID MASS
MULTIPLE THYROID MASS BOTH LOBE,MULTIPLE THYROID MASSES BOTH LOBES
RECURRENT RIGHT INGUINAL HERNIA,RECURRENT RIGHT INGUINAL HERNIA
INDEFTED DM FOOT RT,INDEFTED DM FOOT RT
R O CBD STONE S P OC,R O CBD STONE S P OC
LEFT ADRENAL INCIDENTALOMA,LEFT ADRENAL INCIDENTALOMA
ADVANCED GASTRIC CANCER S P NEOADJUVANT CHEMOTHERAPY,ADVANCED GASTRIC CANCER S P NEOADJUVANT CHEMOTHERAPY
SUBSIDED CHOLECYSTITIS WITH BILE SLUDGE,SUBSIDED CHOLECYSTITIS WITH BILE SLUDGE
SB INJURY S P EL,SB INJURY S P EL
CA STOMACH S P TOTAL GASTRECTOMY PAND SPLENECTOMY,CA STOMACH S P TOTAL GASTRECTOMY PAND SPLENECTOMY
ICH AT RT OCCIPITAL,ICH AT RT OCCIPITAL
KERATODERMA,KERATODERMA
PTOSIS OF UPPER LOWER EYELID,PTOSIS OF UPPER LOWER EYELID
C7 T2 SPINAL METASTASIS,C7 T2 SPINAL METASTASIS
L3 4 DISC RUPTURED S P L4 5 S1 LAMINECTOMY C PDS,L3 4 DISC RUPTURED S P L4 5 S1 LAMINECTOMY C PDS
L3 4 5 S1 STENOSIS,L3 4 5 STENOSIS
RUPTURED DISC L5 S1,RUPTURED DISC L4 5 L5 S1
HNP C5 6 C6 7 WITH SPINAL CORD CONTUSION,HNP C5 6 C6 7 WITH SPINAL CORD CONTUSION
DEPRESS SKULL FRACTURE C LEFORT FRACTURE,DEPRESS SKULL FRACTURE C LEFORT FRACTURE
BILAT CRS,BILAT CRS
LT GRANULATION AT PALATE,LT GRANULATION AT PALATE
POST PHARYNGEAL WALL MASS,POST PHARYNGEAL WALL MASS
ADENOID HYPERTROPHY,ADENOID HYPERTROPHY ITHT
NODULES OF VOCAL CORDS,NODULES OF VOCAL CORDS LT
RIGHT SUBMANDIBULAR MASS,RT SUBMANDIBULAR MASS
MALIGNANT NEOPLASM OF OTHER AND UNSPECIFIED PARTS OF TONGUE OVERLAPPING LESION OF TONGUE,MALIGNANT NEOPLASM OF OTHER AND UNSPECIFIED PARTS OF TONGUE OVERLAPPING LESION OF TONGUE
CHRONIC HYPERTROPHIC TONSILLITIS,CHRONIC HYPERTROPHIC TONSILLITIS
GERD BHC,GERD BHC
CA MID RECTUM S P NAC,CA MID RECTUM S P NAC
RT TVC MASS C HOARSENESS,RT TVC MASS C HOARSENESS
NEVUS,NAEVUS
MASS NOSE,MASS NOSE
MASS AT LT SIDE UPPER LIP,MASS AT LT SIDE UPPER LIP
LT NASAL MASS R O BCC,LT NASAL MASS R O BCC
MASS AT FACE AND LEFT ARM,MASS AT FACE AND LEFT ARM
LOE PROFILE NOSE,LOW PROFILE NOSE
CLOSED FRACTURE MANDIBLE,CLOSED FRACTURE MANDIBLE
HYDRANIDITIS SUPPERATIVA,HYDRANIDITIS SUPPERATIVA
FLAP BULGING,FLAP BULGING
DERMATOFIBROSARCOMA,DERMATOFIBROSARCROMA
LT NASAL ALAR MASS R O BCC,LT NASAL MASS R O BCC
SUSPECTED PALATAL FISTULA,SUSPECTED PALATAL FISTULA
KELOID AT EAR,KELOID AT LT EAR
ISR AT LT SUBCLAVIAN V,ISR AT LT SUBCLAVIAN V
ESRD WITH CENTRAL VEIN OCCLUSION,ESRD WITH CENTRAL VEIN OCCLUSION
RT INFLOW OUTFLOW STENOSIS,INFLOW OUTFLOW STENOSIS
BPH WITH NEUROGENIC BLADDER,BPH WITH NEUROGENIC BLADDER
LT URETERAL OBSTRUCTION WITH LT HYDRONPEHROSIS S P DJ STENT,LT URETERAL OBSTRUCTION WITH LT HYDRONPEHROSIS S P DJ STENT
R O CA PROSTATE PSA 6 7 PIRADS 4,R O CA PROSTATE PSA 6 7 PIRADS 4
TCC LT KIDNEY S P NUBCE LT CA BLADDER,TCC LT KIDNEY S P NUBCE LT CA BLADDER
RECURRENT AUR,RECURRENT AUR
LT LARGE RENAL MASS,LT LARGE RENAL MASS
NON FUNCTION KINEY,NON FUNCTION LT KIDNEY
RT RC WITH SINGLE KIDNEY,SINGLE RT KIDNEY WITH RC
CA BLADDER S P RT ครบ กพ 67,CA BLADDER S P RT ครบ กพ 67
RETENTION OF URINE,URINE RETENTION
RT URETERIC STRICTURE,RT URETERAL STRICTURE
R O VC,R O VC
LARGE LT RENAL MASS,LT LARGE RENAL MASS
HERNIA,HERNIA
LIPOMATOSIS NOT ELSEWHERE CLASSIFIED,LIPOMATOSIS NOT ELSEWHERE CLASSIFIED
DIFFUSE CYSTIC MASTOPATHY,DIFFUSE CYSTIC MASTOPATHY
INTERNAL HEMORRHOID GR II III AT 3 7 O'CLOCK,INTERNAL HEMORRHOID GR II III AT 3 7 O'CLOCK
INFECTED MESH,INFECTED MESH
S P LOOP COLOSTOMY,S P LOOP COLOSTOMY
HAEMOIRRHOID,HEMORRHOID
ABDOMINAL COMPARTMENT SYNDROME,ABDOMINAL COMPARTMENT SYNDROME
TRANSIENT RT HAND ISCHMIA WITH RT RADIAL A KINKING,TRANSIENT RT HAND ISCHMIA WITH RT RADIAL A KINKING
AAA S P OPEN REPAIR WITH ABDOMINAL COMPARTMENT SYNDROME,AAA S P OPEN REPAIR WITH ABDOMINAL COMPARTMENT SYNDROME
ESRD WITH AVF LT CUBITAL,ESRD WITH AVF LT CUBITAL
TB2 STENOSIS,TB2 STENOSIS
ESRD WITH STEAL SYNDROME GR III AT LT HAND,ESRD WITH STEAL SYNDROME GR III AT LT HAND
ESRD WITH RT INFLOW OUTFLOW STENOSIS,ESRD WITH RT INFLOW OUTFLOW STENOSIS
ESRD WITH TUNAL RIGHT IJV INFECTED,ESRD WITH TUNAL RIGHT IJV INFECTED
FALES ANEURYSM LEFT UPPER ARM,FALES ANEURYSM LEFT UPPER ARM
TB SPINE WITH COMPRESSION FRACTURE T7 8 WITH EPIDURAL ABSCESS T7 8,TB SPINE WITH COMPRESSION FRACTURE T7 8 WITH EPIDURAL ABSCESS T7 8
C5 6 C6 7 SPONDYLOSIS,C5 6 C6 7 SPONDYLOSIS
CORPUS CALLOSAL TUMOR,CORPUS CALLOSAL TUMOR
LEFT SUBACUTE SDH,SUBACUTE LT SDH
LT SDH C ICH BILATERAL OCCIPITAL,LT SDH C ICH BILATERAL OCCIPITAL
CLTI LT LEG WITH OSTEOMYELITIS OF LT 2ND TOE,CLTI LT LEG WITH OSTEOMYELITIS OF LT 2ND TOE
NSCLC OF LUL,NSCLC OF LUL
RUL PLEURAL NODULE,RUL PLEURAL NODULE
RT LUNG NODULE,RT LUNG NODULE
R O CATAMENIAL PNEUMOTHORAX RT LUNG,R O CATAMENIAL PNEUMOTHORAX RT LUNG
DISTAL CBD STONE S P ERCP,DISTAL CBD STONE S P ERCP
CA OVARY WITH S7 METASTASIS,CA OVARY WITH S7 METASTASIS
CRLM S5 6 S P NAC,CRLM S5 6 S P NAC
RUPTURED HCC LT LOBE,RUPTURED HCC LT LOBE
SGS ADENOMYOMATOSIS,ADENOMYOMATOSIS
R O ICCA S5 8,R O ICCA S5 8
BREAST PTOSIS,BREAST PTOSIS
MASS AT FACE AND NECK,MASS AT CHEEK AND NECK
DYSPLASTIC NAEVUS,DYSPLASTIC NERVUS
WQART AT NECK,WQART AT NECK
BAGGY EYELID PTOSIS,BAGGY EYELID PTOSIS
CFX OF FIRST MCP LEFT HAND CFX NASAL BONE,CFX OF FIRST MCP LEFT HAND CFX NASAL BONE
EXTENSOR TENDON TEAR OF RT INDEX FINGER,EXTENSOR TENDON TEAR OF RT INDEX FINGER
R5 BREAST MASS,BREAST MASS
LT BREAST MASS L1,LT BREAST MASS L12
CLTI OF RIGHT LEG,CLTI OF RIGHT LEG
RECURRENT PTC,RECURRENT HPTH
L3 4 SPONDYLOLISTHESIS,L4 5 SPONDYLOLISTHESIS
L2 3 4 5 SPONDYLOSIS,L2 3 SPONDYLOSIS
T11 COMPRESSION FRACTURE C OSTEOPOROSIS,T11 COMPRESSION FRACTURE C OSTEOPOROSIS
C MYELOPATHY,C MYELOPATHY
LEFT CRANIAL DEFECT,RT CRANIAL DEFECT
URETHRAL CALCULI,URETHRAL CALCULI
LT DISTAL UC *2,LT DISTAL UC *2
URETHRAL STRICTURE UNDER TIVA,URETHRAL STRICTURE UNDER TIVA
BLADDER THICKENING,BLADDER THICKENING
INJURY OF BLADDER: WITHOUT OPEN WOUND INTO CAVITY,INJURY OF BLADDER: WITHOUT OPEN WOUND INTO CAVITY
ENOIUGH CHILD,ENOUGH CHILD
S P CIRCUMCISION WITH PARAPHIMOSIS,S P CIRCUMCISION WITH PARAPHIMOSIS
LT PARIETAL BRAIN METASTASIS WITH BLEEDING TUMOR,LT PARIETAL BRAIN METASTASIS WITH BLEEDING TUMOR
LT PARIETAL MENINGIOMA,LT PARIETAL MENINGIOMA
SPINAL STENOSIS T11,SPINAL STENOSIS
ITH WITH DNS WITH OSA,ITH WITH DNS WITH OSA
BILAT BP,BILAT BP
INFECTED TRACHEOSTOMY,INFECTED TRACHEOSTOMY
R O RECURRENT CA TONGUE,R O RECURRENT CA TONGUE
FB AT RT MAXILLARY SINUS,FB AT RT MAXILLARY SINUS
BCC AT RT ALAR FOREHEAD NECK,BCC AT RT ALAR FOREHEAD NECK
GIANT ANEURYSM AT LT AVF,GIANT ANEURYSM LT AVF
AVBG LT UPPER ARM R O OUTFLOW STENOSIS,AVBG LT UPPER ARM R O OUTFLOW STENOSIS
JUXTAANASTOMOSIS STENOSIS LT ARM,JUXTAANASTOMOSIS STENOSIS LT ARM
CVI C2S AT BOTH LEGS,CVI C2S BOTH LEGS
S P EVAR WITH ISR AT LT CIA,S P EVAR WITH ISR AT LT CIA
ESRD MALFUNCTION TCC RT SC,ESRD MALFUNCTION TCC RT SC
AVF LT ARM,AVF LT ARM
PTOSIS BAGGY EYELID,BAGGY EYELID PTOSIS
FRACTURE NASAL BONE,NASAL BONE FRACTURE
SKIN EXCESS BOTH BREAST,SKIN EXCESS BOTH BREAST
CLOSED FX AT 1ST MCB OF LT HAND S P OPEN REDUCTION WITH WIRING,CLOSED FX AT 1ST MCB OF LT HAND S P OPEN REDUCTION WITH WIRING
SEVERE BILAT HYDRONEPHROSIS,SEVERE BILAT HYDRONEPHROSIS
R O VESICAL CALCULUS,R O VESICAL CALCULUS
OVARIAN TUMOR,OVARIAN TUMOR
R O BLADDER TUMOR GROSS HEMATURIA,R O BLADDER TUMOR GROSS HEMATURIA
AUR CLOT RETENTION,AUR CLOT RETENTION
LEFT BREAST MASS AT L12,LEFT BREAST MASS AT L12
SEBACEOUS CYST AT BACK,SEBACEOUS CYST AT BACK
RIGHT TRIGEMINAL NEURALGIA,RIGHT TRIGERMINAL NEURALGIA
COLLAPSED L2 C RUPTURED DISC L2 3 LEFT,COLLAPSED L2 C RUPTURED DISC L2 3 LEFT
L4 5 DISC HERNIATION,L3 4 5 DISC HERNIATION
RIGHT PARIETAL TUMOR R O METASTASIS,RIGHT PARIETAL TUMOR R O METASTASIS
L345S1 STENOSIS,L2345 STENOSIS
RT PARAPELVIC CYST,RT PARAPELVIC CYST
BOO C RECURRENT UTI,BOO C RECURRENT UTI
FAP S P SUBTOTAL GASTRECTOMY,FAP S P SUBTOTAL GASTRECTOMY
IRRIABLE BOWEL SYNDROME WITH DIARRHEA,IRRIABLE BOWEL SYNDROME WITH DIARRHEA
CRLM S7,CRLM S7
POST LAR WITH ANASTOMOSIS LEAKAGE,POST LAR WITH ANASTOMOSIS LEAKAGE
STERCORAL ULCER C RECTAL PERFORATION,STERCORAL ULCER C RECTAL PERFORATION
ADVANCE LT BREAST CANCER,ADVANCE LT BREAST CANCER
ESRD WITH THORMBOSED AVF,ESRD WITH THROMBOSE AVF
SHUNT OVERDRAINAGE,SHUNT OVERDRAINAGE
SPONDYLOLITHESIS C4 5,L4 5 SPONDYLOLISTHESIS
GOITER C HYPERTHYROID,GOITER C HYPERTHYROID
RT ATTIC CHOLESTEATOMA S P SURGERY,RT ATTIC CHOLESTEATOMA S P SURGERY
LT MAXILLARY LESION DDX ODONTOGENIC CYST,LT MAXILLARY LESION DDX ODONTOGENIC CYST
MUCOCELE LT LOWER LIP,MUCOCELE LT LOWER LIP
MASS AT LT TONSIL SUSPECTED LIPOMA,MASS AT LT TONSIL SUSPECTED LIPOMA
BILAT CRS WITH DNS WITH ITH,BILAT CRS WITH NP WITH DNS
AVBG INFECTION,INFECT AVBG
ADEMOCARCINOMA AT RT LUNG C RT PLEURAL EFFUSION,ADEMOCARCINOMA AT RT LUNG C RT PLEURAL EFFUSION
DISTAL CCA,DISTAL CCA
GRAVE WITH COLD NODULE,GRAVES' WITH COLD NODULE
PUP S P EL WITH TEMP CLOSURE,PUP S P SX WITH TEMP CLOSURE
EPIDERMAL CYST BOTH AXILLAS,EPIDERMAL CYST BOTH AXILLAS
PATHOLOGIC NIPPLE DISCHARGE RT BREAST,PATHOLOGICAL NIPPLE DISCHARGE RT BREAST
LOCAL RECURRENCE OF RIGHT CHEST WALL,LOCAL RECURRENCE OF RIGHT CHEST WALL
SCAR AT ARM,SCAR AT ARM
LEFT PAROTID MASS,LT PAROTID MASS
DERMTOCHALASIA,DERMATOCHALASIA
WOUND ON LEFT HEEL,WOUND ON LEFT HEEL
FRONTAL NERVE INJURY,FRONTAL NERVE INJURY
RETAIN FB AT LT HAND,RETAIN FB AT LT HAND
NAEVI OF AXCILLA R O BCC,NAEVI OF AXCILLA R O BCC
CFX RT ZYGOMA,FX RT ZYGOMA
SKIN TAG,SKIN TAG
ADJACENT LEVEL C4 5,ADJACENT LEVEL C4 5
LEFT POSTERIOR FOSSA TUMOR,LEFT POSTERIOR FOSSA TUMOR
L4 5 SPONDYLOLISTHESIS C456 SPONDYLOSIS,L4 5 SPONDYLOLISTHESIS C456 SPONDYLOSIS
RIGHT INTRA ORBITAL MASS,RIGHT INTRA ORBITAL MASS
LT CHRONIC SDH,LEFT CHRONIC SDH
LARGE RT FRONTAL TUMOR,LARGE RT FRONTAL TUMOR
L4 5 L5 S1 LATERAL CANAL STENOSIS,L4 5 L5 S1 LATERAL CANAL STENOSIS
MULTIPLE GENITAL WARTS,MULTIPLE GENITAL WARTS
COMPLICATED CYSTITIS,COMPLICATED CYSTITIS
CA BLADDER CA RT URETER RT URETERAL STRICTURE,CA RT URETER RT URETERAL STRCITURE CA BLADDER
URETHRA STRICTURE,URETHRAL STRICTURE
RIGHT HYDROCELE,RT HYDROCELE
CA BLADDER S P BCG INSTALLATION,CA BLADDER S P BCG INSTALLATION
LT UVJ STONE,RT UVJ STONE
LT DJ STENT INSERTION DUE TO STRICTURE,LT DJ STENT INSERTION DUE TO STRICTURE
UPJO,UPJO
RT FRONTAL MUCOSELE,RT FRONTAL MUCOSELE
RIGHT RECURRENT INFECTED SEBACEOUS CYST,RIGHT RECURRENT INFECTED SEBACEOUS CYST
TONSILLOLITH WITH HALITHOSIS,TONSILLOLITH WITH HALITHOSIS
RESIDUAL CA RT NASAL,RESIDUAL CA RT NASAL
LT POST PHARYNGEAL WALL MASS,POST PHARYNGEAL WALL MASS
LT NECK ABCESS,LT NECK ABCESS
R O SARCOMA RT HAND,R O SARCOMA RT HAND
ABSCESS AT PENIS,ABSCESS AT PENIS
BPH WITH UTI PSA 60,BPH WITH UTI PSA 60
DJ STENT RETAINING,DJ STENT RETAINING
LUTS RU 300 ML,LUTS RU 300 ML
DONOR LRKT,DONOR LRKT
CA TRANSVERSE COLON,CA TRASVERSE COLON
FOBT POSITIVE,FOBT POSITIVE
CA RECTUM S P COLONIC STENT,CA RECTUM S P COLONIC STENT
COLITIS CYSTICA PROFUNDA,COLITIS CYSTICA PROFUNDA
GANGLION CYST AT RIGHT THUMB,GANGLION CYST AT RIGHT THUMB
NERVUS AT FACE,NERVUS AT FACE
BROWEN DISEASE,BOWEN'S DISEASE
AVULSION WOUND RT THUMB,AVULSION WOUND RT THUMB
R O BCC,R O BCC
LE FORT2 FX C RT ZYGOMA FX C RT ORBITAL FLOOR DEFECT C SEGMENTAL FX AT RT PARASYMPHYSIS OF MANDIBLE C LACERATION WOUND AT LOWER LIP CHIN,LE FORT2 FX C RT ZYGOMA FX C RT ORBITAL FLOOR DEFECT C SEGMENTAL FX AT RT PARASYMPHYSIS OF MANDIBLE C LACERATION WOUND AT LOWER LIP CHIN
S PO DDKT,S P DDKT
LEFT OUTFLOW STERNOSIS,LT OUTFLOW STENOSIS
OUTFLOW STENOSIS AVF LT WRIST,OUTFLOW STENOSIS AVF LT WRIST
R O LT MID CEPHALIC VEIN STENOSIS,R O CEPHALIC VEIN STENOSIS
INFECTED AVBG,INFECT AVBG
JUXTAANASTOMOSIS STENOSIS AVF LT CUBITAL,JUXTAANASTOMOSIS STENOSIS AVF LT CUBITAL
LRKT,LRKT
HILAR CCA BISHMUS3,HILAR CCA BISHMUS3
LIRADS 4 S4B 5,LIRADS 4 S4B 5
PANCREATIC HEAD NEOPLASM,PANCREATIC HEAD NEOPLASM
BPH S P REZUM แต่ปัสสาวะหยดตามมาก,BPH S P REZUM แต่ปัสสาวะหยดตามมาก
CA CERVIX S P RT,CA CERVIX S P RT
RT ENDOMETRIOSIS CANNOT R O CA OVARY,RT ENDOMETRIOSIS CANNOT R O CA OVARY
HIGH PSA 5 9,HIGH PSA 968 5
HIGH PSA 6 6,HIGH PSA 7 6
HIGH PSA 12 0,HIGH PSA 10 2
RECURRENT CA BLADDER LATERAL WALL,RECURRENT CA BLADDER LATERAL WALL
CHOLANGITIS C CBD STONE,CBD STONE C CHOLANGITIS
RUPTURE RIGHT SILICONE IMPLANT,RUPTURE RIGHT SILICONE IMPLANT
HCC AT S6 8,HCC AT S6
MASS AT LT ARM X2,MASS AT LT ARM
CBD STONE S P ERCP WITH SUBSIDE CHOLECYSTITIS,SUBSIDE CHOLECYSTITIS C CBD STONE S P ERCP
BREAST MASS AT L1,BREAST MASS AT L1
METASTATIC BREAST CANCER,METASTATIC BREAST CANCER
BIALTERAL CA BREAST,BIALTERAL CA BREAST
RIGHT BREAST MASS R O MALIGNANT PHYLLODE TUMOR,RIGHT BREAST MASS R O MALIGNANT PHYLLODE TUMOR
OBSTRUCTIVE DEFECATORY SYNDROME,OBSTRUCTIVE DEFECATORY SYNDROME
LOCALLY ADVANCE CA SIGMOID COLON WITH BLADDER INVASION,LOCALLY ADVANCE CA SIGMOID WITH BLADDER INVASION
TRANSPHINCTERIC FIA,LOW TRANSPHINCTERIC FIA
ESRD WITH OUT FLOW STENOSIS,ESRD WITH OUT FLOW STENOSIS OF TB2
SUPERFICIAL VEIN THROMBOSIS,SUPERFICIAL VEIN THROMBOSIS
IMPENDING RUPTURED INFRARENAL AAA,IMPENDING RUPTURED INFRARENAL AAA
R O RT SWING VEIN STENOSIS,R O SWING VEIN STENOSIS
CA BREAST LT S P SX,CA BREAST LT S P SX
CA BREAST WITH SIGNIFICANT WEIGHT LOSS,CA BREAST WITH SIGNIFICANT WEIGHT LOSS
MASS AT LT GROIN,MASS AT LT GROIN
OUTFLOW STENOSIS OF RT BASILIC V TRANSPOSITION,OUTFLOW STENOSIS OF RT BASILIC V TRANSPOSITION
PUP WITH ECF S P EL WITH ANTRECTOMY WITH FEEDING JEJUNOSTOMY WITH DIFFICULT DUODENUAL STUMP,PUP WITH ECF S P EL WITH ANTRECTOMY WITH FEEDING JEJUNOSTOMY WITH DIFFICULT DUODENUAL STUMP
MASS RT GROIN,MASS AT RT GROIN
BRAIN STEM HEMORRHAGE WITH PROLONG INTUBATION,BRAIN STEM HEMORRHAGE C PROLONG INTUBATION
INFECTED BONE FLAP,INFECTED BONE FLAP
SPONDYLOLISTHESIS L4 5 WITH SPINAL STENOSIS L4 5,SPONDYLOLISTHESIS L4 5 WITH SPINAL STENOSIS L4 5
C4 5 C5 6 SPONDYLOSIS,C4 5 C5 6 SPONDYLOSIS
STUMP CHOLECYSTITIS,STUMP CHOLECYSTITIS
RIGHT LOBE HCC BCLC A S P PVE,RIGHT LOBE HCC BCLC A S P PVE
GASTRO OESOPHAGEAL REFLUX DISEASE WITH OESOPHAGITIS,GASTRO OESOPHAGEAL REFLUX DISEASE WITH OESOPHAGITIS
MASST AT LT LEG,MASST AT LT LEG
CVI C2S BOTH LEG,CVI C2S BOTH LEGS
SUBSIDED CHOLECYSTITIS S P EL WITH RHC FROM MESENTERIC VEIN THROMBOSIS WITH PORTAL HT,SUBSIDED CHOLECYSTITIS S P EL WITH RHC FROM MESENTERIC VEIN THROMBOSIS WITH PORTAL HT
RT CHOLESTEATOMA,CHOLESTEATOMA LT EAR
DEEP NECK LT NECK,DEEP NECK LT NECK
CHRONIC RHINITIS WITH ITH,CHT WITH CHRONIC RHINITIS
RT NASAL POLYP,NASAL POLYP
LT NASOLABIAL CYST,LT NASOLABIAL CYST
MILD OSA RDI 16,MILD OSA RDI 16
LT ATTIC CHOLESTEATOMA,LT ATTIC CHOLESTEATOMY
LT MASSESTERIC SPACE ABSCESS,LT MASSESTERIC SPACE ABSCESS
PRE AURICULAR MASS,PRE AURICULAR MASS
UNILAT TONSILLAR HYPERTROPHY,UNILAT TONSILLAR HYPERTROPHY
RIGHT BLOODY NIPPLE DISCHARE,RIGHT BLOODY NIPPLE DISCHARE
INTRADUCTAL PAPPILLOMA LT BREAST L1,INTRADUCTAL PAPPILOMA LT BREAST
LEFT CA BREAST S P LEFT MASTECOTMY,LEFT CA BREAST S P LEFT MASTECTOMY
GASTROCUTANEOUS FISTULA,GASTROCUTANEOUS FISTULA
PUP WITH GC FISTULA S P EL WITH DISTAL GASTRECTOMY,PUP WITH GC FISTULA S P EL WITH DISTAL GASTRECTOMY
R O PHYROBEZOAR,R O PHYROBEZOAR
MASS AT RT HAND,MASS AT RT HAND
CYST AT RIGTH FOREARM,CYST AT RIGTH FOREARM
DERMATOCHALAIS,DERMATOCHALASIA
CYST AT FACE,CYST AT FACE
MASS AT HAND,MASS AT HEAD
INFECTED DM FOOT S P AMPUTATION,INFECTED RT DM FOOT S P DB AMPUTATION
TUMOR AT LT THIGH CYST AT RT EAR,TUMOR AT LT THIGH CYST AT RT EAR
MASS AT RT POST AURICULAR AREA,MASS AT RT POST AURICULAR AREA
CLTI RIGHT LEG S P AMPUTATION AT RIGHT MIDFOOT,CLTI RIGHT LEG S P AMPUTATION AT RIGHT MIDFOOT
DEEP SPACE INFECTION LT HAND,DEEP SPACE INFECTION LT HAND
SILICONE ON BUTTOCK,SILICONE ON BUTTOCK
C3 4 4 5 5 6 SPONDYLOSIS,C 4 5 5 6 SPONDYLOSIS
SPONDYLOLISTHESIS L3 5 WITH SPINAL STENOSIS L3 5,SPONDYLOLISTHESIS L4 5 WITH SPINAL STENOSIS L4 5
RIGHT PAREITAL TUMOR,RIGHT PAREITAL TUMOR
L4 5 SPONDYLOSIS WITH RECURRENT HNP,L4 5 SPONDYLOSIS WITH RECURRENT HNP
NONUNION ODONTOID FRACTURE WITH MYELOPATHY WITH C4 5 SPONDYLOLISTHESIS WITH POSTERIOR COMPRESSION,NONUNION ODONTOID FRACTURE WITH MYELOPATHY WITH C4 5 SPONDYLOLISTHESIS WITH POSTERIOR COMPRESSION
URETHRIS R O URETHRAL STRICTURE,URETHRIS R O URETHRAL STRICTURE
LT PROXIMAL UC LT RC,LT PROXIMAL UC LT RC
GROSS HEMATURIA RADIATION CYSTITIS,GROSS HEMATURIA RADIATION CYSTITIS
CHRONIC DYSURIA,CHRONIC DYSURIA
RT AML,RT AML
PELVIC MASS WITH RT HYDRONEPHROSIS,PELVIC MASS WITH RT HYDRONEPHROSIS
COMPLICATED UTI WITH FAILED CATH,COMPLICATED UTI WITH FAILED CATH
NE CELL CA BLADDER,NE CELL CA BLADDER
AML RK,AML RK
STRANGULATED PENILE,STRANGULATED PENILE
HIGH PSA PIRADS5,HIGH PSA PIRADS5
DEVELOPMENTAL NONODONTOGENIC CYSTS OF ORAL REGION,DEVELOPMENTAL NONODONTOGENIC CYSTS OF ORAL REGION
HYPERKERATOTIC AT CHEST WALL,HYPERKERATOTIC AT CHEST WALL
CTLI RT FOOT S P MID FOOT AMPUTATION,CTLI RIGHT FOOT S P MID FOOT AMPUTATION
PRESSUE SORE RT FOOT S P STSG,PRESSUE SORE RT FOOT S P STSG
MASS AT RT EAR PINNA,MASS AT RT EAR PINNA
INTERNAL HAEMORRHOID,INTERNAL HEMORRHOID
RECTAL GIST S P PELVIC EXENTERATION C APR,RECTAL GIST S P PELVIC EXENTERATION C APR
INTERNAL HEMORRHOID WITH SCREENING,INTERNAL HEMORRHOID WITH SCREENING
CA DECSENDING COLON GS,CA DECSENDING COLON GS
DYSPEPSIA BHC,DYSPEPSIA BHC
ANAL STENOSIS,ANAL STENOSIS
OUTFLOW STENOSIS CEPHALIC ARCH,OUTFLOW STENOSIS CEPHALIC ARCH
C2SEPASPR,C2SEPASPR
DVT LEFT LEG,DVT LEFT LEG
LYMPHOCELE AT RIGHT LOWER ABDOMEN,LYMPHOCELE AT RIGHT LOWER ABDOMEN
CLTI LT LEG S P DOWNHILL BALLOON ANGIOPLASTY,CLTI LT LEG S P DOWNHILL BALLOON ANGIOPLASTY
OSTEOCHODROMA AT LT EYE,OSTEOCHODROMA AT LT EYE
PTOSIS BOTH EYES,PTOSIS BOTH EYES
1 CLOSED FRACTURE NASAL BONE 2 CLOSED FRACTURE 5TH METACARPAL RT HAND,1 CLOSED FRACTURE NASAL BONE 2 CLOSED FRACTURE 5TH METACARPAL RT HAND
IDIOPATIC GYNECOMATIA,IDIOPATIC GYNECOMATIA
SEB CYST,SEB CYST
GIANT AVF RIGHT UPPER ARM,GIANT AVF RIGHT UPPER ARM
FALSE ANEURYSM AT PROXIMAL RT RADIAL ARTERY,FALSE ANEURYSM AT PROXIMAL RT RADIAL ARTERY
PAU AT DESCENDING THORACIC AORTA,PAU AT DESCENDING THORACIC AORTA
ESRD C RT OUTFLOW STENOSIS,ESRD C RT OUTFLOW STENOSIS
LT AVBG R O OUTFLOW STENOSIS,R O OUTFLOW STENOSIS LT AVBG
CRLM AT S2 5 6 7,CRLM AT S2 5 6 7
S P DISTAL GASTRECTOMY,S P DISTAL GASTRECTOMY
DISTAL CBD STONE,DISTAL CBD STONES
S P LC CONVERT OC CBDE ERCP REMOVE STONE,S P LC CONVERT OC CBDE ERCP REMOVE STONE
ACUTE CHOLECYSTITIS S P CHOLECYSTOTOMY,ACUTE CHOLECYSTITIS S P CHOLECYSTOSTOMY
HCC S7 WITH RT HYDRONEPHROSIS,HCC S7 WITH RT HYDRONEPHROSIS
RT UC S P FLEXIBLE URSL RT DJ STENT,RT UC S P FLEXIBLE URSL RT DJ STENT
RT HYDRONEPHROSIS R O COLOVESICAL FISTULA,RT HYDRONEPHROSIS R O COLOVESICAL FISTULA
LT VARICOCELE,LEFT VARICOCELE
BPH WITH REFRACTORY AUR LARGE BPH,BPH WITH REFRACTORY AUR LARGE BPH
AML WITH PERIANAL ABCESS,PERIANAL ABSCESS WITH FIA
INFECTED WOUND AT LEFT LEG AND HEEL,INFECTED WOUND AT LEFT LEG AND HEEL
ACUTE SEVERE PANCREATITIS WITH ACS WITH RETROPERITONEAL COLECTION,ACUTE SEVERE PANCREATITIS WITH ACS WITH RETROPERITONEAL COLECTION
CERVICAL LYMPHADENOPATHY LT LEVEL 5,CERVICAL LYMPHADENOPATHY LT LEVEL 5
CA RIGHT BREAST S P BCT SLND,RIGHT CA BREAST S P BCT
TOXIC MNG,TOXIC MNG
HIGH TRANSPHICTERIC FIA,HIGH TRANSPHINCTERIC FIA
LEFT NIPPLE DISCHARGE,LEFT NIPPLE DISCHARGE
CA LT BREAST CT2N M0,CA LT BREAST CT2N M0
LEFT CA BREAST S P NEOADJUVANT CHEMOTHERAPUY,LEFT CA BREAST S P NEOADJUVANT CHEMOTHERAPY
MULTIPLE THYROID MASSES WITH HYPERTHYROIDISM,MULTIPLE THYROID MASSES WITH HYPERTHYROIDISM
SUBSIDED CHOLANGITIS HX EL,SUBSIDED CHOLANGITIS HX EL
ESRD WITH THROMBOSE AVBG LT FOREARM,ESRD WITH THROMBOSE AVBG LT FOREARM
LT OTUFLOW STENOSIS,LT OUTFLOW STENOSIS
ESRD WITH CEPHALIC VEIN THROMBOSIS,ESRD WITH CEPHALIC VEIN THROMBOSIS
THOMBOSED AV GRAFT,THROMBOSE AV GRAFT
ESRD R O OUTFLOW STENOSIS,ESRD LT BB R O OUTFLOW STENOSIS
CRYPTOCOCCUS MENINGITIS,CRYPTOCOCCUS MENINGITIS
LT BGH S P LT CRANIECTOMY,LT BGH S P LT CRANIECTOMY
C567 DISC HERNIATION,C567 DISC HERNIATION
HYDROCEPHALUS C PROLONG INTUBATION,HYDROCEPHALUS C PROLONG INTUBATION
BRAIN TUMOR AT RT FRONTAL,RT FRONTAL BRAIN TUMOR
RT VESTIBULAR SCHWANNOMA,LT VESTIBULAR SCHWANNOMA
CORD CONTUSSION,CORD CONTUSSION
L5S1 STENOSIS,L5 S1 STENOSIS
RECURRENT PITUITARY MACROADENOMA,RECURRENT PITUITARY MACROADENOMA
L1 FRACTURE C CORD COMPRESSION,L1 FRACTURE C CORD COMPRESSION
METASTASIS BRAIN TUMOR LT FRONTAL,LT FRONTAL BRAIN METASTASIS
RT PAROTID ABSCESS,RT PAROTID ABSCESS
CA EGJ SIEWERT II,CA EGJ SIEWERT II
RECURRENT PERICARDIAL EFFUSION PURULENT,RECURRENT PERICARDIAL EFFUSION PURULENT
K409,K409
COMPLICATED CYST RT BREAST R1 R2,COMPLICATED CYST RT BREAST R1 R2
BULLOES LESION AT TRIGONE,BULLOUS LESION AT TRIGONE
LARGE CA BLADDER AT RT LATERAL ANTERION WALL,LARGE CA BLADDER AT RT LATERAL ANTERION WALL
BPH S P TUR P,BPH S P TUR P
LEFT UPJO NON FN,LEFT UPJO NON FN
BILAT CRS WITH NP ASA TRIAD,BILAT CRS WITH NP ASA TRIAD
RT EPISTAXIS,EPISTAXIS LT
RT TMP,RT TMP
DNS RT C ITHT C UVULA ELONGATED,DNS RT C ITHT C UVULA ELONGATED
BURN ON LEFT LEG PRESSURE SORE AT RIGHT INTROTOCHANTERIC,BURN ON LEFT LEG PRESSURE SORE AT RIGHT INTROTOCHANTERIC
TRAUMATIC NOSE DEFORMITY,TRAUMATIC NOSE DEFORMITY
MASS AT LEFT CHEEK,MASS AT LEFT CHEEK
MASS AT LEG,MASS AT LEG
LEFT UPPER PARATHYROID ADENOMA,LEFT UPPER PARATHYROID ADENOMA
MASS AT RT FLANK,MASS AT RT FLANK
MASS AT ANTERIOR ABDOMINAL WALL,MASS AT ANTERIOR ABDOMINAL WALL
SEVERE PANCREATITIS WITH ACS S P EL WITH DELAYED PRIMARY SUTURE,SEVERE PANCREATITIS WITH ACS S P EL WITH DELAYED PRIMARY SUTURE
PTCA S P RT LOBECTOMY,PTCA S P RT LOBECTOMY
RT PREAURICULAR SINUS,RT PREAURICULAR SINUS
AURAL POLYP LT,AURAL POLYP LT
TRACHEOCUTANEOUS FISLUTA,TRACHEOCUTANEOUS FISTULA
AR WITH ITH,CR WITH ITH
HEMORRHAGIC POLYP LT TVC,HEMORRHAGIC POLYP LT TVC
LT THYROID GLAND,LT THYROID GLAND
COLONIC PERFORATION S P EL TEMPORARY CLOSURE,SB C COLONIC PERFORATION S P TEMPORARY CLOSURE
PNET AT TAIL OF PANCREAS,PNETS AT TAIL OF PANCREAS
THYROID NODULE RT SIZE 4 CM,THYROID NODULE RT SIZE 4 CM
INFECTED BEDSORE MULTIPLE SITE,INFECTED BEDSORE MULTIPLE SITE
BETHESDA IV RIGHT THYROID NODULE,BETHESDA IV THYROID NODULE
FOLLICULAR NEOPLASM BETHESDA IV,FOLLICULAR NEOPLASM BETHESDA IV
INFECTED DM LT BIG TOE,INFECTED DM LT BIG TOE
HIGH PSA NODULE LT LOBE,HIGH PSA NODULE LT LOBE
CONDYLOMA ACCUMINATA,CONDYLOMA ACCUMINATA
CVI C6 LT LEG,CVI C2S LT LEG
LGIH WITH BOWEL HABIT CHANGE,LGIB WITH BOWEL HABIT CHANGE
RETAINED DJ STENT,RETAIED RT DJ STENT
CONCEAL RUPTURED SIGMOID DIVERTICULITIS S P LOOP PTC,CONCEAL RUPTURED SIGMOID DIVERTICULITIS S P LOOP PTC
ASCENDING COLONIC POLYP,ASCENDING COLONIC POLYP
SIGMOID DIVERTICULOSIS WITH BOWEL WALL THICKENING,SIGMOID DIVERTICULOSIS WITH BOWEL WALL THICKENING
CA RECTOSIGMOID INVADE UTERUS,CA RECTOSIGMOID INVADE UTERUS
CRLM 4 LESIONS RT LOBE RECTOSIGMOID,CRLM 4 LESIONS RT LOBE RECTOSIGMOID
THROMBOSE INFRA RENAL AAA WITH CLAUDICATION,THROMBOSE INFRA RENAL AAA WITH CLAUDICATION
R O INFECTED AVBG LT UPPER ARM,R O INFECTED AVBG LT UPPER ARM
ESRD WITH LT OUTFLOW STENOSIS,ESRD WITH OUTFLOW STENOSIS
SWING VEIN CEPHALIC VEIN STENOSIS,SWING VEIN CEPHALIC VEIN STENOSIS
PERSISTENT AIR LEAK,PERSISTENT AIR LEAK
HCC RT LOBE S P RT PVE 1 12 66,HCC RT LOBE S P RT PVE 1 12 66
CA 2 ND PART DUODENUM,CA 2 ND PART DUODENUM
COLONIC PERFORATION S P EL,COLONIC PERFORATION S P EL
CA ASCENDING COLON T3N2BM0 CEA RISSING,CA ASCENDING COLON T3N2BM0 CEA RISSING
CA DESCENDING COLON S P LHC WITH SSI AND WOUND DEHISCENCE,CA DESCENDING COLON S P LHC WITH SSI AND WOUND DEHISCENCE
ACUTE APPENCITIS,ACUTE APPENDICITIS
URETHRAL DISORDER UNSPECIFIED,URETHRAL DISORDER UNSPECIFIED
DYDPEPSIA,DYSPEPSIA
CYST AT UMBILICUS,CYST AT UMBILICUS
SUBSIDE CHOLECYSTITIS C CBD STONE,SUBSIDE CHOLECYSTITIS C CBD STONE S P ERCP
LT BREAST CANCER WITH RT BREAST MASS,LEFT BREAST CANCER WITH MASS AT R5
LUOQ BREAST MASS,LUOQ BREAST MASS
INFECTED STUMP LEFT LEG,INFECTED STUMP LEFT LEG
CA ASENDING COLON S P ERHC SPLENIC FLEXURE MASS R O CANCER,CA ASENDING COLON S P ERHC SPLENIC FLEXURE MASS R O CANCER
ESRD WITH RT CENTRAL VEIN STENOSIS,ESRD WITH CENTRAL VEIN STENOSIS
AML,AML
KTS WITH VLU RT LEG,KTS WITH VLU RT LEG
FUSIFORM AORTOILLIAC ANEURYSM,FUSIFORM AORTOILLIAC ANEURYSM
INFECTED AV GRAFT LT FOREARM,INFECTED AV GRAFT LT FOREARM
