variant,canonical
EGD COLONOSCOPY,EGD COLONOSCOPY
AVF LT CUBITAL,AVF LT CUBITAL
AVF LT WRIST,AVF LT WRIST
LC,LC
EXCISION,EXCISION
FISTULOGRAM PTA,FISTULOGRAM PTA
TRACHEOSTOMY,TRACHEOSTOMY
TCC RT IJV,TCC RT IJV
AVF RT CUBITAL,AVF LT CUBITAL
FLEXIBLE CYSTOSCOPY,FLEXIBLE CYSTOSCOPY
TCC RT IJV CENTROS,TCC RT IJV CENTROS
BALLOON VENOPLASTY,BALLOON VENOPLASTY
AVF RT WRIST,AVF LT WRIST
TRUS BX,TRUS BX
EGD COLONOSCOPE,EGD COLONOSCOPY
CYSTO,CYSTO
LT BRACHIOCEPHALIC AVF,LT BRACHIOCEPHALIC AVF
AVBG LT FOREARM,AVBG LT FOREARM
CYSTOSCOPE,CYSTOSCOPE
COLONOSCOPY,COLONOSCOPY
TUR BT,TUR BT
HEMORRHOIDECTOMY,HEMORRHOIDECTOMY
FLEX CYSTOSCOPY,FLEXIBLE CYSTOSCOPY
COLONOSCOPY OTHER ENDOSCOPY OF SMALL INTESTINE,COLONOSCOPY OTHER ENDOSCOPY OF SMALL INTESTINE
DLC TO TCC RT IJV,DLC TO TCC RT IJV
EGD,EGD
LIFT,LIFT
R4 5 SYMPATHECTOMY,R4 5 SYMPATHECTOMY
CIRCUMCISION,CIRCUMCISION
TCC RT IJV HEMOFLOW,TCC RT IJV HEMOFLOW
CHEMOPORT INSERTION,CHEMOPORT INSERTION
BALLOON ANGIOPLASTY,BALLOON ANGIOPLASTY
REVISE TCC RT IJV CENTROS,REVISE TCC RT IJV CENTROS
TUR P,TUR P
RF NOSE,RF NOSE
VASECTOMY,VASECTOMY
DEBRIDEMENT,DEBRIDEMENT
AVBG RT FOREARM,AVBG LT FOREARM
FLEXIBLE CYSTOSCOPY SURVEILLANCE,FLEXIBLE CYSTOSCOPY SURVEILLANCE
REVISE TCC RT IJV,REVISE TCC RT IJV
AVF LT FOREARM,AVBG LT FOREARM
REZUM,REZUM
LT FOREARM LOOP AVBG,LT FOREARM LOOP AVBG
OPEN TOTAL THYROIDECTOMY,OPEN TOTAL THYROIDECTOMY
CYSTOSCOPY,CYSTOSCOPE
AVBG LT UPPERARM,AVBG LT UPPERARM
LT RADIOCEPHALIC AVF,LT RADIOCEPHALIC AVF
FISTULOTOMY,FISTULOTOMY
OFF DJ STENT,OFF DJ STENT
ANEURYSMECTOMY,ANEURYSMECTOMY
LIS,LIS
TCC AT RT IJV,TCC AT RT IJV
AVBG LT UPPER ARM,AVBG LT UPPER ARM
EC,EC
FLEXIBLE CYSTOSCOPE,FLEXIBLE CYSTOSCOPY
LAP SIGMOIDECTOMY,LAP SIGMOIDECTOMY
RT TOETVA,RT TOETVA
EGD COLONO,EGD COLONO
TOTAL TOETVA,TOTAL TOETVA
SURVEILLANCE CYSTO,SURVEILLANCE CYSTO
TEMPORARY TRACHEOSTOMY,TEMPORARY TRACHEOSTOMY
TONSILLECTOMY,TONSILLECTOMY
PTA,PTA
UNILATERAL THYROID LOBECTOMY,UNILATERAL THYROID LOBECTOMY
MIS TLIF L4 5,MIS TLIF L4 5
RT BRACHIOCEPHALIC AVF,LT BRACHIOCEPHALIC AVF
EXCISIONAL BIOPSY,EXCISIONAL BIOPSY
TCC LT IJV CENTROS,TCC RT IJV CENTROS
TRUS BIOPSY,TRUS BIOPSY
FISTULOGRAM,FISTULOGRAM
TURP,TURP
CORRECTION,CORRECTION
EVAR,EVAR
I D,I D
COLONOSCOPE,COLONOSCOPY
TK INSERTION,TK INSERTION
EXCISION OF DEEP CERVICAL LYMPH NODE,EXCISION OF DEEP CERVICAL LYMPH NODE
FLEXIBLE CYSTO,FLEXIBLE CYSTO
SUTURE WOUND,SUTURE WOUND
GASTRO COLONOSCOPE,GASTRO COLONOSCOPE
RIGHT BCT SLNB,RIGHT BCT SLNB
LT ENDOSCOPIC TYMPANOPLASTY,LT ENDOSCOPIC TYMPANOPLASTY
TURBT,TURBT
LT TOETVA,RT TOETVA
COMPLETE THYROIDECTOMY,COMPLETE THYROIDECTOMY
STSG,STSG
MRI FUSION BX,MRI FUSION BX
TRUS C BX,TRUS C BX
CLOSURE COLOSTOMY,CLOSURE COLOSTOMY
LEFT BCT SLNB,LEFT BCT SLNB
WIDE EXCISION,WIDE EXCISION
RT RADIOCEPHALIC AVF,RT RADIOCEPHALIC AVF
TCC LT IJV,TCC RT IJV
APPENDECTOMY,APPENDECTOMY
LARYNGOSCOPY AND OTHER TRACHEOSCOPY,LARYNGOSCOPY AND OTHER TRACHEOSCOPY
OTHER ENDOSCOPY OF SMALL INTESTINE,OTHER ENDOSCOPY OF SMALL INTESTINE
CORRECTION UPPER EYELID,CORRECTION UPPER EYELID
AVF RT FOREARM,AVF RT FOREARM
TB2 LT ARM,TB2 LT ARM
BILAT FESS,BILAT FESS
RF NOSE LA,RF NOSE LA
TB1 LT ARM,TB2 LT ARM
RHINOPLASTY,RHINOPLASTY
REVISED TCC RT IJV,REVISE TCC RT IJV
TCC RT IJV PALINDROME,TCC RT IJV PALINDROME
FCYSTOSCOPY,FCYSTOSCOPY
ERCP,ERCP
OPEN RT HERNIOPLASTY,OPEN RT HERNIOPLASTY
URETHRAL DILATION,URETHRAL DILATION
TONSILLECTOMY GA,TONSILLECTOMY
LAP AR,LAP AR
DB,DB
PORT A INSERTION,PORT A INSERTION
PTOSIS CORRECTION,PTOSIS CORRECTION
LAP RHC,LAP RHC
REMOVE CHEMOPORT,REMOVE CHEMOPORT
LAPAROSCOPIC CHOLECYSTECTOMY,LAPAROSCOPIC CHOLECYSTECTOMY
LASER HEMORRHOIDOPLASTY,LASER HEMORRHOIDOPLASTY
LAP LAR,LAP LAR
RT MMA,RT MMA
FLEXIBLE CYSTOSCOPY DILATE URETHRA,FLEXIBLE CYSTOSCOPY DILATE URETHRA
T BSP RF NOSE GA,T BSP RF NOSE GA
LAPAROSCOPIC SIGMOIDECTOMY,LAPAROSCOPIC SIGMOIDECTOMY
LT UPPER ARM LOOP AVBG,LT UPPER ARM LOOP AVBG
CRANIOTOMY C TUMOR REMOVAL,CRANIOTOMY C TUMOR REMOVAL
OFF LT DJ STENT,OFF DJ STENT
LT TB1,LT TB1
RT URSL DJ STENT,RT URSL DJ STENT
RT ENDOSCOPIC TYMPANOPLASTY,LT ENDOSCOPIC TYMPANOPLASTY
CHANGE VAC DRESSING,CHANGE VAC DRESSING
FLEX CYSTO,FLEX CYSTO
LEFT TOETVA,LEFT TOETVA
EXCISION LT BREAST MASS,EXCISION LT BREAST MASS
OPEN APPENDECTOMY,OPEN APPENDECTOMY
VAE,VAE
RT PCNL,RT PCNL
MRI FUSION TRUS BX,MRI FUSION TRUS BX
WIRE LOCALIZATION WIDE EXCISION,WIRE LOCALIZATION WIDE EXCISION
DJ STENT REMOVAL,DJ STENT REMOVAL
LT TB2,LT TB2
TRACHEOSTOMY GA,TRACHEOSTOMY
AVBG RT UPPERARM,AVBG LT UPPERARM
RT FOREARM LOOP AVBG,LT FOREARM LOOP AVBG
VP SHUNT,VP SHUNT
UPPER BLEPHALOPLASTY,UPPER BLEPHALOPLASTY
RT URSL,RT URSL
REVISE TCC LT IJV,REVISE TCC LT IJV
OFF RT DJ STENT,OFF DJ STENT
FLEX CYSTOSCOPY WITH REMOVE DJ STENT,FLEX CYSTOSCOPY WITH REMOVE DJ STENT
TOTAL THYROIDECTOMY,OPEN TOTAL THYROIDECTOMY
OPEN SUBTOTAL PARATHYROIDECTOMY UNDER GA,OPEN SUBTOTAL PARATHYROIDECTOMY UNDER GA
CYSTOGRAM,CYSTOGRAM
BILAT FESS WITH MICRODEBRIDER WITH NAVIGATOR,BILAT FESS WITH MICRODEBRIDER WITH NAVIGATOR
REMOVE DJ STENT,DJ STENT REMOVAL
LT BB TRANSPOSITION,LT BB TRANSPOSITION
RIGHT TOETVA,RIGHT TOETVA
EXCISION RT BREAST MASS,EXCISION RT BREAST MASS
AVF LEFT CUBITAL,AVF LT CUBITAL
CRANIOPLASTY,CRANIOPLASTY
VASECTOMY AND LIGATION OF VAS DEFERENS,VASECTOMY AND LIGATION OF VAS DEFERENS
EXCISIONAL DB,EXCISIONAL DB
SURVEILLANCE COLONOSCOPY,SURVEILLANCE COLONOSCOPY
CRANIOTOMY WITH TUMOR REMOVAL,CRANIOTOMY WITH TUMOR REMOVAL
TONSILLECTOMY WITHOUT ADENOIDECTOMY,TONSILLECTOMY WITHOUT ADENOIDECTOMY
OPEN TTD,OPEN TTD
RT MASTECTOMY WITH SLNB,RT MASTECTOMY WITH SLNB
OPEN GASTROSTOMY,OPEN GASTROSTOMY
LAP RADICAL PROSTATECTOMY,LAP RADICAL PROSTATECTOMY
OPEN LEFT THYROID LOBECTOMY AND ISTHMECTOMY,OPEN LEFT THYROID LOBECTOMY AND ISTHMECTOMY
EXCISION MASS,EXCISION MASS
BILATERAL ORCHIECTOMY,BILATERAL ORCHIECTOMY
SURVEILLANCE CYSTOSCOPY,SURVEILLANCE CYSTOSCOPY
LOCAL EXCISION OF LESION OF BREAST,LOCAL EXCISION OF LESION OF BREAST
FISTULOGRAM PTA STENT,FISTULOGRAM PTA STENT
EXCISION OF SALIVALY GLAND,EXCISION OF SALIVALY GLAND
PARTIAL GLOSSECTOMY,PARTIAL GLOSSECTOMY
TRANSANAL EXCISION,TRANSANAL EXCISION
CHANGE VACUUM DRESSING,CHANGE VAC DRESSING
OC,OC
LAP TAPP RT,LAP TAPP RT
PROXIMALIZATION AVF LT WRIST,PROXIMALIZATION AVF LT WRIST
CYSTOSCOPY DILATE URETHRA,CYSTOSCOPY DILATE URETHRA
RF NOSE PALATE LA,RF NOSE PALATE LA
RT LAP TAPP,LAP TAPP RT
MICROWAVE ABLATION UNDER LA,MICROWAVE ABLATION UNDER LA
REVISE TCC RT IJV PALINDROME,REVISE TCC RT IJV PALINDROME
REVISE TCC RT FV CENTROS,REVISE TCC RT IJV CENTROS
EXCISION OF LESION OF OTHER SOFT TISSUE,EXCISION OF LESION OF OTHER SOFT TISSUE
OTHER EXCISION OF SALIVARY GLAND LESION,OTHER EXCISION OF SALIVARY GLAND LESION
REVISE AVBG,REVISE AVBG
EXCISION OF LESION OF SALIVARY GLAND,OTHER EXCISION OF SALIVARY GLAND LESION
CHANGE VAC,CHANGE VAC
UB,UB
EXCISIONAL BX,EXCISIONAL DB
SUR CYSTO,SUR CYSTO
CORRECTION OF EYELID,CORRECTION OF EYELID
TCC RT EJV,TCC RT IJV
TRACHEOSTOMY UNDER GA,TRACHEOSTOMY UNDER GA
RADICAL CYSTECTOMY WITH ILEAL CONDUIT,RADICAL CYSTECTOMY WITH ILEAL CONDUIT
TB2,TB2
RF NOSE GA,RF NOSE LA
RT VP SHUNT,RT VP SHUNT
OPEN HERNIOPLASTY,OPEN RT HERNIOPLASTY
LT FESS,LT FESS
LT URSL,LT URSL
AVBG RT UPPER ARM,AVBG LT UPPER ARM
RIGHT MASTECTOMY WITH SLNB,RT MASTECTOMY WITH SLNB
LAPAROSCOPIC LAR,LAPAROSCOPIC LAR
AVF LEFT WRIST,AVF LT WRIST
OPEN RIGHT THYROID LOBECTOMY AND ISTHMECTOMY,OPEN RIGHT THYROID LOBECTOMY AND ISTHMECTOMY
RT CRANIOTOMY C TUMOR REMOVAL,CRANIOTOMY C TUMOR REMOVAL
EXCISION PARAFFINOMA,EXCISION PARAFFINOMA
CLOSURE ILEOSTOMY,CLOSURE COLOSTOMY
EGD AND COLONOSCOPY,EGD COLONOSCOPY
CORRECTURE UPPER EYELID,CORRECTURE UPPER EYELID
RE WIDE EXCISION,WIDE EXCISION
DJ STENT EXCHANGING,DJ STENT EXCHANGING
WHIPPLE OPERATION,WHIPPLE OPERATION
RT HERNIOPLASTY,RT HERNIOPLASTY
LEFT MASTECTOMY WITH SLNB,LEFT MASTECTOMY WITH SLNB
RT SUPERFICIAL PAROTIDECTOMY,RT SUPERFICIAL PAROTIDECTOMY
LT THYROID LOBECTOMY,LT THYROID LOBECTOMY
PERM CATH INSERTION,PERM CATH INSERTION
OFF TCC,OFF TCC
LAP LHC,LAP LHC
TEVAR,EVAR
MICRODL C EXCISION,MICRODL C EXCISION
BILATERAL VENASEAL,BILATERAL VENASEAL
DILATE URETHRA,DILATE URETHRA
EXCISIONAL DEBRIDEMENT OF WOUND INFECTION OR BURN,EXCISIONAL DEBRIDEMENT OF WOUND INFECTION OR BURN
LAMINECTOMY WITH PDS FIXATION L4 5,LAMINECTOMY WITH PDS FIXATION L4 5
OPEN CHOLECYSTECTOMY,OPEN CHOLECYSTECTOMY
MYRINGOPLASTY,MYRINGOPLASTY
OPEN LT HERNIOPLASTY,OPEN LT HERNIOPLASTY
EXCISIONAL DEBRIDEMENT,EXCISIONAL DEBRIDEMENT
LAP LEFT ADRENALECTOMY,LAP LEFT ADRENALECTOMY
EGD WITH COLONOSCOPY,EGD WITH COLONOSCOPY
LT VP SHUNT,RT VP SHUNT
TCC INSERTION AT RT IJV,TCC INSERTION AT RT IJV
EGD COLONOSOCPY,EGD COLONOSCOPY
LIPOSUCTION,LIPOSUCTION
BILAT ORCHIECTOMY,BILATERAL ORCHIECTOMY
WATER VAPOR THERAPY,WATER VAPOR THERAPY
ABDOMINAL TOILET C VAC DRESSING,ABDOMINAL TOILET C VAC DRESSING
PTA STENT,PTA STENT
CYSTOSCOPY REMOVE DJ STENT,CYSTOSCOPY REMOVE DJ STENT
EXCISION OR DESTRUCTION OF LESION OR TISSUE OF TONGUE,EXCISION OR DESTRUCTION OF LESION OR TISSUE OF TONGUE
EXCISION OF LEFT BREAST MASS,EXCISION LT BREAST MASS
SURVEILLANCE EGD COLONOSCOPY,SURVEILLANCE COLONOSCOPY
OPEN SUBTOTAL PARATHYROIDECTOMY,OPEN SUBTOTAL PARATHYROIDECTOMY
TONSILLECTOMY BSP RF NOSE,TONSILLECTOMY BSP RF NOSE
BILATERAL SIMPLE MASTECTOMY,BILATERAL SIMPLE MASTECTOMY
REVISION,REVISION
OPEN RIGHT HERNIOPLASTY,OPEN RT HERNIOPLASTY
FRENULECTOMY FRENECTOMY OR FRENOTOMY SEPERATE PROCEDURE,FRENULECTOMY FRENECTOMY OR FRENOTOMY SEPERATE PROCEDURE
TCC,TCC
BALLOON VENOPLASTY WITH STENT,BALLOON VENOPLASTY WITH STENT
EGD COLONSCOPY,EGD COLONOSCOPY
REVISE TCC LT IJV CENTROS,REVISE TCC RT IJV CENTROS
MRI FUSION BIOPSY,MRI FUSION BIOPSY
TONSILLECTOMY RF NOSE,TONSILLECTOMY BSP RF NOSE
RT CRANIOPLASTY,CRANIOPLASTY
CORRECTION UPPER AND LOWER EYELID,CORRECTION UPPER AND LOWER EYELID
BILAT LAP TAPP,BILAT LAP TAPP
PERCUTANEOUS EXCISION,PERCUTANEOUS EXCISION
TUR BT UNDER GA,TUR BT UNDER GA
OTHER EXCISION OF LESION OR TISSUE OF LIP,OTHER EXCISION OF LESION OR TISSUE OF LIP
RFA HEMORRHOIDOPLASTY,RFA HEMORRHOIDOPLASTY
LT MASTECTOMY WITH SLNB,LEFT MASTECTOMY WITH SLNB
LEFT TEP,LEFT TEP
LT CRANIOTOMY C TUMOR REMOVAL,CRANIOTOMY C TUMOR REMOVAL
BILAT FESS WITH NAVIGATOR,BILAT FESS WITH NAVIGATOR
BILATERAL EXTENDED SIMPLE MASTECTOMY,BILATERAL EXTENDED SIMPLE MASTECTOMY
LIGATE AVF LT CUBITAL,LIGATE AVF LT CUBITAL
RT THYROID LOBECTOMY,LT THYROID LOBECTOMY
LAP IPOM,LAP IPOM
CYSTO TUR BT UNDER IV SEDATION,CYSTO TUR BT UNDER IV SEDATION
REVISED TCC AT RT IJV,REVISE TCC RT IJV
ACDF C5 6 PEEK PLATE,ACDF C5 6 PEEK PLATE
MRI TRUS FUSION BIOPSY,MRI TRUS FUSION BIOPSY
LT URS L,LT URS L
WATER VAPOR THERAPY REZUM,WATER VAPOR THERAPY REZUM
LT HL WITH VS WITH PHLEBECTOMY,LT HL WITH VS WITH PHLEBECTOMY
AVF LT WRIST UNDER LA,AVF LT WRIST UNDER LA
DEBRIDEMENT RT LEG,DEBRIDEMENT RT LEG
FISTULECTOMY,FISTULECTOMY
AVF LT CUBITAL UNDER LA,AVF LT CUBITAL UNDER LA
CYSTOSCOPY WITH REMOVE DJ STENT,FLEX CYSTOSCOPY WITH REMOVE DJ STENT
LASER CYSTOLITHOTRIPSY,LASER CYSTOLITHOTRIPSY
RIGHT TEP,RIGHT TEP
LAP RADICAL NEPHRECTOMY,LAP RADICAL NEPHRECTOMY
CHEMOPORT REMOVAL,REMOVE CHEMOPORT
LAMINECTOMY WITH PDS FIXATION L4 5 MIS,LAMINECTOMY WITH PDS FIXATION L4 5
LT PCNL,LT PCNL
LEFT CRANIOTOMY WITH TUMOR REMOVAL,CRANIOTOMY WITH TUMOR REMOVAL
REVISE AVBG LT FOREARM,REVISE AVBG LT FOREARM
LAMINECTOMY WITH PDS FIXATION L345,LAMINECTOMY WITH PDS FIXATION L4 5
LOWER EYELID CORRECTION,CORRECTION OF EYELID
SEPTOTURBINOPLASTY,SEPTOTURBINOPLASTY
LT LAP TEP,LT LAP TEP
URETEROSTOMY EXCHANGING,URETEROSTOMY EXCHANGING
VAE OF RIGHT BREAST,VAE OF RIGHT BREAST
LAMINECTOMY C PDS FIXATION L2345,LAMINECTOMY C PDS FIXATION L2345
CYSTOSCOPY UNDER LA,CYSTOSCOPY UNDER LA
DLC TO TCC LT IJV,DLC TO TCC RT IJV
E C,E C
TUR P นอกเวลา,TUR P นอกเวลา
VAE OF LEFT BREAST,VAE OF LEFT BREAST
BILATERAL RFA,BILATERAL RFA
SUPERFICIALIZATION,SUPERFICIALIZATION
LT MRM,LT MRM
EL,EL
RT UPPER ARM LOOP AVBG,LT UPPER ARM LOOP AVBG
OPEN SIGMOIDECTOMY,OPEN SIGMOIDECTOMY
LT URSL DJ STENT,RT URSL DJ STENT
TCC RIGHT IJV,TCC RIGHT IJV
LAMINECTOMY C PDS FIXATION L345 MIS,LAMINECTOMY C PDS FIXATION L2345
TCC INSERTION RT IJV,TCC INSERTION AT RT IJV
BILAT FESS NAVIGATOR,BILAT FESS WITH NAVIGATOR
OPEN RT THYROIDECTOMY,OPEN RT THYROIDECTOMY
R4 R5 SYMPATHECTOMY,R4 R5 SYMPATHECTOMY
PARTIAL OR SUBTOTAL THYROIDECTOMY ISTHMECTOMY OTHER,PARTIAL OR SUBTOTAL THYROIDECTOMY ISTHMECTOMY OTHER
MIS TLIF L5 S1,MIS TLIF L5 S1
DLC RT IJV,DLC RT IJV
LOWER BLEPHAROPLASTY,LOWER BLEPHAROPLASTY
L4 S1 LAMINECTOMY WITH PDS FIXATION,LAMINECTOMY WITH PDS FIXATION L4 5
TRACHESOTOMY,TRACHEOSTOMY
LT BRACHIOCEPHLIC AVF,LT BRACHIOCEPHALIC AVF
REVISE TCC LT IJV PALINDROME,REVISE TCC RT IJV PALINDROME
OFF TK,OFF TK
LOWER BLEPHALOPLASTY,LOWER BLEPHAROPLASTY
LAP TAPP,LAP TAPP
STSG LT LEG,STSG LT LEG
TRACHOESTOMY,TRACHEOSTOMY
ENDOSCOPIC TUMOR REMOVAL,ENDOSCOPIC TUMOR REMOVAL
RT MYRINGOTOMY PE TUBE,RT MYRINGOTOMY PE TUBE
RT HL WITH VS WITH PHLEBECTOMY,LT HL WITH VS WITH PHLEBECTOMY
EXCISION BX,EXCISION BX
EXCISION OF RIGHT BREAST MASS,EXCISION RT BREAST MASS
AVF RT WRIST OR CUBITAL,AVF RT WRIST OR CUBITAL
RT MASTECTOMY C SLNB,RT MASTECTOMY C SLNB
REVISE AVF RT WRIST,REVISE AVF RT WRIST
OPEN LAR,OPEN LAR
STSG LT FOOT,STSG LT FOOT
REVISION SCAR,REVISION SCAR
WOUND IRRIGATION,WOUND IRRIGATION
EXCISION LT BREAST,EXCISION LT BREAST
TCC LEFT IJV,TCC LEFT IJV
PORT A CATH INSERTION,PORT A CATH INSERTION
VASECTOMY UNDER TIVA,VASECTOMY UNDER TIVA
LEFT URSL,LEFT URSL
BILAT FESS WITH NAVIGATOR WITH MICRODEBRIDER,BILAT FESS WITH MICRODEBRIDER WITH NAVIGATOR
ACDF C4 5 6 7 PEEK PLATE,ACDF C4 5 6 7 PEEK PLATE
INCISIONAL BIOPSY,EXCISIONAL BIOPSY
DLC TO TCC AT RT IJV,DLC TO TCC RT IJV
FISTULOGRAM LT,FISTULOGRAM PTA
REPAIR OF INDIRECT INGUINAL HERNIA,REPAIR OF INDIRECT INGUINAL HERNIA
REMOVE LT DJ STENT,REMOVE LT DJ STENT
TUF,TUF
STSG WITH VAC DRESSING,STSG WITH VAC DRESSING
LRP,LRP
ACDF C5 6,ACDF C5 6
LAPAROSCOPIC APR,LAPAROSCOPIC APR
TRUS BX UNDER TIVA,TRUS BX UNDER TIVA
REVISION OF TRACHEOSTOMY,REVISION OF TRACHEOSTOMY
LAP TAPP LT,LAP TAPP RT
FCYSTOSCOPY REMOVE JJ STENT,CYSTOSCOPY REMOVE DJ STENT
VASECTOMY UNDER IV SEDATION,VASECTOMY UNDER IV SEDATION
PERM RT IJV,PERM RT IJV
LAMINECTOMY WITH TUMOR REMOVAL,LAMINECTOMY WITH TUMOR REMOVAL
LT CRANIOTOMY WITH TUMOR REMOVAL,CRANIOTOMY WITH TUMOR REMOVAL
DILATE TIEMAN,DILATE TIEMAN
CYSTO TUR BT,CYSTO TUR BT
T A WITH COBLATOR,T A WITH COBLATOR
VACUUM DRESSING,VACUUM DRESSING
LT CUBITAL AVF,AVF LT CUBITAL
LT HERNIOPLASTY,RT HERNIOPLASTY
LIGASURE HEMORRHOIDECTOMY,LIGASURE HEMORRHOIDECTOMY
LT MASTECTOMY SLNB,LT MASTECTOMY SLNB
REMOVE AVBG,REMOVE AVBG
REMOVE RT DJ STENT,REMOVE RT DJ STENT
TCC LT IJV PALINDROME,TCC LT IJV PALINDROME
SUPERFICIALIZATION LT,SUPERFICIALIZATION
RIGHT MASTECOTMY WITH SLNB,RT MASTECTOMY WITH SLNB
LC OPTIME 2HR,LC OPTIME 2HR
BIOPSY OF MOUTH UNSPECIFIED STRUCTURE,BIOPSY OF MOUTH UNSPECIFIED STRUCTURE
EXCISION OF HYDROCELE OF TUNICA VAGINALIS,EXCISION OF HYDROCELE OF TUNICA VAGINALIS
UNILATERAL EXTENDED SIMPLE MASTECTOMY,UNILATERAL EXTENDED SIMPLE MASTECTOMY
OPEN RIGHT HEPATECTOMY,OPEN RIGHT HEPATECTOMY
ACDF C456 PEEK PLATE,ACDF C5 6 PEEK PLATE
DL BIOPSY,DL BIOPSY
RT HYDROCELECTOMY,RT HYDROCELECTOMY
NAIL EXTRACTION,NAIL EXTRACTION
LT BCT SLNB,LEFT BCT SLNB
VAC DRESSING,VACUUM DRESSING
CORRECTION UPPER LOWER EYELID,CORRECTION UPPER AND LOWER EYELID
CHEMO PORT INSERTION,CHEMO PORT INSERTION
EXCISION BREAST MASS,EXCISION LT BREAST MASS
FIPS,FIPS
DB STSG,DB STSG
LAP RT NEPHRECTOMY,LAP RT NEPHRECTOMY
LOOP PROXIMAL TRANSVERSE COLOSTOMY,LOOP PROXIMAL TRANSVERSE COLOSTOMY
LIGATE AVF,LIGATE AVF
THYROID ABLATION,THYROID ABLATION
LT HYDROCELECTOMY,RT HYDROCELECTOMY
LAP SUBTOTAL COLECTOMY,LAP SUBTOTAL COLECTOMY
REVISE AVF LT CUBITAL,REVISE AVF LT CUBITAL
CLOSED REDUCTION WITH K WIRE FIXATION,CLOSED REDUCTION WITH K WIRE FIXATION
STSG RT LEG,STSG LT LEG
LB,LB
OPEN LEFT ADRENALECTOMY,OPEN LEFT ADRENALECTOMY
DL C BX,DL C BX
SUBOCCIPITAL CRANIOTOMY WITH TUMOR REMOVAL,SUBOCCIPITAL CRANIOTOMY WITH TUMOR REMOVAL
PERMANENT TRACHEOSTOMY,PERMANENT TRACHEOSTOMY
LIGATE AVF RT WRIST,LIGATE AVF RT WRIST
ACDF C4 5,ACDF C4 5
EXCISION OF OTHER PARTS OF MOUTH,EXCISION OF OTHER PARTS OF MOUTH
FEEDING JEJUNOSTOMY,FEEDING JEJUNOSTOMY
LEFT MASTECOTMY WITH SLNB,LEFT MASTECTOMY WITH SLNB
CORRECTION LOWER EYELID,CORRECTION OF EYELID
TOTAL THYROIDECTOMY MEDIAN STERNOTOMY,TOTAL THYROIDECTOMY MEDIAN STERNOTOMY
OFF IVC FILTER,OFF IVC FILTER
LAMINECTOMY C PDS FIXATION L4 5 MIS,LAMINECTOMY C PDS FIXATION L4 5 MIS
CROSSOVER ANGIOPLASTY RT LEG,CROSSOVER ANGIOPLASTY RT LEG
DB VAC DRESSING,DB VAC DRESSING
AVBG LEFT UPPER ARM,AVBG LT UPPER ARM
PERM CATH,PERM CATH
LT MASTECTOMY,LT MASTECTOMY
STSG AT LEFT FOOT,STSG AT LEFT FOOT
REVISE TCC AT LT IJV,REVISE TCC LT IJV
LIGATE AVF LT WRIST,LIGATE AVF RT WRIST
LAPAROSCOPIC AR,LAPAROSCOPIC APR
PROXIMALIZATION,PROXIMALIZATION
PCNL RT,RT PCNL
RT CRANIOTOMY WITH TUMOR REMOVAL,CRANIOTOMY WITH TUMOR REMOVAL
TCC RT IJV UNDER LA,TCC RT IJV UNDER LA
U L EYELID CORRECTION,U L EYELID CORRECTION
OFF TCC RT IJV,OFF TCC RT IJV
CORRCTION UPPER EYELID,CORRECTION UPPER EYELID
CHANGE RT DJ STENT,CHANGE RT DJ STENT
RFA BOTH LEG,RFA BOTH LEG
RIGHT PCNL,RIGHT PCNL
ORCHIOPEXY,ORCHIOPEXY
MRI FUSION TRUX BX,MRI FUSION TRUS BX
BIFRONTAL CRANIOTOMY WITH TUMOR REMOVAL,BIFRONTAL CRANIOTOMY WITH TUMOR REMOVAL
LEFT VP SHUNT,LEFT VP SHUNT
CYSTOSCOPE WITH REMOVE DJ STENT,FLEX CYSTOSCOPY WITH REMOVE DJ STENT
GRAFT THROMBECTOMY WITH BALLOON VENOPLASTY,GRAFT THROMBECTOMY WITH BALLOON VENOPLASTY
REVISE AVF RT CUBITAL,REVISE AVF RT CUBITAL
AVBG LT THIGH,AVBG LT THIGH
RIGHT HERNIOPLASTY,RT HERNIOPLASTY
RFA HEMORRHOIDECTOMY,HEMORRHOIDECTOMY
HEMORRHIODECTOMY,HEMORRHOIDECTOMY
REVISE TCC RT FV,REVISE TCC RT IJV
MICROWAVE ABLATION RIGHT THYROID MASS UNDER LA,MICROWAVE ABLATION RIGHT THYROID MASS UNDER LA
L2 5 LAMINECTOMY WITH PDS FIXATION,LAMINECTOMY WITH PDS FIXATION L4 5
RT MASTECTOMY SLNB,RT MASTECTOMY C SLNB
RT MASTECTOMY WITH ALND,RT MASTECTOMY WITH ALND
ABDOMINAL TOILET CHANGE VAC DRESSING,ABDOMINAL TOILET C VAC DRESSING
OPEN TTD WITH CND,OPEN TTD WITH CND
TRACHEOSTOMY TUBE,TRACHEOSTOMY TUBE
LT LAP TAPP,LAP TAPP RT
TCC INSERTION AT LT IJV,TCC INSERTION AT RT IJV
EXCISION RIGHT BREAST MASS,EXCISION RT BREAST MASS
FISTULOGRAM PTA LT ARM,FISTULOGRAM PTA LT ARM
CLOSED [ENDOSCOPIC] BIOPSY OF ESOPHAGUS,CLOSED [ENDOSCOPIC] BIOPSY OF ESOPHAGUS
RT TB1,RT TB1
LAP DISTAL PANCREATECTOMY,LAP DISTAL PANCREATECTOMY
CYSTOSCOPE DILATE URETHRA,CYSTOSCOPY DILATE URETHRA
CYSTOSOCPE,CYSTOSCOPE
STSG RT FOOT,STSG LT FOOT
CHANGE VACUUM DRESSING C ABDOMINAL TOILET,CHANGE VACUUM DRESSING C ABDOMINAL TOILET
LEFT RETROSIGMOID SOC WITH TUMOR REMOVAL,LEFT RETROSIGMOID SOC WITH TUMOR REMOVAL
CRANIOTOMY C CLOT REMOVAL,CRANIOTOMY C CLOT REMOVAL
HYDROCELECTOMY,RT HYDROCELECTOMY
GASTROSTOMY,GASTROSTOMY
BILATERAL MASTECTOMY WITH SLNB,BILATERAL MASTECTOMY WITH SLNB
MICRODOCHECTOMY OF LEFT BREAST,MICRODOCHECTOMY OF LEFT BREAST
OPEN HERNIOPLASTY LT,OPEN LT HERNIOPLASTY
REVISE COLOSTOMY,REVISE COLOSTOMY
LAMINECTOMY W PDS FIXATION L4 5 MIS,LAMINECTOMY C PDS FIXATION L4 5 MIS
LIGATE AVF TCC RT IJV CENTROS,LIGATE AVF TCC RT IJV CENTROS
SURVEILLANCE FLEXIBLE CYSTOSCOPY,FLEXIBLE CYSTOSCOPY SURVEILLANCE
LT MYRINGOTOMY WITH PE TUBE,LT MYRINGOTOMY WITH PE TUBE
LT BKA,LT BKA
SUR CYSTOSCOPY,SUR CYSTOSCOPY
RF NOSE TONSILLECTOMY BSP,TONSILLECTOMY BSP RF NOSE
OPEN RT RADICAL NEPHRECTOMY,OPEN RT RADICAL NEPHRECTOMY
CRANIECTOMY C TUMOR REMOVAL,CRANIOTOMY C TUMOR REMOVAL
LAMINECTOMY C PDS FIXATION L2 S1,LAMINECTOMY C PDS FIXATION L2345
TCC RT FV,TCC RT FV
REVISE AVF LT WRIST,REVISE AVF LT WRIST
EXCISION LEFT BREAST MASS,EXCISION LT BREAST MASS
RF PALATE LA,RF PALATE LA
LEFT BCT TAD,LEFT BCT TAD
EXCISION BIOPSY,EXCISIONAL BIOPSY
REVISE AVBG LT UPPERARM,REVISE AVBG LT UPPERARM
MRI FUSION TRUS BIOPSY,MRI TRUS FUSION BIOPSY
CYSTOCOPE,CYSTOSCOPE
AVBG LEFT FOREARM,AVBG LT FOREARM
L2 S1 LAMINECTOMY WITH PDS FIXATION,LAMINECTOMY WITH PDS FIXATION L4 5
LAP RT HEMICOLECTOMY,LAP RT HEMICOLECTOMY
SURVEILLANCE FLEXIBLE CYSTO,FLEXIBLE CYSTOSCOPY SURVEILLANCE
EXCISION OF PREAURICULAR SINUS,EXCISION OF PREAURICULAR SINUS
TAE,TAE
LAPAROSCOPIC RHC,LAPAROSCOPIC RHC
BALLOON ANGIOPLASTY STENT,BALLOON ANGIOPLASTY STENT
COLONIC STENT,COLONIC STENT
LIPECTOMY,LIPECTOMY
LIGATE AVF RT CUBITAL,LIGATE AVF LT CUBITAL
INCISION AND DRAINAGE,INCISION AND DRAINAGE
BILATERAL TEP,BILATERAL TEP
LT URS DJ STENT,RT URSL DJ STENT
REMOVE SILICONE,REMOVE SILICONE
URETHRAL DILATATION,URETHRAL DILATION
LT MASTECTOMY C SLNB,LT MASTECTOMY SLNB
DOWNHILL ANGIOPLASTY OF LT LEG,DOWNHILL ANGIOPLASTY OF LT LEG
BALLOON VENOPLASTY STENT,BALLOON VENOPLASTY WITH STENT
OPEN TTD CND,OPEN TTD CND
RT LAP TEP,LT LAP TEP
D L C TELE C BIOPSY,D L C TELE C BIOPSY
ACDF C4 5 6,ACDF C4 5
BIOPSY,BIOPSY
REVISE AVF,REVISE AVF
TRANSANAL BIOPSY,TRANSANAL BIOPSY
OPEN AR,OPEN LAR
LAMINECTOMY C PDS FIXATION L4 5,LAMINECTOMY C PDS FIXATION L4 5 MIS
STRICTUROPLASTY,STRICTUROPLASTY
REVISE TCC AT RT IJV,REVISE TCC RT IJV
LT LOOP FOREARM AVBG,LT FOREARM LOOP AVBG
EXCISION EC,EXCISION EC
SISTRUNK OPERATION,SISTRUNK OPERATION
RT RIRS,RT RIRS
FLEXIBLE CYSTOSCOPY UNDER LA,FLEXIBLE CYSTOSCOPY UNDER LA
TCC AT LT IJV,TCC AT RT IJV
RT BCT C SLNB,RT BCT C SLNB
TRANSSPHENOID APPROACH WITH TUMOR REMOVAL,TRANSSPHENOID APPROACH WITH TUMOR REMOVAL
VENASEAL BOTH LEGS,VENASEAL BOTH LEGS
BILATERAL MYRINGOTOMY PE TUBE,BILATERAL MYRINGOTOMY PE TUBE
ENDOSCOPIC SEPTOPLASTY WITH INFERIOR TURBINOPLASTY,ENDOSCOPIC SEPTOPLASTY WITH INFERIOR TURBINOPLASTY
WIDE EXCISION SCALP FLAP,WIDE EXCISION SCALP FLAP
RIGID CYSTOSCOPY,RIGID CYSTOSCOPY
REVISE TCC RT CFV,REVISE TCC RT IJV
BILATERAL MAMMOREDUCTION,BILATERAL MAMMOREDUCTION
RF PALATE,RF PALATE
FASCIOTOMY,FASCIOTOMY
LAPAROSCOPIC TEP,LAPAROSCOPIC TEP
EXCISION UNDER GA,EXCISION UNDER GA
TCC LT IJV HEMOFLOW,TCC RT IJV HEMOFLOW
VATS RT PLEURAL DRAINAGE,VATS RT PLEURAL DRAINAGE
EXCISION LA,EXCISION LA
SEPTOPLASTY RF NOSE,SEPTOPLASTY RF NOSE
INCISIONAL BX,INCISIONAL BX
BILATERAL BURR HOLE,BILATERAL BURR HOLE
VAT WITH DECORTICATION,VAT WITH DECORTICATION
FLEX CYSTOSCOPE,FLEX CYSTOSCOPE
ACDF C6 7 PEEK PLATE,ACDF C5 6 PEEK PLATE
TONSILLECTOMY ESP RF NOSE,TONSILLECTOMY BSP RF NOSE
CYSTOSCOPY IRRIGATE BLADDER,CYSTOSCOPY IRRIGATE BLADDER
CYSTOSCOPY OFF DJ STENT,CYSTOSCOPY OFF DJ STENT
TRUS BIOPSY OPD CASE,TRUS BIOPSY OPD CASE
AVBG LT ARM,AVBG LT ARM
DIRECT BROW LIFT,DIRECT BROW LIFT
REVISION RT ENDOSCOPIC TYMPANOPLASTY,REVISION RT ENDOSCOPIC TYMPANOPLASTY
VP SHUNT C TRACHEOSTOMY,VP SHUNT C TRACHEOSTOMY
ENDOSCOPIC SEPTOTURBINOPLASTY,ENDOSCOPIC SEPTOTURBINOPLASTY
TCC AT RIGHT IJV,TCC AT RT IJV
LT MMA,LT MMA
ACDF C5 6 DIVA,ACDF C5 6 DIVA
BSP RF NOSE GA,T BSP RF NOSE GA
DLC TO TCC,DLC TO TCC
CLOSURE FISTULA,CLOSURE FISTULA
RT LOBECTOMY,RT LOBECTOMY
2ND STAGE REPAIR,2ND STAGE REPAIR
BILAT URS DJ STENT,BILAT URS DJ STENT
LAMINECTOMY WITH PDS FIXATION L2345,LAMINECTOMY WITH PDS FIXATION L4 5
ACDF C5 6 C6 7,ACDF C5 6 C6 7
OFF DJ STENT UNDER LA,OFF DJ STENT UNDER LA
LT URSL REMOVE DJ STENT,LT URSL REMOVE DJ STENT
BREAST IMPLANT REMOVAL,BREAST IMPLANT REMOVAL
MIS TLIF L45S1,MIS TLIF L45S1
TCC RT EJV LT IJV,TCC RT EJV LT IJV
CYSTOSCOPY THROUGH ARTIFICIAL STOMA,CYSTOSCOPY THROUGH ARTIFICIAL STOMA
UPPER LOWER EYELID CORRECTION,CORRECTION UPPER AND LOWER EYELID
RIGHT RIRS,RIGHT RIRS
LAPROSCOPIC SIGMOIDECTOMY,LAPAROSCOPIC SIGMOIDECTOMY
LT OCCIPITAL CRANIOTOMY C TUMOR REMOVAL,LT OCCIPITAL CRANIOTOMY C TUMOR REMOVAL
CYSTOSCOPY WITH CHANGE DJ STENT,CYSTOSCOPY WITH CHANGE DJ STENT
CYSTOLITHOTOMY,CYSTOLITHOTOMY
LT ENDOSCOPIC ATTICOTOMY,LT ENDOSCOPIC ATTICOTOMY
REVISED AVBG,REVISE AVBG
SEPTOPLASTY RF NOSE GA,SEPTOPLASTY RF NOSE
LT DJ STENT EXCHANGING,DJ STENT EXCHANGING
VENOGRAPHY VENOPLASTY,VENOGRAPHY VENOPLASTY
LT TYMPANOMASTOIDECTOMY,LT TYMPANOMASTOIDECTOMY
EXCISION GA,EXCISION LA
ACDF C3 4 PEEK PLATE,ACDF C5 6 PEEK PLATE
CORE NEEDLE BIOPSY,CORE NEEDLE BIOPSY
ANEURYSMECTOMY REPAIR LT BRACHIAL A,ANEURYSMECTOMY REPAIR LT BRACHIAL A
LAP SIGMOIDECTOMY CLOSURE COLOSTOMY,LAP SIGMOIDECTOMY CLOSURE COLOSTOMY
T A GA POST OP PICU,T A GA POST OP PICU
LT RETROSIGMOID CRANIOTOMY C TUMOR REMOVAL,LT RETROSIGMOID CRANIOTOMY C TUMOR REMOVAL
CYSTOSCOPE OFF DJ STENT,CYSTOSCOPY OFF DJ STENT
DLC > TCC AT RT IJV,DLC > TCC AT RT IJV
ANEURYSMECTOMY LT AVF,ANEURYSMECTOMY LT AVF
RT MODIFIED RADICAL MASTOIDECTOMY,RT MODIFIED RADICAL MASTOIDECTOMY
FISTULOGRAM PTA LT AVF,FISTULOGRAM PTA LT ARM
LOWER EYELID CORRECTURE,LOWER EYELID CORRECTURE
DDKT,DDKT
LAP RHC LC,LAP RHC LC
LAMINECTOMY WITH PDS FIXATION L345 MIS,LAMINECTOMY WITH PDS FIXATION L4 5
BILAT MMA SEPTOTURBINOPLASTY,BILAT MMA SEPTOTURBINOPLASTY
ACDF C4 5 C5 6,ACDF C4 5 C5 6
LC OPTIME 2 HR,LC OPTIME 2HR
EGD COLONOSCPY,EGD COLONOSCOPY
WIDE EXCISION OF RIGHT BREAST,WIDE EXCISION OF RIGHT BREAST
ANEURYSMECTOMY LT,ANEURYSMECTOMY
DOWNHILL ANGIOPLASTY,DOWNHILL ANGIOPLASTY
TK INSERTION UNDER LA WITH MAC,TK INSERTION UNDER LA WITH MAC
LEFT BCT WITH SLNB,LEFT BCT WITH SLNB
EXCISION UNDER LA,EXCISION UNDER GA
BALLOON VENOPALSTY,BALLOON VENOPLASTY
POSTERIOR C1 2 FIXATION,POSTERIOR C1 2 FIXATION
BX,BX
SECOND STAGE REPAIR,SECOND STAGE REPAIR
BREAST REDUCTION,BREAST REDUCTION
RT RFA WITH PHLEBECTOMY,RT RFA WITH PHLEBECTOMY
TCC RT EJV OR DLC TO TCC RT CFV,TCC RT EJV OR DLC TO TCC RT CFV
VABB,VABB
SUBOCCIPITAL CRANIECTOMY WITH TUMOR REMOVAL,SUBOCCIPITAL CRANIOTOMY WITH TUMOR REMOVAL
DOWNHILL ANGIOPLASTY OF RT LEG,DOWNHILL ANGIOPLASTY OF LT LEG
OTHER CRANIOTOMY,OTHER CRANIOTOMY
LEFT CRANIOPLASTY,LEFT CRANIOPLASTY
OPEN RIGHT THYROIDECTOMY,OPEN RT THYROIDECTOMY
LAPAROSCOPIC ERHC,LAPAROSCOPIC ERHC
COMPLETION RIGHT THYROIDECTOMY WITH BILATERAL CENTRAL NECK DISSECTION,COMPLETION RIGHT THYROIDECTOMY WITH BILATERAL CENTRAL NECK DISSECTION
COLONOSCOPY WITH BIOPSY,COLONOSCOPY WITH BIOPSY
AVF AT LT WRIST,AVF LT WRIST
LAP ERHC,LAP ERHC
LASER HEMORRHOIDECTOMY,LIGASURE HEMORRHOIDECTOMY
OPEN LT THYROID LOBECTOMY,LT THYROID LOBECTOMY
CHANGE VACCUMM DRESSING,CHANGE VAC DRESSING
CHANGE VACCUUM DRESSING ABDOMINAL TOILET,CHANGE VACUUM DRESSING C ABDOMINAL TOILET
MICRODOCHECTOMY LT BREAST,MICRODOCHECTOMY OF LEFT BREAST
BILAT TEP,BILAT TEP
CYSTOSCOPY C DJ STENT REMOVAL,CYSTOSCOPY REMOVE DJ STENT
NEEDLE LOCALIZATION EXCISION,NEEDLE LOCALIZATION EXCISION
ACDF C6 7,ACDF C6 7
FISTILOGRAM PTA,FISTULOGRAM PTA
ANGIOGRAM PTA LEFT ARM,ANGIOGRAM PTA LEFT ARM
EGD > LC,EGD > LC
MIS TILF L4 5,MIS TLIF L4 5
MRI FUSION,MRI FUSION
SUBTOTAL COLECTOMY,LAP SUBTOTAL COLECTOMY
KARYDAKIS PROCEDURE,KARYDAKIS PROCEDURE
COLONOSCOPY WITH DILATE ANASTOMOSIS,COLONOSCOPY WITH DILATE ANASTOMOSIS
DLC TO TCC LT IJV OR NEW TCC RT IJV,DLC TO TCC LT IJV OR NEW TCC RT IJV
EGD OPD CASE,EGD OPD CASE
ERCP LC,ERCP LC
RFA HEMORRHOID,RFA HEMORRHOID
CYSTOSCOPE C CLOT REMOVAL,CYSTOSCOPE C CLOT REMOVAL
BILAT ESS SEPTOPLASTY NAVIGATOR,BILAT ESS SEPTOPLASTY NAVIGATOR
ACDF C5 6 C PEEK PLATE,ACDF C5 6 PEEK PLATE
REVISED STUMP,REVISED STUMP
FACE LIFTING,FACE LIFTING
OPEN TOTAL PARATHYROIDECTOMY WITH AUTOTRANSPLANTATION TO RIGHT FOREARM,OPEN TOTAL PARATHYROIDECTOMY WITH AUTOTRANSPLANTATION TO RIGHT FOREARM
OPEN CYSTOLITHOTOMY,OPEN CYSTOLITHOTOMY
LT WRIST AVF,AVF LT WRIST
OPEN ERHC,OPEN ERHC
RIGHT CRANIOTOMY WITH TUMOR REMOVAL,CRANIOTOMY WITH TUMOR REMOVAL
RF PALATE RF NOSE LA ให้ทานยา DIAZEPAM สั่งให้แล้วจาก OPD ก่อน OR,RF PALATE RF NOSE LA ให้ทานยา DIAZEPAM สั่งให้แล้วจาก OPD ก่อน OR
OFF ARCH BAR,OFF ARCH BAR
TRACTOTOMY,TRACTOTOMY
ADENOTONSILLECTOMY,ADENOTONSILLECTOMY
PTA RT,PTA RT
REVISED TCC LT IJV,REVISE TCC LT IJV
RFA OF RT LEG,RFA OF RT LEG
RT FRONTAL EVD,RT FRONTAL EVD
PTA DCB,PTA DCB
TONSILLECTOMY BSP MODIFIED CAPSO,TONSILLECTOMY BSP MODIFIED CAPSO
OFF TCC FISTULOGRAM PTA,OFF TCC FISTULOGRAM PTA
LAMINECTOMY C PDS FIXATION L5 S1,LAMINECTOMY C PDS FIXATION L2345
LIGATE AVBG LT UPPERARM,LIGATE AVBG LT UPPERARM
RT DJ STENT ใช้ FLU,RT DJ STENT ใช้ FLU
LAP RIGHT ADRENALECTOMY,LAP RIGHT ADRENALECTOMY
AVF LT WRIST OR CUBITAL,AVF LT WRIST OR CUBITAL
LAP RADICAL NEPHRECTOMY LT,LAP RADICAL NEPHRECTOMY
RT TB2,RT TB2
OPEN RT HEMICOLECTOMY,OPEN RT HEMICOLECTOMY
LEFT THYROIDECTOMY,LEFT THYROIDECTOMY
VAE OF LEFT BREAST MASS,VAE OF LEFT BREAST MASS
ACDF C4 5 6 7 C PEEK PLATE,ACDF C4 5 6 7 PEEK PLATE
LIPOSUCTION AND LIPOFILLING,LIPOSUCTION AND LIPOFILLING
LEFT CRANIOTOMY C TUMOR REMOVAL,CRANIOTOMY C TUMOR REMOVAL
RT PROGRAMMABLE VP SHUNT,RT PROGRAMMABLE VP SHUNT
L3 5 LAMINECTOMY C PDS FIXATION,LAMINECTOMY C PDS FIXATION L2345
CORRECTION OF UPPER AND LOWER EYELID,CORRECTION UPPER AND LOWER EYELID
SPA LIGATION,SPA LIGATION
RT TONSILLECTOMY,TONSILLECTOMY
EXCISION C RECONSTRUCTION,EXCISION C RECONSTRUCTION
PROPHYLAXIS TRACHEOSTOMY,PROPHYLAXIS TRACHEOSTOMY
MICROWAVE ABLATION,MICROWAVE ABLATION
LEFT CUBITAL AVF,AVF LT CUBITAL
EGD COLONOSCOPY THEN RFA HEMORRHOIDOPLASTY,EGD COLONOSCOPY THEN RFA HEMORRHOIDOPLASTY
TCC RT IJV OR FV CENTROS,TCC RT IJV OR FV CENTROS
REVISED TCC,REVISED TCC
EXCISION STSG,EXCISION STSG
RFA LT LEG,RFA LT LEG
FISTULOGRAM PTA LT WRIST,FISTULOGRAM PTA LT WRIST
VABE,VABE
REVISION BILAT FESS WITH NAVIGATOR,REVISION BILAT FESS WITH NAVIGATOR
LT LAP NEPHRECTOMY,LT LAP NEPHRECTOMY
LT 1ST TOE AMPUTATION,LT 1ST TOE AMPUTATION
RT LOOP FOREARM AVBG,LT FOREARM LOOP AVBG
MODIFIED CAPSO,MODIFIED CAPSO
OPEN BILATERAL HERNIOPLASTY,OPEN BILATERAL HERNIOPLASTY
KIDNEY TRANSPLANTATION,KIDNEY TRANSPLANTATION
URETHRECTOMY,URETHRECTOMY
BILAT ORCHIDECTOMY,BILAT ORCHIDECTOMY
OPEN LEFT THYROID LOBECTOMY,OPEN LEFT THYROID LOBECTOMY
EGD COLNOSCOPY,EGD COLONOSCOPY
LAP VENTRAL RECTOPEXY,LAP VENTRAL RECTOPEXY
COLONOSCOPY WITH HEMORRHOIDECTOMY,COLONOSCOPY WITH HEMORRHOIDECTOMY
RF IT,RF IT
REPAIR INCISIONAL HERNIA,REPAIR INCISIONAL HERNIA
EGD RANDOM BIOPSY,EGD RANDOM BIOPSY
OPEN TOTAL PARATHYROIDECTOMY WITH AUTOTRANSPLANTATION TO RIGHT FOREARM UNDER GA,OPEN TOTAL PARATHYROIDECTOMY WITH AUTOTRANSPLANTATION TO RIGHT FOREARM
PTA LT AVF,PTA LT AVF
TB2 RT ARM,TB2 LT ARM
EGD COLONOSCOPY HEMORRHOIDECTOMY,EGD COLONOSCOPY HEMORRHOIDECTOMY
SUTURE WOUND RT LEG,SUTURE WOUND RT LEG
DEBRIDEMENT RT FOOT,DEBRIDEMENT RT FOOT
VATS PLEURODESIS,VATS PLEURODESIS
TONSILLECTOMY RF NOSE GA,TONSILLECTOMY BSP RF NOSE
OPEN COMPLETION LEFT THYROIDECTOMY,OPEN COMPLETION LEFT THYROIDECTOMY
REVISION LT ENDOSCOPIC TYMPANOPLASTY,REVISION RT ENDOSCOPIC TYMPANOPLASTY
KT,KT
RT BCT WITH SLNB,LEFT BCT WITH SLNB
VATS RUL LOBECTOMY,VATS RUL LOBECTOMY
PALATOPLASTY,PALATOPLASTY
LEFT HERNIORRHAPHY,LEFT HERNIORRHAPHY
RF NOSE PALATE GA,RF NOSE PALATE LA
FISTULOGRAM BALLOON ANGIOPLASTY,FISTULOGRAM BALLOON ANGIOPLASTY
BILATERAL LAP TAPP,BILATERAL LAP TAPP
DLC AT RT IJV,DLC AT RT IJV
MINICRANIOTOMY C CLOT REMOVAL,CRANIOTOMY C CLOT REMOVAL
REMOVE FB,REMOVE FB
VATS LUL LOBECTOMY WITH LN DISSECTION,VATS LUL LOBECTOMY WITH LN DISSECTION
PARTIAL MANDIBULECTOMY,PARTIAL MANDIBULECTOMY
RT ENDOSCOPIC TYMPANOPLASTY TEMPORALIS FASCIA,RT ENDOSCOPIC TYMPANOPLASTY TEMPORALIS FASCIA
TRACHCOSTOMY,TRACHEOSTOMY
EGD C COLONOSCOPY,EGD COLONOSCOPY
PORT A CATH,PORT A CATH
ENDOSCOPIC SEPTOPLASTY WITH RF IT,ENDOSCOPIC SEPTOPLASTY WITH RF IT
LT FESS SEPTOPLASTY,LT FESS SEPTOPLASTY
FLEX CYSTOSCOPY REMOVE DJ STENT,FLEX CYSTOSCOPY WITH REMOVE DJ STENT
LAP RIGHT ADRENALECTOMY OPEN SURGERY,LAP RIGHT ADRENALECTOMY OPEN SURGERY
ORIF WITH PAS WITH MMF,ORIF WITH PAS WITH MMF
TUI BN,TUI BN
FIPS LIS,FIPS LIS
OPEN LAR APR,OPEN LAR APR
TRANSURETHRAL PROSTATECTOMY,TRANSURETHRAL PROSTATECTOMY
BILAT URSL DJ STENT,BILAT URS DJ STENT
SPHINCTEROPLASTY,SPHINCTEROPLASTY
ANEURYSMECTOMY REPAIRED BRACHIAL ARTERY,ANEURYSMECTOMY REPAIRED BRACHIAL ARTERY
LAPAROSCOPIC LT NEPHRECTOMY,LAPAROSCOPIC LT NEPHRECTOMY
PLEUROPERICARDIAL WINDOW,PLEUROPERICARDIAL WINDOW
EGD COLONOSCOOPY,EGD COLONOSCOPY
LT FRONTAL CRANIOTOMY WITH TUMOR REMOVAL,LT FRONTAL CRANIOTOMY WITH TUMOR REMOVAL
AVF LT CUBITAL LIGATE AVF LT WRIST,AVF LT CUBITAL LIGATE AVF LT WRIST
SUBTOTAL MASTECTOMY,SUBTOTAL MASTECTOMY
STSG RIGHT FOOT,STSG RIGHT FOOT
EC EXCISION,EXCISION EC
2ND STAGE PARAFFINOMA,2ND STAGE PARAFFINOMA
SOC C TUMOR REMOVAL,SOC C TUMOR REMOVAL
OPEN LEFT LOWER AND UPPER PARATHYROIDECTOMY UNDER GA,OPEN LEFT LOWER AND UPPER PARATHYROIDECTOMY UNDER GA
CIRCUMCISION ORCHIOPEXY,CIRCUMCISION ORCHIOPEXY
LAP APPENDECTOMY,LAP APPENDECTOMY
OPEN DISTAL PANCREATECTOMY,LAP DISTAL PANCREATECTOMY
UPPER EYELID CORRECTION,CORRECTION UPPER EYELID
VABB UNDER TIVA,VABB UNDER TIVA
FLEX CYSTOSCOPY UNDER LA,FLEXIBLE CYSTOSCOPY UNDER LA
PROXIMALIZATION AVF RT FOREARM,PROXIMALIZATION AVF RT FOREARM
FISTULOGRAM PTA WITH STENT,FISTULOGRAM PTA STENT
EXCISION LIPOMA,EXCISION LIPOMA
BALLOON ANGIOPLASTY AT RT INNOMINATE VEIN,BALLOON ANGIOPLASTY AT RT INNOMINATE VEIN
MICRODOCHECTOMY,MICRODOCHECTOMY
OTHER OPERATIONS ON SALIVARY GLAND OR DUCT,OTHER OPERATIONS ON SALIVARY GLAND OR DUCT
DEBRIDEMENT C VACUUM DRESSING,DEBRIDEMENT C VACUUM DRESSING
RFA BOTH LEGS,RFA BOTH LEG
TCC INSERTION,TK INSERTION
LT MVD,LT MVD
AVF RT CUBITAL LIGATE AVF RT WRIST,AVF LT CUBITAL LIGATE AVF LT WRIST
CHEILOPLASTY,CHEILOPLASTY
BALLOON AGIOPLASTY,BALLOON ANGIOPLASTY
PTA BALLOON VENOPLASTY,BALLOON VENOPLASTY
ENDOSCOPIC SEPTOPLASTY,ENDOSCOPIC SEPTOPLASTY
THROMBECTOMY,THROMBECTOMY
AVF LT,AVF LT
REVISE AVBG LT UPPER ARM,REVISE AVBG LT UPPER ARM
ORIF MANDIBLE MAXILLA,ORIF MANDIBLE MAXILLA
SUBCUTANEOUS MASTECTOMY,SUBCUTANEOUS MASTECTOMY
LT BRACHIOANTECUBITAL AVF,LT BRACHIOANTECUBITAL AVF
PICC LINE INSERTION,PICC LINE INSERTION
TONSILLECTOMY WITH COBLATOR,TONSILLECTOMY WITH COBLATOR
BURR HOLE WITH IRRIGATION,BURR HOLE WITH IRRIGATION
MIS TLIF L 345,MIS TLIF L4 5
MIS TLIF L345,MIS TLIF L45S1
BILATERAL RFA WITH MULTIPLE PHLEBECTOMY,BILATERAL RFA WITH MULTIPLE PHLEBECTOMY
TB1 RT ARM,TB1 RT ARM
FLEX URS BIOPSY,FLEX URS BIOPSY
LIFT LIS,LIFT LIS
CHEMOPORT,CHEMOPORT
LOOP PROXIMAL COLOSTOMY,LOOP PROXIMAL COLOSTOMY
OPEN LEFT HERNIOPLASTY,OPEN LT HERNIOPLASTY
RT HL WITH VS WITH MULTIPLE PHLEBECTOMY,RT HL WITH VS WITH MULTIPLE PHLEBECTOMY
MINI FACE LIFTING,MINI FACE LIFTING
URETHRAL DILATION WITH RIGID CYSTO,URETHRAL DILATION WITH RIGID CYSTO
ENDOSCOPIC ADENOIDECTOMY,ENDOSCOPIC ADENOIDECTOMY
MICROSCOPE MAYFIELD DORO,MICROSCOPE MAYFIELD DORO
LAP RADICAL NEPHRECTOMY RT,LAP RADICAL NEPHRECTOMY
RIGHT MVD,RIGHT MVD
RT FESS SEPTOTURBINOPLASTY,RT FESS SEPTOTURBINOPLASTY
REVISION SCREW L3 5 WITH LAMINECTOMY L3,REVISION SCREW L3 5 WITH LAMINECTOMY L3
TOTAL THYROIDECTOMY C PARATHYROIDECTOMY,TOTAL THYROIDECTOMY C PARATHYROIDECTOMY
RT HIGH ORCHIECTOMY,RT HIGH ORCHIECTOMY
NLE RT BREAST,NLE RT BREAST
CORRECTION OF UPPER EYELID,CORRECTION UPPER EYELID
US GUIDED MICROWAVW ABLATION RIGHT THYROID MASS,US GUIDED MICROWAVW ABLATION RIGHT THYROID MASS
US GUIDED MICROWAVW ABLATION,US GUIDED MICROWAVW ABLATION
SURVIELLANCE EGD COLONOSCOPE,SURVIELLANCE EGD COLONOSCOPE
RT OPEN THYROIDECTOMY,OPEN RT THYROIDECTOMY
LRKT,LRKT
LT LOBECTOMY,RT LOBECTOMY
MICRODOCHECTOMY OF RIGHT BREAST,MICRODOCHECTOMY OF RIGHT BREAST
CHANGE VACUUM,CHANGE VACUUM
WIRE LOCALIZATION WIDE EXCISION OF RIGHT BREAST,WIRE LOCALIZATION WIDE EXCISION OF RIGHT BREAST
RF NOSE TONSILLECTOMY ESP,TONSILLECTOMY BSP RF NOSE
LAP TEP LT,LT LAP TEP
NEEDLE LOCALIZE EXCISION,NEEDLE LOCALIZATION EXCISION
SUBOCCIPITAL CRANIECTOMY C TUMOR REMOVAL,SUBOCCIPITAL CRANIECTOMY C TUMOR REMOVAL
CROSSOVER ANGIOPLASTY,CROSSOVER ANGIOPLASTY
CHANGE DRESSING DEBRIDEMENT,CHANGE DRESSING DEBRIDEMENT
TOTAL TOETVA WITH LN DISSECTION,TOTAL TOETVA WITH LN DISSECTION
TCC RT OR LT IJV CENTROS,TCC RT OR LT IJV CENTROS
RT FESS,RT FESS
OPEN RIGHT THYROIDECTOMY WITH ISTHMECTOMY,OPEN RIGHT THYROIDECTOMY WITH ISTHMECTOMY
LAMINECTOMY WITH PDS FIXATION L1 5,LAMINECTOMY WITH PDS FIXATION L4 5
FLEXIBLE CYSTOSCOPY C DJ STENT REMOVAL,FLEXIBLE CYSTOSCOPY C DJ STENT REMOVAL
RT OPEN HERNIOPLASTY,OPEN RT HERNIOPLASTY
RESUTURE,RESUTURE
OPEN HEMORRHOIDECTOMY,OPEN HEMORRHOIDECTOMY
OPEN TOTAL THYROIDECTOMY WITH PROPHYLACTIC BILATERAL CENTRAL NECK DISSECTION,OPEN TOTAL THYROIDECTOMY WITH PROPHYLACTIC BILATERAL CENTRAL NECK DISSECTION
PERITONEAL WINDOW,PERITONEAL WINDOW
U L EYELID CORRECTURE,U L EYELID CORRECTURE
1ST STAGE EXCISION PARAFFINOMA นอกเวลา,1ST STAGE EXCISION PARAFFINOMA นอกเวลา
LAMINECTOMY C PDS FIXATION L2 5,LAMINECTOMY C PDS FIXATION L2345
LT SUBOCCIPITAL CRANIOTOMY C MICROVASCULAR DECOMPRESSION,LT SUBOCCIPITAL CRANIOTOMY C MICROVASCULAR DECOMPRESSION
CORRECTION U L EYELID,U L EYELID CORRECTION
WIDE EXCISION LOCAL FLAP,WIDE EXCISION SCALP FLAP
OPEN LEFT THYROIDECTOMY AND ISTHMECTOMY,OPEN LEFT THYROIDECTOMY AND ISTHMECTOMY
COLONOSCOPY EGD COLONOSCOPY,COLONOSCOPY EGD COLONOSCOPY
CIRCUMCISION UNDER TIVA,CIRCUMCISION UNDER TIVA
CLOSED [PERCUTANEOUS] [NEEDLE] BIOPSY OF PROSTATE,CLOSED [PERCUTANEOUS] [NEEDLE] BIOPSY OF PROSTATE
CYSTOSCOPY TUF,CYSTOSCOPY TUF
VATS RT DECORTICATE,VATS RT DECORTICATE
LC OPTIME1 5H,LC OPTIME1 5H
PP WINDOW,PP WINDOW
FULL FACE LIFT,FULL FACE LIFT
OPEN RT HERNIOPLASTY OPTIME1 5HR,OPEN RT HERNIOPLASTY OPTIME1 5HR
THROMBECTOMY FISTULOGRAM PTA,THROMBECTOMY FISTULOGRAM PTA
EXCISION L8,EXCISION LA
CHANGE DJ STENT,CHANGE RT DJ STENT
CRANIECTOMY WITH TUMOR REMOVAL,CRANIOTOMY WITH TUMOR REMOVAL
ENDOSCOPIC EXCISION LA,ENDOSCOPIC EXCISION LA
LIPOFILLING OF LEFT BREAST,LIPOFILLING OF LEFT BREAST
RT URSL ใช้ FLU,RT URSL ใช้ FLU
REMOVE BREAST IMPLANT,BREAST IMPLANT REMOVAL
FISTULOGRAM BALLOON VENOPLASTY,FISTULOGRAM BALLOON VENOPLASTY
CYSTOSCOPE WITH OFF DJ STENT,CYSTOSCOPE WITH OFF DJ STENT
SUTURE,SUTURE
EN BLOC RESECTION,EN BLOC RESECTION
ORIF,ORIF
CLOSED HEMORRHOIDECTOMY,CLOSED HEMORRHOIDECTOMY
FOL OFF TUBE TRACHEOSTOMY,FOL OFF TUBE TRACHEOSTOMY
TUR TUF BLADDER TUMOR,TUR TUF BLADDER TUMOR
LEFT DJ STENT,LEFT DJ STENT
BILATERAL HL WITH VS WITH MULTIPLE PHLEBECTOMY,BILATERAL HL WITH VS WITH MULTIPLE PHLEBECTOMY
INGUINAL ORCHIECTOMY,INGUINAL ORCHIECTOMY
BILAT FESS WITH MICRODEBRIDER,BILAT FESS WITH MICRODEBRIDER
REVISE AVBG BALLOON ANGIOPLASTY,REVISE AVBG BALLOON ANGIOPLASTY
RT FRONTAL CRANIOTOMY C TUMOR REMOVAL,RT FRONTAL CRANIOTOMY C TUMOR REMOVAL
REMOVE IVC FILTER,REMOVE IVC FILTER
LAMINECTOMY W PDS FIXATION L2345,LAMINECTOMY C PDS FIXATION L2345
FULL FACE LIFTING,FULL FACE LIFT
MRI FUSION PROSTATE BX,MRI FUSION PROSTATE BX
ANAL FISTULECTOMY,ANAL FISTULECTOMY
MASS REMOVAL,MASS REMOVAL
LAP EXTENDED RHC,LAP EXTENDED RHC
PTA LT ARM,PTA LT ARM
DJ STENT,DJ STENT
CLOSED [NEEDLE] BIOPSY OF SALIVARY GLAND OR DUCT,CLOSED [NEEDLE] BIOPSY OF SALIVARY GLAND OR DUCT
LAP RADICAL LT NEPHRECTOMY,LAP RADICAL NEPHRECTOMY
ACDF C3 6,ACDF C5 6
RT ENDOSCOPIC T PLASTY LA,RT ENDOSCOPIC T PLASTY LA
DOWNHILL BALLOON ANGIOPLASTY RT LEG,DOWNHILL BALLOON ANGIOPLASTY RT LEG
TRUS MRI FUSION BIOPSY,MRI TRUS FUSION BIOPSY
OPEN SISTRUNK OPERATION,OPEN SISTRUNK OPERATION
DEBRIDEMENT LT FOOT,DEBRIDEMENT RT FOOT
LAP ADRENALECTOMY LT,LAP LEFT ADRENALECTOMY
OPEN GASTROTOMY,OPEN GASTROSTOMY
LEFT MASTECTOMY SLNB,LT MASTECTOMY SLNB
RIGHT MASTECTOMY,RIGHT MASTECTOMY
RE TURBT,RE TURBT
LT URETEROSTOMY EXCHANGING,URETEROSTOMY EXCHANGING
DJ STENT REMOVAL UNDER IV SEDATION,DJ STENT REMOVAL UNDER IV SEDATION
CHANGE LT DJ STENT แบบปี,CHANGE LT DJ STENT แบบปี
LEFT HERNIOPLASTY,LEFT CRANIOPLASTY
LAMINECTOMY C PDS FIXATION L345,LAMINECTOMY C PDS FIXATION L2345
I AND D,I AND D
CYSTOSCOPE TUR BT,CYSTOSCOPE TUR BT
REZUM นอกเวลา,REZUM นอกเวลา
CLOSED [ENDOSCOPIC] BIOPSY OF LARYNX,CLOSED [ENDOSCOPIC] BIOPSY OF LARYNX
INCISION OF MOUTH UNSPECIFIED STRUCTURE,INCISION OF MOUTH UNSPECIFIED STRUCTURE
CORRECTION EYELID,CORRECTION OF EYELID
RT VP SHUNT OFF EVD,RT VP SHUNT OFF EVD
CYSTO OFF DJ,CYSTO OFF DJ
ACDF C3 4 C4 5,ACDF C3 4 C4 5
COLONOSCOPY EGD,EGD COLONOSCOPY
LAMINECTOMY W PDS FIXATION L 2345,LAMINECTOMY WITH PDS FIXATION L4 5
RADICAL NECK DISSECTION UNILATERAL,RADICAL NECK DISSECTION UNILATERAL
RT THYROIDECTOMY,LEFT THYROIDECTOMY
DEBRIDEMENT BONE NIPPING,DEBRIDEMENT BONE NIPPING
BILATERAL NSM WITH IMPLANT RECONSTRUCTION,BILATERAL NSM WITH IMPLANT RECONSTRUCTION
TRANSPHENOID APPROACH C TUMOR REMOVAL,TRANSSPHENOID APPROACH WITH TUMOR REMOVAL
RT FRONTAL VP SHUNT,RT FRONTAL VP SHUNT
LAMINECTOMY WITH PDS FIXATION L3 4 5,LAMINECTOMY WITH PDS FIXATION L4 5
RIGHT BCT ALND,RIGHT BCT ALND
EGD COLONOSCOPY SURVEILLANCE,SURVIELLANCE EGD COLONOSCOPE
DL C BIOPSY,DL BIOPSY
COMPLETION LEFT TOETVA,COMPLETION LEFT TOETVA
OTHER EXCISION OF MOUTH,OTHER EXCISION OF MOUTH
PENILE BIOPSY,PENILE BIOPSY
RE EL,RE EL
AMPUTATION RT 2ND TOE,AMPUTATION RT 2ND TOE
COMPLETE THYROIDECTOMY RT,COMPLETE THYROIDECTOMY
UB LB,UB LB
LAMINECTOMY WITH PDS FIXATION L345S1,LAMINECTOMY WITH PDS FIXATION L4 5
LAP PARTIAL NEPHRECTOMY,LAP PARTIAL NEPHRECTOMY
LASER VC,LASER VC
DOUBLE DJ STENT,DOUBLE DJ STENT
LAP APR,LAP AR
RIGID CYSTOSCOPE,RIGID CYSTOSCOPY
T11 L3 PDS FIXATION,T11 L3 PDS FIXATION
RE TUR BT,RE TUR BT
REPAIR OF HYPOSPADIAS OR EPISPADIAS,REPAIR OF HYPOSPADIAS OR EPISPADIAS
URSL DJ STENT,RT URSL DJ STENT
MWA BOTH LOBE,MWA BOTH LOBE
PROXIMALIZATION AVF LT FOREARM,PROXIMALIZATION AVF RT FOREARM
LEFT MASTECTOMY WITH SNLB,LEFT MASTECTOMY WITH SLNB
PTA WITH STENT,PTA WITH STENT
OTHER INCISION WITH DRAINAGE OF SKIN AND SUBCUTANEOUS TISSUE,OTHER INCISION WITH DRAINAGE OF SKIN AND SUBCUTANEOUS TISSUE
THROMBECTOMY WITH FISTULOGRAM,THROMBECTOMY WITH FISTULOGRAM
WIDE EXCISION C FROZEN SECTION C NASOLABIAL FLAP COVERAGE,WIDE EXCISION C FROZEN SECTION C NASOLABIAL FLAP COVERAGE
CENTRAL QUANDRANTECTOMY,CENTRAL QUANDRANTECTOMY
RFA HEMORRHOIDOPEXY,RFA HEMORRHOIDOPEXY
RIGHT MASTECTOMY SLNB,RIGHT MASTECTOMY SLNB
REMOVAL OF IMPLANT OF BREAST,BREAST IMPLANT REMOVAL
THROMBECTOMY FISTULOGRAM LT AVBG,THROMBECTOMY FISTULOGRAM LT AVBG
INCISION BIOPSY,INCISION BIOPSY
IRRIGATE WOUND,IRRIGATE WOUND
BILAT FESS SEPTOPLASTY NAVIGATOR,BILAT ESS SEPTOPLASTY NAVIGATOR
RIGHT CENTRAL QUANDRANTECTOMY WITH SLNB,RIGHT CENTRAL QUANDRANTECTOMY WITH SLNB
BALLOON ANGIOPLASTY WITH STENT,BALLOON ANGIOPLASTY STENT
DEBRIDEMENT LT LEG,DEBRIDEMENT RT LEG
TCC RT FV CENTROS,TCC RT IJV CENTROS
TRANSSPHENOID APPROACH C TUMOR REMOVAL,TRANSSPHENOID APPROACH WITH TUMOR REMOVAL
REVISE TCC LT FV CENTROS,REVISE TCC LT FV CENTROS
LAPAROSCOPIC STC,LAPAROSCOPIC STC
LAPAROSCOPIC PERITONEAL WINDOW,LAPAROSCOPIC PERITONEAL WINDOW
BIOPSY OF SKIN AND SUBCUTANEOUS TISSUE,BIOPSY OF SKIN AND SUBCUTANEOUS TISSUE
LEFT MRM,LEFT MRM
SIGMOIDECTOMY,SIGMOIDECTOMY
S6 RESECTION,S6 RESECTION
TRUSBX,TRUSBX
LAP NEPHRECTOMY,LAP RT NEPHRECTOMY
RT BKA,RT BKA
PROXIMAL TRANSVERSE COLOSTOMY,LOOP PROXIMAL TRANSVERSE COLOSTOMY
LT FEMORAL ANGIOGRAM,LT FEMORAL ANGIOGRAM
LC IOC,LC IOC
EGD COLOSCOPY,EGD COLONOSCOPY
RADICAL NEPHRECTOMY RT,OPEN RT RADICAL NEPHRECTOMY
REVISE TCC,REVISED TCC
LT RADIOCEPHALIC AVF [SNUFFBOX],LT RADIOCEPHALIC AVF [SNUFFBOX]
LEFT BCT ALND,LEFT BCT ALND
REMOVE TK,REMOVE TK
ACDF C4 6,ACDF C5 6
RT BB TRANSPOSITION,LT BB TRANSPOSITION
FISTULGORAM PTA,FISTULOGRAM PTA
EXCISION OF HEMORRHOIDS,EXCISION OF HEMORRHOIDS
LAMINECTOMY C PDS FIXATION,LAMINECTOMY C PDS FIXATION L2345
IVC FILTER,IVC FILTER
EGD BX,EGD BX
PERM CATH RT IJV,PERM CATH RT IJV
ANEURYSMECTOMY WITH TCC RT IJV,ANEURYSMECTOMY WITH TCC RT IJV
FOREFOOT AMPUTATION,FOREFOOT AMPUTATION
LAMINECTOMY WITH PDS FIXATION L3 4,LAMINECTOMY WITH PDS FIXATION L4 5
RT RADICAL ORCHIECTOMY,RT RADICAL ORCHIECTOMY
EGD COLONO LIS,EGD COLONO LIS
DLC TO TCC LT IJV VENOGRAM,DLC TO TCC LT IJV VENOGRAM
L4 5 LAMINECTOMY WITH DISCECTOMY PDS FIXATION TLIF,L4 5 LAMINECTOMY WITH DISCECTOMY PDS FIXATION TLIF
FIBER OPTIC BRONCHOSCOPY,FIBER OPTIC BRONCHOSCOPY
LIGATE AVF LT BRANCH *2,LIGATE AVF LT BRANCH *2
REMOVE TCC RT IJV UNDER LA,REMOVE TCC RT IJV UNDER LA
RIGHT PARIETAL CRANIOTOMY WITH TUMOR REMOVAL UNDER NAV,RIGHT PARIETAL CRANIOTOMY WITH TUMOR REMOVAL UNDER NAV
CLOSURE TRACHEOSTOMY LA ADMIT POST OP,CLOSURE TRACHEOSTOMY LA ADMIT POST OP
FISTULOTOMY FIP,FISTULOTOMY FIP
STAB AVULSION LT LOWER LEG,STAB AVULSION LT LOWER LEG
SUPERFICIALIZATION LT AVF,SUPERFICIALIZATION LT AVF
ABDOMINAL TOILET VAC DRESSING,ABDOMINAL TOILET C VAC DRESSING
ANEURYSMECTOMY TCC LT IJV HEMOFLOW,ANEURYSMECTOMY TCC LT IJV HEMOFLOW
LAP ENUECLEATION RK,LAP ENUECLEATION RK
TRACHEOSCOPY THROUGH ARTIFICIAL STOMA,TRACHEOSCOPY THROUGH ARTIFICIAL STOMA
RFA HEMMORRHOID,RFA HEMORRHOID
URETERIC CATH LAR OC,URETERIC CATH LAR OC
LT UPPERARM LOOP AVBG,LT UPPERARM LOOP AVBG
LEFT VP SHUNT WITH OFF EVD,LEFT VP SHUNT WITH OFF EVD
LT RADIOCEPHALIC AVF [PROXIMALIZATION],LT RADIOCEPHALIC AVF [PROXIMALIZATION]
OPEN LAR CYSTECTOMY ILEAL CONDUIT S3 SACRECTOMY PERINEAL RESECTION,OPEN LAR CYSTECTOMY ILEAL CONDUIT S3 SACRECTOMY PERINEAL RESECTION
BILATERAL RFA WITH RT PHLEBECTOMY,BILATERAL RFA WITH RT PHLEBECTOMY
ANEURYSMECTOMY REMOVE AVBG LT ARM,ANEURYSMECTOMY REMOVE AVBG LT ARM
OPEN LHC WITH DJ STENT INSERTION,OPEN LHC WITH DJ STENT INSERTION
RT RADIOCEPHALIC AVF [ AVBG LT FOREARM],RT RADIOCEPHALIC AVF [ AVBG LT FOREARM]
EXPLORE RIGHT GROIN WITH LIGATE FISTULA,EXPLORE RIGHT GROIN WITH LIGATE FISTULA
FISTUOGRAM PTA,FISTULOGRAM PTA
HL WITH VS LT LEG,HL WITH VS LT LEG
DRAIN HEMATOMA REPAIR VESSEL,DRAIN HEMATOMA REPAIR VESSEL
MIS L4 S1 LAMINECTOMY WITH PDS FIXATION,MIS L4 S1 LAMINECTOMY WITH PDS FIXATION
ACDF C4 5 C1 2 POSTERIOR FIXATION LAMINECTOMY C4 5,ACDF C4 5 C1 2 POSTERIOR FIXATION LAMINECTOMY C4 5
LAMINECTOMY WITH PDS FIXATION L2 3,LAMINECTOMY WITH PDS FIXATION L4 5
BALLOON VENOPLASTY STENT WITH TCC INSERTION,BALLOON VENOPLASTY STENT WITH TCC INSERTION
CYSTOSCOPY REMOVE DJ,CYSTOSCOPY REMOVE DJ
RFA LT LEG WITH PHLEBECTOMY,RFA LT LEG WITH PHLEBECTOMY
RIGHT HL WITH VS WITJ PHLEBECTOMY,RIGHT HL WITH VS WITJ PHLEBECTOMY
MICROWAVE ABLATION UNDER GA,MICROWAVE ABLATION UNDER LA
MICRODISCECTOMY L5 S1,MICRODISCECTOMY L5 S1
OPEN SIGMOIDECTOMY SIMULTANEOU SWEDGE LIVER S5 6 7,OPEN SIGMOIDECTOMY SIMULTANEOU SWEDGE LIVER S5 6 7
SIGMOIDECTOMY CLOSURE COLOSTOMY,LAP SIGMOIDECTOMY CLOSURE COLOSTOMY
MICROWAVE ABLATION AT RIGHT THYROID MASS,MICROWAVE ABLATION RIGHT THYROID MASS UNDER LA
TPS L4 5 WITH LAMINECTOMY L4 5 UNDER NAVIGATION,TPS L4 5 WITH LAMINECTOMY L4 5 UNDER NAVIGATION
ACDF C4 5 6 7 PEEK AND PLATE,ACDF C4 5 6 7 PEEK PLATE
REMOVED FB AND DEBRIDEMENT,REMOVED FB AND DEBRIDEMENT
MICROWAVE ABLATION LEFT THYROID MASS UNDER LA,MICROWAVE ABLATION LEFT THYROID MASS UNDER LA
INCISION AND DRAIN,INCISION AND DRAINAGE
RIGHT BCT TAD,RIGHT BCT TAD
EXCISION SUTURE,EXCISION SUTURE
SECOND LOOK C CHANGE VACC GASTROJEJUNOSTOMY,SECOND LOOK C CHANGE VACC GASTROJEJUNOSTOMY
BALLOON ANGIOPLASTY RT BASILLIC V,BALLOON ANGIOPLASTY RT BASILLIC V
TK INSERTION ',TK INSERTION
LEFT PROPHYLAXIS MASTECTOMY,LEFT PROPHYLAXIS MASTECTOMY
GASTRO COLONOSCPE,GASTRO COLONOSCOPE
LIPOFILLING LT BREAST,LIPOFILLING LT BREAST
CYSTOSCOPY WITH LT RP,CYSTOSCOPY WITH LT RP
CLOSE HARTMANN STUMP WITH REPAIRED HERNIA,CLOSE HARTMANN STUMP WITH REPAIRED HERNIA
ABDOMINAL TOILET CHANGE VAC RETENTION SUTURE,ABDOMINAL TOILET CHANGE VAC RETENTION SUTURE
EXCISION MASS AT PENIA C CIRCUMCISION,EXCISION MASS AT PENIA C CIRCUMCISION
CYSTOSCOPY OPEN CYSTOSTOMY,CYSTOSCOPY OPEN CYSTOSTOMY
TPS L3 5 WITH LAMINECTOMY L3 5,TPS L3 5 WITH LAMINECTOMY L3 5
EVAR RT IIA EMBOLIZATION,EVAR RT IIA EMBOLIZATION
LT HIGH LIGATION WITH VENOUS STRIPPING WITH PHLEBECTOMY,LT HIGH LIGATION WITH VENOUS STRIPPING WITH PHLEBECTOMY
REVISE TCC LT EJV,REVISE TCC LT IJV
VENOGRAM WITH REVISE TCC RT IJV RT CFV,VENOGRAM WITH REVISE TCC RT IJV RT CFV
FISTULOGRAM PTA RT CUBITAL,FISTULOGRAM PTA RT CUBITAL
MIS L3 4 L4 5 LAMINECTOMY WITH PDS FIXATION,LAMINECTOMY WITH PDS FIXATION L4 5
AVF RT WRIST LIGATE AVF LT WRIST,AVF RT WRIST LIGATE AVF LT WRIST
FLEXIBLE URSL LASER,FLEXIBLE URSL LASER
FISTULOGRAM LT ARM,FISTULOGRAM PTA LT ARM
REVISED TCC AT LEFT IJV,REVISED TCC AT LEFT IJV
OPEN THORACOTOMY WITH DECORTICATE RIGHT LUNG,OPEN THORACOTOMY WITH DECORTICATE RIGHT LUNG
LEFT SUPERFICIAL TOTAL PAROTIDECTOMY,LEFT SUPERFICIAL TOTAL PAROTIDECTOMY
VATS WEDGE RERSECTION OF RUL,VATS WEDGE RERSECTION OF RUL
LC PEG GASTROSTOMY CHANGE TRACHEOSTOMY,LC PEG GASTROSTOMY CHANGE TRACHEOSTOMY
WEDGE LIVER S8,WEDGE LIVER S8
ACDF C3 4 4 5 5 6 WITH PLATE SCREW FIXATION,ACDF C3 4 4 5 5 6 WITH PLATE SCREW FIXATION
EXCISIONAL DB SUTURE,EXCISIONAL DB SUTURE
OPEN TTD PARATHYROID ATX,OPEN TTD PARATHYROID ATX
OPEN LEFT SUBSTERNAL THYROID RESECTION WITH LEFT THYROID LOBECTOMY AND ISTHMECTOMY,OPEN LEFT SUBSTERNAL THYROID RESECTION WITH LEFT THYROID LOBECTOMY AND ISTHMECTOMY
ACDF C4 5 5 6,ACDF C4 5 5 6
LT HIGH LIGATION WITH VENOUS STRIPPING WITH PHELBECTOMY,LT HIGH LIGATION WITH VENOUS STRIPPING WITH PHLEBECTOMY
REVISE AVF LT ARM,REVISE AVF LT ARM
OPEN TTD WITH TRACHEA RESECTION WITH TRACHEOSTOMY WITH THERAPEUTIC LEFT CND WITH PROPHYLAXIS RT CND WITH BILATERAL THERAPEUTIC MRND,OPEN TTD WITH TRACHEA RESECTION WITH TRACHEOSTOMY WITH THERAPEUTIC LEFT CND WITH PROPHYLAXIS RT CND WITH BILATERAL THERAPEUTIC MRND
CHEMOPORT INSERTION UNDER LA,CHEMOPORT INSERTION UNDER LA
VAT REPAIR AIR LEAK,VAT REPAIR AIR LEAK
REMOVE FB AT SCALP,REMOVE FB AT SCALP
ACDF WITH PEEK AND PLATE SCREW C5 6 7,ACDF WITH PEEK AND PLATE SCREW C5 6 7
OPEN CHOLECYTECTOMY,OPEN CHOLECYSTECTOMY
LIPOSUCTION EXCISION BOTH BREAST,LIPOSUCTION EXCISION BOTH BREAST
ACDF C$ 5 LAMINECTOMY,ACDF C$ 5 LAMINECTOMY
LAMINECTOMY C PDS FIXATION L3 4 5 S1,LAMINECTOMY C PDS FIXATION L3 4 5 S1
BILAT ORCHIDOPLEXY,BILAT ORCHIDOPLEXY
LAMINECTOMY C PDS FIXATION L3 L5,LAMINECTOMY C PDS FIXATION L2345
LAMINECTOMY C DISSECTOMY C PDS FIXATION L3 4 5,LAMINECTOMY C DISSECTOMY C PDS FIXATION L3 4 5
LAINECTOMY W PDS FIXATION L 2345,LAINECTOMY W PDS FIXATION L 2345
OPEN SEGMENT 4 RESECTION DROP COLOSTOMY,OPEN SEGMENT 4 RESECTION DROP COLOSTOMY
1 CLOSED REDUCTION NASAL BONE 2 ORIF WITH K WIRE FIXATION,1 CLOSED REDUCTION NASAL BONE 2 ORIF WITH K WIRE FIXATION
LASOR VC,LASOR VC
ACDF C456,ACDF C456
VATS DECORTICATE LEFT LUNG,VATS DECORTICATE LEFT LUNG
BILATERAL LOWER BLEPHAROPLASTY,BILATERAL LOWER BLEPHAROPLASTY
TRUS = BX,TRUS = BX
BONE RESECTION,BONE RESECTION
RT BURR HOLE C IRRIGATION,BURR HOLE WITH IRRIGATION
ENDOSCOPIC FAT PLUG MYRINGOPLASTY,ENDOSCOPIC FAT PLUG MYRINGOPLASTY
REMOVE NASAL PACKING STOP BLEEDING SPA LIGATION,REMOVE NASAL PACKING STOP BLEEDING SPA LIGATION
EXCISIONAL DEBRIDEMENT LT HAND,EXCISIONAL DEBRIDEMENT LT HAND
T BSP RF NOSE,T BSP RF NOSE GA
REMOVE PROSTHESIS NOSE,REMOVE PROSTHESIS NOSE
CLOSURETEF,CLOSURETEF
LAMINECTOMY C PDS L2 3 L3 4 L4 5,LAMINECTOMY C PDS L2 3 L3 4 L4 5
LAPAROSCOPIC URETEROLITHOTOMY,LAPAROSCOPIC URETEROLITHOTOMY
RIGHT MASTECTOMY SLNB WITH BILATERAL IMPLANT RECONSTRUCTION,RIGHT MASTECTOMY SLNB WITH BILATERAL IMPLANT RECONSTRUCTION
ERCP REMOVE PS,ERCP REMOVE PS
DRAINAGE LEFT BREAST,DRAINAGE LEFT BREAST
LEFT NIPPLE SPARING MASTECOMY SLNB DUAL TRACER RIGHT PROPHYLAXIS MASTECTOMY WITH IMMEDIATE IMPLANT RECONSTRUCTION,LEFT NIPPLE SPARING MASTECOMY SLNB DUAL TRACER RIGHT PROPHYLAXIS MASTECTOMY WITH IMMEDIATE IMPLANT RECONSTRUCTION
LT FIFTH TOE AMPUTATION,LT FIFTH TOE AMPUTATION
CYSTOSCOPY TUR BT,CYSTOSCOPE TUR BT
FLEXIBLE CYSTOSCOPY TU F,FLEXIBLE CYSTOSCOPY
VACUUM ASSISTED BREAST EXCISION OF RIGHT BREAST,VACUUM ASSISTED BREAST EXCISION OF RIGHT BREAST
BILAT PCN,BILAT PCN
VACUUM ASSITED EXCISION,VACUUM ASSITED EXCISION
FLEXIBLE URSL DJ STENT,FLEXIBLE URSL DJ STENT
SUBOCCIPITAL CRANIECTOMY WITH TUMOR REMOVAL WITH VENTRICULOSTOMY,SUBOCCIPITAL CRANIECTOMY WITH TUMOR REMOVAL WITH VENTRICULOSTOMY
OPEN COMPLETION RIGHT THYROIDECTOMY WITH NIMS,OPEN COMPLETION RIGHT THYROIDECTOMY WITH NIMS
LEFT TOTAL MASTECTOMY SLNB,LEFT TOTAL MASTECTOMY SLNB
SUTURE WOUND AT ABDOMINAL WALL,SUTURE WOUND AT ABDOMINAL WALL
VENOUS STRIPPING STAB AVULSION RT LEG,VENOUS STRIPPING STAB AVULSION RT LEG
OPEN RIGHT SUBSTERNAL THYROIDECTOMY WITH ISTHMECTOMY,OPEN RIGHT THYROIDECTOMY WITH ISTHMECTOMY
FISTULOGRAM WITH PTA,FISTULOGRAM WITH PTA
NLE WITH SLNB BOTH BREAST,NLE WITH SLNB BOTH BREAST
RT CFA ENDARTERECTOMY WITH DOWNHILL ANGIOPLASTY RT LEG,RT CFA ENDARTERECTOMY WITH DOWNHILL ANGIOPLASTY RT LEG
EXCISION R6 7,EXCISION R6 7
REMOVE GRAFT LT AVBG UNDER BRACHIAL PLEXUS BLOCK,REMOVE GRAFT LT AVBG UNDER BRACHIAL PLEXUS BLOCK
1 TRACHEOSTOMY 2 ORIF WITH PAS WITH MMF,1 TRACHEOSTOMY 2 ORIF WITH PAS WITH MMF
EL WITH SECOND LOOK OPERATION,EL WITH SECOND LOOK OPERATION
RIRS RT REDO,RIRS RT REDO
REMOVE TCC,REMOVE TCC
DRESSING STSG AND CHANGE VAC DRESSING,DRESSING STSG AND CHANGE VAC DRESSING
T BSP PARTIAL UVULECTOMY RF NOSE GA,T BSP PARTIAL UVULECTOMY RF NOSE GA
EXCISION UNDER BB,EXCISION UNDER BB
WIDE EXCISION SKIN GRAFT,WIDE EXCISION SKIN GRAFT
DB C STSG,DB C STSG
CYSTOSCOPE WITH RT DJ STENT INSERTION,CYSTOSCOPE WITH RT DJ STENT INSERTION
SCROTAL EXPLORATION HYDROCELECTOMY,SCROTAL EXPLORATION HYDROCELECTOMY
LT ENDOSCOPIC MARSUPIALIZATION,LT ENDOSCOPIC MARSUPIALIZATION
CIRCUMCISION FRENULECTOMY,CIRCUMCISION FRENULECTOMY
TUR P CYSTOLITHOTRIPSY,TUR P CYSTOLITHOTRIPSY
D L C MICRO CO2 LASER,D L C MICRO CO2 LASER
VATS DECORTICATE RIGHT LUNG,VATS DECORTICATE RIGHT LUNG
DLC AT FV,DLC AT FV
ENDOSCOPIC POLYPECTOMY WITH MICRODEBRIDER,ENDOSCOPIC POLYPECTOMY WITH MICRODEBRIDER
HALFMOON SHEATH WITH FOLEY INSERTION,HALFMOON SHEATH WITH FOLEY INSERTION
TRUS BX BILAT ORCHIDECTOMY,TRUS BX BILAT ORCHIDECTOMY
ANEURYSMECTOMY RT ARM,ANEURYSMECTOMY RT ARM
RFIT UNDER LA,RFIT UNDER LA
RIGID CYSTO DILATION UNDER IV SEDATION,RIGID CYSTO DILATION UNDER IV SEDATION
TURP HOLEP WITH LASER VC,TURP HOLEP WITH LASER VC
RIGID CYTO TUR URETHRAL DILATION UNDER IV SEDATION,RIGID CYTO TUR URETHRAL DILATION UNDER IV SEDATION
CYSTOSCOPY UNDER LOCAL,CYSTOSCOPY UNDER LA
CYSTOSCOPY TURBT UNDER GA,CYSTOSCOPY TURBT UNDER GA
EL SMALL BOWEL RESECTION REVISE OSTOMY,EL SMALL BOWEL RESECTION REVISE OSTOMY
INSERT U CATH UNDER LOCAL,INSERT U CATH UNDER LOCAL
LT URS L WITH DJ STENT,LT URS L WITH DJ STENT
MICRO DL C EXCISION,MICRO DL C EXCISION
LT FESS NAVIGATOR,LT FESS NAVIGATOR
DEBRIDEMENT SKIN GRAFT,DEBRIDEMENT SKIN GRAFT
TRACHEOSTOMY UNDER LA C NEAR TOTAL GLOSSECTOMY C BILAT ND C LT PMM FLAP,TRACHEOSTOMY UNDER LA C NEAR TOTAL GLOSSECTOMY C BILAT ND C LT PMM FLAP
SPHENOIDOTOMY,SPHENOIDOTOMY
RF NOSE LA ให้ทานยา DIAZEPAM สั่งให้แล้วจาก OPD ก่อน OR,RF PALATE RF NOSE LA ให้ทานยา DIAZEPAM สั่งให้แล้วจาก OPD ก่อน OR
VATS RML LOBECTOMY WITH LYMPH NODE DISSECTION,VATS RML LOBECTOMY WITH LYMPH NODE DISSECTION
LT TYMPANOMASTOIDECTOMY FACIAL NIMS,LT TYMPANOMASTOIDECTOMY FACIAL NIMS
RT PARTIAL MASTECTOMY,RT PARTIAL MASTECTOMY
LAP ENUCLEATION RT AML,LAP ENUCLEATION RT AML
SURGICAL DRAINAGE AT LEFT NECK,SURGICAL DRAINAGE AT LEFT NECK
WIDE EXCISION MASS RT EAR PINNA,WIDE EXCISION MASS RT EAR PINNA
RT OSSICULOPLASTY INCUS INTERPOSITION GA,RT OSSICULOPLASTY INCUS INTERPOSITION GA
WIDE EXCISION WITH SENTINEL LYMPH NODE BIOPSY,WIDE EXCISION WITH SENTINEL LYMPH NODE BIOPSY
EXCISION MASS AT LT THIGH AND RT EAR,EXCISION MASS AT LT THIGH AND RT EAR
SHAVE BX,SHAVE BX
CROSSOVER ANGIOPLASTY RIGHT LEG,CROSSOVER ANGIOPLASTY RT LEG
HIGH LIGATION WITH VENOUS STRIPPING LT LEG,HIGH LIGATION WITH VENOUS STRIPPING LT LEG
STUMP CLOSURE,STUMP CLOSURE
CORECTION UPPER EYELID,CORRECTION UPPER EYELID
WIDE EXCISION WITH SKIN GRAFT RT LEG,WIDE EXCISION WITH SKIN GRAFT RT LEG
AVF RT WRIST AVBG RT FOREARM,AVF RT WRIST AVBG RT FOREARM
U L CORRECTURE,U L CORRECTURE
TUMOR REMOVAL RT HAND UNDER MICROSCOPE,TUMOR REMOVAL RT HAND UNDER MICROSCOPE
VAE R3,VAE R3
MIS L4 5 LAMINECTOMY C PDS,MIS L4 5 LAMINECTOMY C PDS
LAP LAR OSTOMY,LAP LAR OSTOMY
HEMORRHOIDECOTMY,HEMORRHOIDECTOMY
ACDF C3 4 4 5,ACDF C3 4 4 5
LAMINECTOMY L3 4 WITH NERVE ROOT DECOMPRESSION,LAMINECTOMY L3 4 WITH NERVE ROOT DECOMPRESSION
LAMINECTOMY C PDS FIXATION T11 L5,LAMINECTOMY C PDS FIXATION L2345
STA AND ANEURYSMAL LIGATION,STA AND ANEURYSMAL LIGATION
LAMINECTOMY PDS L3 4 4 5,LAMINECTOMY PDS L3 4 4 5
EVD,EVD
REZUM ON FOLEY ต่อ 3 เดือน,REZUM ON FOLEY ต่อ 3 เดือน
BILATERAL CRANIOTOMY WITH RMOVE CLOT,BILATERAL CRANIOTOMY WITH RMOVE CLOT
LT MMA SEPTOPLASTY,LT MMA SEPTOPLASTY
LT ENDOSCOPIC FAT PLUG MYRINGOPLASTY,ENDOSCOPIC FAT PLUG MYRINGOPLASTY
TUI BN UNDER IV SEDATION,TUI BN UNDER IV SEDATION
CLOSURE OF FISTULA OF LARYNX,CLOSURE OF FISTULA OF LARYNX
BILAT ESS WITH SEPTOPLASTY,BILAT ESS WITH SEPTOPLASTY
RETAINED U CATH,RETAINED U CATH
LT DJ STENT EXCHANGING UNDER IV SEDATION,LT DJ STENT EXCHANGING UNDER IV SEDATION
POWERED SEPTOTURBINOPLASTY,POWERED SEPTOTURBINOPLASTY
TTD,TTD
CLOSED [NEEDLE] BIOPSY OF TONGUE,CLOSED [NEEDLE] BIOPSY OF TONGUE
WIDE EXCISION WITH FLAP COVERY,WIDE EXCISION WITH FLAP COVERY
CORRECTURE LOWER EYE,LOWER EYELID CORRECTURE
CORRECTURE OF EYELID,LOWER EYELID CORRECTURE
CORRECTION UPPER OF EYELID,CORRECTION UPPER EYELID
ORIF C PS C K WIRE RT HAND,ORIF C PS C K WIRE RT HAND
FLEXIBLE URETEROSCOPE,FLEXIBLE URETEROSCOPE
EXCISION *4 POINT,EXCISION *4 POINT
SUBCUTANEOUS MASTECTOMY BREAST AUGMENTATION,SUBCUTANEOUS MASTECTOMY BREAST AUGMENTATION
MRI FUSION C BX,MRI FUSION BX
KIDNEY TRANSPLANT,KIDNEY TRANSPLANT
OPEN TOTAL PARATHYROIDECTOMY WITH ATX TO LEFT FOREARM,OPEN TOTAL PARATHYROIDECTOMY WITH ATX TO LEFT FOREARM
EL RESECTION,EL RESECTION
VACCUMM DRESSING,VACUUM DRESSING
OPEN TOTAL THYRIODECTOMY WITH RT MRND WITH BILATERAL CND,OPEN TOTAL THYRIODECTOMY WITH RT MRND WITH BILATERAL CND
RIGHT NIPPLE EXCISION,RIGHT NIPPLE EXCISION
RIGHT TSSM WITH LIPOFILLING,RIGHT TSSM WITH LIPOFILLING
AVBG RT FOREARM STENOSIS CEPHALIC VEIN,AVBG RT FOREARM STENOSIS CEPHALIC VEIN
APR,APR
NLE LEFT BREAST,NLE LEFT BREAST
LEFT MASTECTOMY C SLNB,LT MASTECTOMY SLNB
EXPLORE WOUND WITH RESUTURE,EXPLORE WOUND WITH RESUTURE
BILATERAL TOTAL MASTECTOMY WITH BLATERAL IMPLANT,BILATERAL TOTAL MASTECTOMY WITH BLATERAL IMPLANT
ANAL FISTULA,ANAL FISTULA
MIS L345 LAMINECTOMY C PDS FIXATION,LAMINECTOMY C PDS FIXATION L4 5 MIS
LT BCT SLNB MCW LICAP RECONSTRUCTION RT BRAST MASS EXCISION MAMMOPLASTY,LT BCT SLNB MCW LICAP RECONSTRUCTION RT BRAST MASS EXCISION MAMMOPLASTY
1 MICRODOCHECTOMY OF RIGHT BREAST 2 WIRE LOCALZATION WIDE EXCISION OF LEFT BREAST,1 MICRODOCHECTOMY OF RIGHT BREAST 2 WIRE LOCALZATION WIDE EXCISION OF LEFT BREAST
TB1,TB1
LAPAROSCOPIC LAR WITH CAA WITH LT HEMICOLECTOMY WITH PROTECTIVE OSTOMY,LAPAROSCOPIC LAR WITH CAA WITH LT HEMICOLECTOMY WITH PROTECTIVE OSTOMY
OPEN RHC REPAIR DUODENUM,OPEN RHC REPAIR DUODENUM
BILAT BURR HOLE C IRRIGATION,BILAT BURR HOLE C IRRIGATION
REDU RT BURRHOLE IRRIGATION,REDU RT BURRHOLE IRRIGATION
LT BURRHOLE C IRRIGATION,LT BURRHOLE C IRRIGATION
ACDF C4 5 5 6 WITH PLATE AND SCREW FIXATION,ACDF C3 4 4 5 5 6 WITH PLATE SCREW FIXATION
ACDF C3 4 C4 5 C5 6 WITH PLATE SCREW FIXATION,ACDF C3 4 4 5 5 6 WITH PLATE SCREW FIXATION
MIS TLIF L45,MIS TLIF L45S1
LEFT CLINOIDECTOMY WITH TUMOR REMOVAL,LEFT CLINOIDECTOMY WITH TUMOR REMOVAL
LAMINECTOMY C1 2 C TUMOR REMOVAL,LAMINECTOMY C1 2 C TUMOR REMOVAL
RIGHT FRONTAL VP SHUNT,RT FRONTAL VP SHUNT
TOTAL PELVIC ECENTERATION WITH ILEAL CONDUIT,TOTAL PELVIC ECENTERATION WITH ILEAL CONDUIT
TRANANAL EXCISION,TRANSANAL EXCISION
OPEN LAR WITH LT NEPHRECTOMY,OPEN LAR WITH LT NEPHRECTOMY
ABDOMINAL TOILET WITH CHANGE VAC DRESSING,ABDOMINAL TOILET WITH CHANGE VAC DRESSING
LAPAROSCOPIC LAR DLC LC,LAPAROSCOPIC LAR DLC LC
CHEMORPORT INSERTION,CHEMOPORT INSERTION
ORIF C PLATE AND SCREW RT ZYGOMA,ORIF C PLATE AND SCREW RT ZYGOMA
EGD COLONOSCOOY,EGD COLONOSCOPY
OPEN LAR WEDGE LIVER S6 8,OPEN LAR WEDGE LIVER S6 8
BALLOON VENOPLASTY OF CENTRAL VEIN,BALLOON VENOPLASTY OF CENTRAL VEIN
LIGATION AVF LT CUBITAL,LIGATE AVF LT CUBITAL
BALLOON VENOPLASTY AT LT AVF,BALLOON VENOPLASTY AT LT AVF
REPAIR FRONTAL NERVE,REPAIR FRONTAL NERVE
DB WITH STSG,DB WITH STSG
AVF LT FOREARM มี FIBROSIS CEPHALIC VEIN ตรง JUNCTION,AVF LT FOREARM มี FIBROSIS CEPHALIC VEIN ตรง JUNCTION
REMOVE PROSTESIS AND CORRECTION,REMOVE PROSTESIS AND CORRECTION
FISTULOGTRAM PTA,FISTULOGRAM PTA
ENUCLEATION,ENUCLEATION
OPEN BX,OPEN BX
CLOSE REDUCTION NASAL BONE,CLOSE REDUCTION NASAL BONE
REVISE AVF SUPERFICIALIZATION,REVISE AVF SUPERFICIALIZATION
DL C TELE C BIOPSY C TRACHEOSTOMY,DL C TELE C BIOPSY C TRACHEOSTOMY
REVISION SX NAVIGATOR FROZEN SECTION,REVISION SX NAVIGATOR FROZEN SECTION
FISTULOGRAM RT,FISTULOGRAM PTA
REVISED AVBG C THROMBECTOMY,REVISED AVBG C THROMBECTOMY
ARTERIOVENOSTOMY FOR RENAL DIALYSIS,ARTERIOVENOSTOMY FOR RENAL DIALYSIS
T BSP PARTIAL UVULECTOMY GA,T BSP PARTIAL UVULECTOMY GA
RIGHT NECK MASS EXCISION UNDER LA,RIGHT NECK MASS EXCISION UNDER LA
RT MARSUPIALIZATION LEFT FRONTAL SINUSOTOSMY,RT MARSUPIALIZATION LEFT FRONTAL SINUSOTOSMY
REVISION BILAT FESS WITH NAVIGATOR MICRODEBRIDER,BILAT FESS WITH MICRODEBRIDER WITH NAVIGATOR
OFF RT CHEMOPORT,OFF RT CHEMOPORT
FRONTAL OSTEOTOMY,FRONTAL OSTEOTOMY
COLLECTION,COLLECTION
INFERIOR ORBITAL WALL RECONSTRUCTION C TITATNIUM MESH,INFERIOR ORBITAL WALL RECONSTRUCTION C TITATNIUM MESH
CYSTOSCOPY FLEXIBLE URETEROSCOPY CHANGE RT DJ STENT,CYSTOSCOPY FLEXIBLE URETEROSCOPY CHANGE RT DJ STENT
LT FLEXIBLE URSL,LT FLEXIBLE URSL
TUI BN TUI P,TUI BN TUI P
RT FLEXIBLE URSL DJ STENT,FLEXIBLE URSL DJ STENT
VASECTOMY UNDER IV SEDATRION,VASECTOMY UNDER IV SEDATION
CYSTOSCOPY IRRIGATE BLADDER TUF,CYSTOSCOPY IRRIGATE BLADDER
BILATERAL RIRS,BILATERAL RIRS
CYSTO DILATE S CURGVE,CYSTO DILATE S CURGVE
2ND STAGE PARRRAFINIOMA,2ND STAGE PARAFFINOMA
CIRCUMCISION EXCISION ELECTROCAUTERIZATION,CIRCUMCISION EXCISION ELECTROCAUTERIZATION
ORIF C P S RT ZYGOMA BOTH MAXILLAE MANDIBLE C RT ORBITAL FLOOR RECONSTRUCTION C 3D MESH PLATE WITH ARCH BAR IMF WITH PRIMARY WOUND CLOSURE,ORIF C P S RT ZYGOMA BOTH MAXILLAE MANDIBLE C RT ORBITAL FLOOR RECONSTRUCTION C 3D MESH PLATE WITH ARCH BAR IMF WITH PRIMARY WOUND CLOSURE
VY FLAP ON THUMB,VY FLAP ON THUMB
CIRCUMCISION UNDER LA,CIRCUMCISION UNDER TIVA
RT URS UNDER GA,RT URS UNDER GA
CYSTOSCOPE WITH DJ STENT INSERTION,CYSTOSCOPE WITH RT DJ STENT INSERTION
INCISIONAL URETHROTOMY,INCISIONAL URETHROTOMY
TURP C URETHRAL DILATION,TURP C URETHRAL DILATION
TUF TURP,TUF TURP
CYSTOSCOPY URETHRAL DILATION,CYSTOSCOPY DILATE URETHRA
FRENULECTOMY,FRENULECTOMY
TUR BT GA,TUR BT GA
CYSTOSCOPY RETAINED FOLEY CATH,CYSTOSCOPY RETAINED FOLEY CATH
FULL FACE LIFT NECK LIFT FACIAL FAT GRAFT DIRECT BROW LIFT,FULL FACE LIFT NECK LIFT FACIAL FAT GRAFT DIRECT BROW LIFT
DEBRIDEMENT ABDOMINAL CLOSURE,DEBRIDEMENT ABDOMINAL CLOSURE
WIDE EXCISION FLAP COVERAGE,WIDE EXCISION FLAP COVERAGE
CYSTOSCOPY WITH RT DJ INSERTION,CYSTOSCOPE WITH RT DJ STENT INSERTION
EXCISION RIGHT SCROTAL MASS,EXCISION RIGHT SCROTAL MASS
TRACHEOSTOMY C D L C BIOPSY LT BASE OF TONGUE,TRACHEOSTOMY C D L C BIOPSY LT BASE OF TONGUE
OTHER EXCISION OF SOFT TISSUE,OTHER EXCISION OF SOFT TISSUE
WIRE LOCALIZATION EXCISION,WIRE LOCALIZATION WIDE EXCISION
COMPLETE LARYNGECTOMY,COMPLETE LARYNGECTOMY
TB ได้ ANTI TB> 2 WK HX ARDS,TB ได้ ANTI TB> 2 WK HX ARDS
OPEN SEGMENTECTOMY S6 8,OPEN SEGMENTECTOMY S6 8
UNILATERAL THYROID LOBECTOMY LT,UNILATERAL THYROID LOBECTOMY
LAPAROSCOPIC EXTENDED RT HEMICOLECTOMY,LAPAROSCOPIC EXTENDED RT HEMICOLECTOMY
REMOVE BILATERAL IMPLANTS AXILLARY LN EXCISION WITH RE IMPLANTATION,REMOVE BILATERAL IMPLANTS AXILLARY LN EXCISION WITH RE IMPLANTATION
ENDOSCOPIC SEPTOPLASTY WITH TURBINOPLASTY,ENDOSCOPIC SEPTOPLASTY WITH INFERIOR TURBINOPLASTY
CHANGE VAC ABDOMINAL TOILET WITH RETENTION SUTURE,ABDOMINAL TOILET CHANGE VAC RETENTION SUTURE
WIDE EXCISION MASS ON RIGHT CHEEK WITH FREE FALP COVERAGE ALT,WIDE EXCISION MASS ON RIGHT CHEEK WITH FREE FALP COVERAGE ALT
SCAR REVISION,REVISION SCAR
TEMPORAL BROW LIFT,TEMPORAL BROW LIFT
LEFT TOEPVA,LEFT TOETVA
WHIPPLE PROCEDURE,WHIPPLE PROCEDURE
GROIN NODE DISECTION,GROIN NODE DISECTION
LIFTING,LIFTING
OPEN SEGMENTECTOMY S4B 5,OPEN SEGMENTECTOMY S6 8
CORRECTION UPPER LIP,CORRECTION UPPER EYELID
BONE GRAFT,BONE GRAFT
OPEN RIGHT TRISECTIONECTOMY CAUDATE LOBECTOMY PV RESECTION WITH RECONSTRUCTION BILE DUCT RESECTION LYMPHNODE DISSECTION ROU EN Y HEPATICOJEJUNOSTOMY,OPEN RIGHT TRISECTIONECTOMY CAUDATE LOBECTOMY PV RESECTION WITH RECONSTRUCTION BILE DUCT RESECTION LYMPHNODE DISSECTION ROU EN Y HEPATICOJEJUNOSTOMY
LOWER LIP REVISION,LOWER LIP REVISION
SHAVE EXCISION,SHAVE EXCISION
UPPER EYEYLID CORRECTION,CORRECTION UPPER EYELID
TEMPORAL LIFT,TEMPORAL LIFT
FITULOGRAM PTA,FISTULOGRAM PTA
WIDE EXCISION C LOCAL FLAP UNDER GA,WIDE EXCISION C LOCAL FLAP UNDER GA
EL C REPAIR LEST URETER,EL C REPAIR LEST URETER
BILATERAL HL VS NO STAB,BILATERAL HL VS NO STAB
EXCISIONAL DEBRIDEMENT WOUND SUTURE,EXCISIONAL DEBRIDEMENT WOUND SUTURE
EGD BIOPSY,EGD BIOPSY
NIP BONE SUTURE WOUND,NIP BONE SUTURE WOUND
REWIDE EXCISION,WIDE EXCISION
ABDOMINAL TOILRT C CHANGE VAC DRESSING,CHANGE VACUUM DRESSING C ABDOMINAL TOILET
OPEN RIGHT THYROIDECTOMY WITH ISTHMECTOMY CND,OPEN RIGHT THYROIDECTOMY WITH ISTHMECTOMY
EGD REMOVE,EGD REMOVE
RIGHT VAE,RIGHT VAE
LATERAL MASS SCREW C LAMINECTOMY C4 5 6,LATERAL MASS SCREW C LAMINECTOMY C4 5 6
BIFRONTAL CRANIOTOMY C TUMOT REMOVAL,BIFRONTAL CRANIOTOMY WITH TUMOR REMOVAL
GASTRO CLONOSCOPE,GASTRO COLONOSCOPE
ABDOMINAL TOILET WITH GJ TEMPORARY CLOSURE,ABDOMINAL TOILET WITH GJ TEMPORARY CLOSURE
L1 5 LAMINECTOMY C PDS FIXATION,LAMINECTOMY C PDS FIXATION L4 5 MIS
MIF TLIF L 4 5,MIF TLIF L 4 5
TONSILLECTOMY GA POST OP SICU จองเมื่อ 10 10 2566 พี่พยบ ณัฐกฤตา รับทราบ,TONSILLECTOMY GA POST OP SICU จองเมื่อ 10 10 2566 พี่พยบ ณัฐกฤตา รับทราบ
SUPINE MAYFILED MICROSCOPE NAVIGATOR SORING,SUPINE MAYFILED MICROSCOPE NAVIGATOR SORING
MICRODOCHECTOMY OF RIGHT NIPPLE,MICRODOCHECTOMY OF RIGHT NIPPLE
RIGHT MASTECOTMY WITH SLNB LEFT PROPHYLAXIS MASTECTOMY,RIGHT MASTECOTMY WITH SLNB LEFT PROPHYLAXIS MASTECTOMY
RECRANIOTOMY C TUMOR REMOVAL,CRANIOTOMY C TUMOR REMOVAL
LAMINECTOMY W PDS FIXATION L45 S1 MIS,MIS L4 S1 LAMINECTOMY WITH PDS FIXATION
SURGICAL DRAINAGE,SURGICAL DRAINAGE
SISTRUNK OPEARTION,SISTRUNK OPERATION
EXCISION MASS AT PINNA,EXCISION MASS AT PINNA
SECOND REPAIR,SECOND REPAIR
DL BX CHANGE TUBE,DL BX CHANGE TUBE
BILATERAL SKIN REDUCING MASTECTOMY WITH IMPLANT RECONSTURCTION DTI,BILATERAL SKIN REDUCING MASTECTOMY WITH IMPLANT RECONSTURCTION DTI
ENDOSCOPIC BX RT NASAL,ENDOSCOPIC BX RT NASAL
LAPAROSCOPIC BILATERAL OOPHORECTOMY,LAPAROSCOPIC BILATERAL OOPHORECTOMY
ADENOIDECTOMY UNDER COBLATOR NASAL ENDOSCOPIC RF NOSE GA,ADENOIDECTOMY UNDER COBLATOR NASAL ENDOSCOPIC RF NOSE GA
DELAYED IMPLANT RECONSTRUCTION PF LEFT BREAST,DELAYED IMPLANT RECONSTRUCTION PF LEFT BREAST
REVISION TCC RT IJV,REVISE TCC RT IJV
RT BIG TOE AMPUTATION WITH DEBRIDEMENT,RT BIG TOE AMPUTATION WITH DEBRIDEMENT
AMPUTATION RIGHT GREAT TOE DB LEFT HEEL,AMPUTATION RIGHT GREAT TOE DB LEFT HEEL
TCC LT IJV RT CFV,TCC RT EJV LT IJV
TCC RT IJV DLC RT IJV,TCC RT IJV DLC RT IJV
CHANGE VACUUM DRESSING WITH DEBRIDEMENT,CHANGE VACUUM DRESSING WITH DEBRIDEMENT
RFA BOTH LEGS FOAM SCLEROSING,RFA BOTH LEGS FOAM SCLEROSING
AVBG RT FOREARM UNDER LA,AVBG RT FOREARM UNDER LA
DLC AT LT IJV,DLC AT RT IJV
ANGIOGRAM PTA,ANGIOGRAM PTA
AVBG AT LT FOREARM UNDER BPB,AVBG AT LT FOREARM UNDER BPB
TCC LT SCV UNDER LA C MAC,TCC LT SCV UNDER LA C MAC
REVISED STUMP AND SUTURE RT FOOT,REVISED STUMP AND SUTURE RT FOOT
REMOVE LT AVBG,REMOVE AVBG
FLEXIBLE CYSTOSCOPY TRUS BIOPSY,FLEXIBLE CYSTOSCOPY TRUS BIOPSY
SUPERFICIALIZATION FISTULOGRAM,SUPERFICIALIZATION FISTULOGRAM
TCC RT IJV EJV VENOGRAM FV,TCC RT IJV EJV VENOGRAM FV
OPEN RIB RESECTION WITH RECONSTRUCTION WITH PLATE AND SCREW,OPEN RIB RESECTION WITH RECONSTRUCTION WITH PLATE AND SCREW
NEEDLE LOCALIZED EXCISIONAL BIOPSY AT SEGMENTAL CALCIFICATION RT LIQ,NEEDLE LOCALIZED EXCISIONAL BIOPSY AT SEGMENTAL CALCIFICATION RT LIQ
OPEN THORACOTOMY WITH PLEURAL DRAINAGE RT LUNG,OPEN THORACOTOMY WITH PLEURAL DRAINAGE RT LUNG
FISTULOGRAM PTA BALLOON UNDER LA,FISTULOGRAM PTA BALLOON UNDER LA
FISTULOGRAM STENT,FISTULOGRAM PTA STENT
OPEN WEDGE LIVER S6,OPEN WEDGE LIVER S6
OC WEDGE LIVER SEGMENT 4B 5,OC WEDGE LIVER SEGMENT 4B 5
GASTROSCYSTOSCOPY,GASTROSCYSTOSCOPY
AVF LT WRIST LIGATE AVF LT CUBITAL,AVF LT CUBITAL LIGATE AVF LT WRIST
WIDE EXCISION UMBILLICAL MASS,WIDE EXCISION UMBILLICAL MASS
OFF PERM CATH,OFF PERM CATH
HL VENOUS STRIPPING STAB AVULSION BOTH LEGS,HL VENOUS STRIPPING STAB AVULSION BOTH LEGS
TCCRT ORLT IJV,TCCRT ORLT IJV
SEGMETAL GRAFT RESECTION WITH AVF LT CUBITAL,SEGMETAL GRAFT RESECTION WITH AVF LT CUBITAL
RIGID CYSTOSCOPY C URETHRAL DILATION,RIGID CYSTOSCOPY C URETHRAL DILATION
FISTULOGRAM PTA WITH STENT EVERFLEX 8 9 MM,FISTULOGRAM PTA WITH STENT EVERFLEX 8 9 MM
LT DJ STENT PLACEMENT,LT DJ STENT PLACEMENT
LT ORCHIECTOMY INGUINAL APPROACH,LT ORCHIECTOMY INGUINAL APPROACH
RT DJ ATENT REMOVAL,RT DJ ATENT REMOVAL
REZUM UNDER IV SEDATION,REZUM UNDER IV SEDATION
TCC RT EJV CFV,TCC RT EJV CFV
CYSTOSCOPTY,FCYSTOSCOPY
DJ STENT EXCHANGING UNDER IV SEDATION,LT DJ STENT EXCHANGING UNDER IV SEDATION
FLEXIBLE URS,FLEXIBLE URS
OFF DJ STENT LT,OFF DJ STENT
DJ STENT REMOVEL,DJ STENT REMOVAL
KISSING STENT BOTH CIA C RT EIA AND RT SFA PTA BALLOON ANGIOPLASTY STENT,KISSING STENT BOTH CIA C RT EIA AND RT SFA PTA BALLOON ANGIOPLASTY STENT
TCC INSERTION AT RT EJV,TCC INSERTION AT RT IJV
MRI FUSTION TRUX BX,MRI FUSION TRUS BX
LASER VC WITH TURP,LASER VC WITH TURP
FLEX CYSTOSCOPY BX URINE AFB,FLEX CYSTOSCOPY BX URINE AFB
FLEX CYSTOSCOPY EC,FLEX CYSTOSCOPE
BILATERAL HL C VENOUS STRIPPING C MULTIPLE PHLEBECTOMY,BILATERAL HL C VENOUS STRIPPING C MULTIPLE PHLEBECTOMY
COLONOSCOPY CLOSURE ILEOSTOMY,COLONOSCOPY CLOSURE ILEOSTOMY
EXCISION FISTULOTOMY,EXCISION FISTULOTOMY
BALLOON VENOPLASTY REMOVE TCC,BALLOON VENOPLASTY REMOVE TCC
FISTOLOTOMY,FISTULOTOMY
EL CLOSURE ILEOSTOMY,EL CLOSURE ILEOSTOMY
RT HL WITH VS LT RFA WITH MULTIPLE PHLEBECTOMY,RT HL WITH VS WITH MULTIPLE PHLEBECTOMY
CHEMOPORT INSERTION RT,CHEMOPORT INSERTION
RAY AMPUTATION AND DEBRIDEMENT,RAY AMPUTATION AND DEBRIDEMENT
RT CAROTID STENTING,RT CAROTID STENTING
CHANGE BILAT DJ STENE ใช้ FLU,CHANGE BILAT DJ STENE ใช้ FLU
VENOGRAM REVISED TCC LT IJV TCC RT IJV,VENOGRAM REVISED TCC LT IJV TCC RT IJV
OPEN RHINOPLASTY TO CORRECT DEFORMITY USING RIB GRAFT,OPEN RHINOPLASTY TO CORRECT DEFORMITY USING RIB GRAFT
AVF LT CUBITAL AVBG LT UPPER ARM,AVF LT CUBITAL AVBG LT UPPER ARM
BKA RT LEG,BKA RT LEG
LT SPJ LIGATION STAB AVULSION LEFT LEG,LT SPJ LIGATION STAB AVULSION LEFT LEG
SEGMENTAL GRAFT RESECTION WITH INTERPOSITION AVBG LT FOREARM,SEGMENTAL GRAFT RESECTION WITH INTERPOSITION AVBG LT FOREARM
PERICARDIAL WINDOW,PERICARDIAL WINDOW
OSTEOTOMY LOCAL,OSTEOTOMY LOCAL
VATS WITH LOBECTOMY RT LUNG,VATS WITH LOBECTOMY RT LUNG
RT VATS WITH LUNG BIOPSY,RT VATS WITH LUNG BIOPSY
VATS C WEDGE EXCISION BILATERAL PULMONARY NODULE,VATS C WEDGE EXCISION BILATERAL PULMONARY NODULE
RT VATS WITH SURGICAL PLEURODESIS BLEBECTOMY,RT VATS WITH SURGICAL PLEURODESIS BLEBECTOMY
VATS WITH MINITHORACOTOMY,VATS WITH MINITHORACOTOMY
SKINGRAFT DRONOR FORM LEFT THIGH,SKINGRAFT DRONOR FORM LEFT THIGH
REVISION BILAT FESS WITH MICRODEBRIDER AND NAVIGATOR,REVISION BILAT FESS WITH MICRODEBRIDER AND NAVIGATOR
SEPTOPLASTY RF NOSE PARTIAL UVULECTOMY GA,SEPTOPLASTY RF NOSE PARTIAL UVULECTOMY GA
EXCISION AT R3,EXCISION AT R3
CHANGE VACUUM DRESSING WITH ABD TOILET,ABDOMINAL TOILET WITH CHANGE VAC DRESSING
EGD UNDER LA WITH MAC,EGD UNDER LA WITH MAC
OC IOC,OC IOC
BHC,BHC
OPEN RIGHT HERNIOPLASTY WITH MESH GRAFT,OPEN RIGHT HERNIOPLASTY WITH MESH GRAFT
REVISED PE TUBE UNDER MICROSCOPY,REVISED PE TUBE UNDER MICROSCOPY
NASAL TELE OFF PACKING CAUTERY,NASAL TELE OFF PACKING CAUTERY
RT BCT SLNB UNDER GA,RT BCT SLNB UNDER GA
DL EXCISION,DL EXCISION
OPEN COMPLETION LEFT THYROIDECTOMY WITH CENTRAL LN DISSECTION,OPEN COMPLETION LEFT THYROIDECTOMY WITH CENTRAL LN DISSECTION
WIRE LOCALIZATION OF RIGHT BREAST MASS EXCISION EXCISION LIPOMA OF LEFT BREAST,WIRE LOCALIZATION OF RIGHT BREAST MASS EXCISION EXCISION LIPOMA OF LEFT BREAST
EXCISION DEBRIDEMENT,EXCISIONAL DEBRIDEMENT
CYSTOSCOPE WITH CLOT REMOVAL,CYSTOSCOPE WITH CLOT REMOVAL
DEBRIDEMENT RIGHT HAND FLAP COVERAGE STSG,DEBRIDEMENT RIGHT HAND FLAP COVERAGE STSG
EGD COLOSNOSCOPY,EGD COLONOSCOPY
TUMOR DEBULKING,TUMOR DEBULKING
HEMORROIDECTOMY,HEMORRHOIDECTOMY
SIGMOIDECTOMY WITH CLOSURE COLOSTOMY,SIGMOIDECTOMY WITH CLOSURE COLOSTOMY
DB REDUCTION KWIRE FIXATION TENDON REPAIR,DB REDUCTION KWIRE FIXATION TENDON REPAIR
CORRECTURE UPPER EYELID BROW LIFT,CORRECTURE UPPER EYELID BROW LIFT
OPEN AR WITH TAH AND BSO WITH SMALL BOWEL RESECTION WEDGE BLADDER,OPEN AR WITH TAH AND BSO WITH SMALL BOWEL RESECTION WEDGE BLADDER
DEBRIDEMENT WITH PTSG FROM LT GROIN WITH K WIRE FIXATION,DEBRIDEMENT WITH PTSG FROM LT GROIN WITH K WIRE FIXATION
CORRECTION UPPER EYELID AND FORHEAD LIFTING,CORRECTION UPPER EYELID AND FORHEAD LIFTING
WIDE EXCISION WITH LOCAL FLAP,WIDE EXCISION WITH LOCAL FLAP
BALLOON VENOPLASTY WITH STENTING,BALLOON VENOPLASTY WITH STENT
DLC LT IJV C OFF TK UNDER LA,DLC LT IJV C OFF TK UNDER LA
CROSSOVER BALLOON ANGIOPLASTY LT LEG,CROSSOVER BALLOON ANGIOPLASTY LT LEG
SUBCU EXCISION,SUBCU EXCISION
TCC LT IJV OR FV CENTROS,TCC LT IJV OR FV CENTROS
ORIF C PLATE AND SCREW C CLOSED REDUCTION OF NASAL BONE MMF,ORIF C PLATE AND SCREW C CLOSED REDUCTION OF NASAL BONE MMF
BILAT RFA WITH RT PHLEBECTOMY,BILATERAL RFA WITH RT PHLEBECTOMY
TCC RT SV CENTROS,TCC RT SV CENTROS
REVISE AVBG LT THIGH,REVISE AVBG LT THIGH
BILATERAL RFA WITH PHLEBECTOMY,BILATERAL RFA WITH RT PHLEBECTOMY
PTA ANGIOPLASTY LT AVF,PTA ANGIOPLASTY LT AVF
REVISED AVBG TCC,REVISED AVBG TCC
EXCISION WOUND RIGHT THIGH,EXCISION WOUND RIGHT THIGH
ANEURYSMECTOMY AVF LT CUBITAL,ANEURYSMECTOMY AVF LT CUBITAL
INCISIONAL BX UNDER LA,INCISIONAL BX UNDER LA
UMBILICAL RECONSTRUCTION,UMBILICAL RECONSTRUCTION
HIGH LIGAITON WITH VENOUS STRIPPING WITH PHLEBECTOMY LT LEG,LT HIGH LIGATION WITH VENOUS STRIPPING WITH PHLEBECTOMY
LT UPPER ARM AVBG,AVBG LT UPPER ARM
RT MYRINGOTOMY PE TUBE INSERTION LA,RT MYRINGOTOMY PE TUBE INSERTION LA
LAMINECTOMY L4 5 C PDS FIXATION,LAMINECTOMY C PDS FIXATION L4 5 MIS
SUBLABIAL TRANSPHENOID TUMOR REMOVAL,SUBLABIAL TRANSPHENOID TUMOR REMOVAL
D L C BIOPSY C TRACHEOSTOMY,DL C TELE C BIOPSY C TRACHEOSTOMY
RT SPHENOIDOTOMY POWER INFERIOR TURBINOPLASTY,RT SPHENOIDOTOMY POWER INFERIOR TURBINOPLASTY
MIS LAMINECTOMY C PDS FIXATION L5S1,LAMINECTOMY C PDS FIXATION L4 5 MIS
TONSILLECTOMY BSP UVULECTOMY RF NOSE GA,TONSILLECTOMY BSP UVULECTOMY RF NOSE GA
ENDOSCOPIC TRANSPHENOID,ENDOSCOPIC TRANSPHENOID
TRACHEOSTOMY C D L C BIOPSY,DL C TELE C BIOPSY C TRACHEOSTOMY
ACDF C345,ACDF C456
RT SOC C TUMOR REMOVAL,SOC C TUMOR REMOVAL
LAMINECTOMY WITH PDS FIXATION L3 S1,MIS L4 S1 LAMINECTOMY WITH PDS FIXATION
ACDF C568 PEEK PLATE,ACDF C5 6 PEEK PLATE
EXPLOR WOUND WITH REPAIR TENDON,EXPLOR WOUND WITH REPAIR TENDON
RT FESS SEPTOPLASTY,LT FESS SEPTOPLASTY
ORIF WITH PLATE AND SCREW WITH MMF,ORIF WITH PLATE AND SCREW WITH MMF
BREAST EXCISION,EXCISION LT BREAST
TPS C LAMINECTOMY L4 5,TPS C LAMINECTOMY L4 5
DEBRIDEMENT WITH SUTURE WOUND,DEBRIDEMENT WITH SUTURE WOUND
SCRUB BURN WITH STSG,SCRUB BURN WITH STSG
LP SHUNT,LP SHUNT
CLOSED REDUCTION LEFT ZYGOMATIC ARCH,CLOSED REDUCTION LEFT ZYGOMATIC ARCH
DEBRIDEMENT RE EXCISION LOCAL FLAP STSG,DEBRIDEMENT RE EXCISION LOCAL FLAP STSG
BURR HOLE C IRRIGATION,BILAT BURR HOLE C IRRIGATION
LAP RHC C WEDGE LIVER S6,LAP RHC C WEDGE LIVER S6
RT HL WITH MULTIPLE PHLEBECTOMY,RT HL WITH VS WITH MULTIPLE PHLEBECTOMY
SHAVE BIOPSY,SHAVE BIOPSY
SCAR REVISION STSG K WIRE,SCAR REVISION STSG K WIRE
OPEN LEFT UPPER AND LOWER PARATHYROIDECTOMY,OPEN LEFT LOWER AND UPPER PARATHYROIDECTOMY UNDER GA
EXCISION EXPLORED WOUND,EXCISION EXPLORED WOUND
HIFU BREAST AUGMENTATION,HIFU BREAST AUGMENTATION
ENDOSCOPIC LEFT MASTECTOMY SLNB WITH IMPLANT RECONSTRUCTION,ENDOSCOPIC LEFT MASTECTOMY SLNB WITH IMPLANT RECONSTRUCTION
RIGHT TOETVA WITH RIGHT CND,RIGHT TOETVA WITH RIGHT CND
EXCISION PTH AT LT FOREARM,EXCISION PTH AT LT FOREARM
WIDE EXCISION LT BREAST MAS C EXCISION RT BREAST MASS,WIDE EXCISION LT BREAST MAS C EXCISION RT BREAST MASS
COLI EMBOLIZATION ILAIAC ARTERY,COLI EMBOLIZATION ILAIAC ARTERY
CRANIOTOMY WITH TUMOR REMOVAL RT,CRANIOTOMY WITH TUMOR REMOVAL
ACDF C5 6 PEAK PLATE,ACDF C5 6 PEEK PLATE
RT RETROSIGMOID SOC WITH TUMOR REMOVAL EVD,LEFT RETROSIGMOID SOC WITH TUMOR REMOVAL
ACDF C3 4 5 PEAK PLATE,ACDF C3 4 5 PEAK PLATE
LAMINECTOMY C4 5,LAMINECTOMY C4 5
RT HEMILAMINECTOMY C7,RT HEMILAMINECTOMY C7
L3 4 5 LAMINECTOMY WITH DISCECTOMY WITH PDS FIXATION,L4 5 LAMINECTOMY WITH DISCECTOMY PDS FIXATION TLIF
TLIF L4 5,TLIF L4 5
LAMINECTOMY L1 C PDS FIXATION T11 L3,LAMINECTOMY L1 C PDS FIXATION T11 L3
BILAT FESS TURBINOPLASTY,BILAT FESS TURBINOPLASTY
ACDF 4 5 6 3 4,ACDF 4 5 6 3 4
PROGRAMMABLE VP SHUNT,RT PROGRAMMABLE VP SHUNT
ACDF C6 7 DIVA,ACDF C6 7 DIVA
ENDOSCOPIC LT TUMOR REMOVAL,ENDOSCOPIC TUMOR REMOVAL
RT CRANIOTOMY WITH TUMOR,RT CRANIOTOMY WITH TUMOR
RT MIDDLE MEATAL ANTROSTOMY,RT MIDDLE MEATAL ANTROSTOMY
SEPTOPLASTY DOLYE,SEPTOPLASTY DOLYE
TRACHEOSTOMY FOL,TRACHEOSTOMY FOL
DL BX,DL BX
POWER TURBINOPLASTY GA ใช้หัว MICRODEBRIDER,POWER TURBINOPLASTY GA ใช้หัว MICRODEBRIDER
SKIN BIOPSY,SKIN BIOPSY
VOCAL CORDECTOMY,VOCAL CORDECTOMY
LT ATTICOTOMY MRMD NIMS,LT ATTICOTOMY MRMD NIMS
REVISION LT TYMPANOMASTOIDECTOMY,REVISION LT TYMPANOMASTOIDECTOMY
AXILLO BIFEM BYPASS,AXILLO BIFEM BYPASS
SEGMENTAL GRAFT RESECRTION C CONVERT TO AVF LT UPPER ARM,SEGMENTAL GRAFT RESECRTION C CONVERT TO AVF LT UPPER ARM
FISTULOGRAM PTA RT ARM,FISTULOGRAM PTA RT ARM
LT RFA,LT RFA
SEGMENTAL GRAFT RESECTION LT FOREARM AVBG WITH INTERPOSITION GRAFT,SEGMENTAL GRAFT RESECTION WITH INTERPOSITION AVBG LT FOREARM
TCC RT EJV OR TCC RT CFV,TCC RT EJV OR TCC RT CFV
TCC LT IJV OR DLC AT RT CFV,TCC LT IJV OR DLC AT RT CFV
REVISED TCC AT LT IJV CENTROS,REVISED TCC AT LT IJV CENTROS
AVF LT CUBITAL WITH LIGATE AVF LT WRIST,AVF LT CUBITAL LIGATE AVF LT WRIST
LT VATS C BIOPSY,LT VATS C BIOPSY
WEDGE LIVER SEGMENT 6 8 IOUS,WEDGE LIVER SEGMENT 6 8 IOUS
OPEN ANEURYSMORHAPPHY USING BIFURCATED GRAFT TUBE GRAFT,OPEN ANEURYSMORHAPPHY USING BIFURCATED GRAFT TUBE GRAFT
VENASEAL OF RT LEG,VENASEAL OF RT LEG
LIGATION AVF RT CUBITAL DLC TO TCC RT FV,LIGATION AVF RT CUBITAL DLC TO TCC RT FV
RT EPIDIDYMECTOMY,RT EPIDIDYMECTOMY
ABDOMINAL TOILET C VACCUUM DRESSING,ABDOMINAL TOILET C VAC DRESSING
SECONDARY TCC INSERTION,SECONDARY TCC INSERTION
DOWNHILL WITH RETROGRADE ANGIOPLASTY LT LEG,DOWNHILL WITH RETROGRADE ANGIOPLASTY LT LEG
WIDE EXCISION L1 WITH MICRODOCHECTOMY WITH SLNB,WIDE EXCISION L1 WITH MICRODOCHECTOMY WITH SLNB
ACDF C5 6 PEEL PLATE,ACDF C5 6 PEEK PLATE
CRYOABLASION LT BREAST,CRYOABLASION LT BREAST
CRYOABLASION OF BREAST,CRYOABLASION LT BREAST
OPEN RIGHT SUBSTERNAL THYROIDECTOMY AND ISTHMECTOMY,OPEN RIGHT SUBSTERNAL THYROIDECTOMY AND ISTHMECTOMY
BILATERAL MASTECTOMY BOTH SLNB,BILATERAL MASTECTOMY BOTH SLNB
HIFU RIGHT THYROID MASS UNDER GA,HIFU RIGHT THYROID MASS UNDER GA
CHANGE VACUUM D S,CHANGE VACUUM D S
MICROWAVE ABLATION BOTH THYROID LOBE UNDER LA,MICROWAVE ABLATION BOTH THYROID LOBE UNDER LA
RIGHT SUPERFICIAL PAROTIDECTOMY,RT SUPERFICIAL PAROTIDECTOMY
MWA AT LEFT THYROID MASS UNDER GA,MWA AT LEFT THYROID MASS UNDER GA
RT BCT WITH SLNB ALND,RT BCT WITH SLNB ALND
DILATE WITH RIGID CYSTO,DILATE WITH RIGID CYSTO
RIGID CYSTOSCOPE UNDER IV SEDATION,RIGID CYSTOSCOPE UNDER IV SEDATION
LASEER VC,LASER VC
WEDGE LIVER RESECTION,WEDGE LIVER RESECTION
LEFT ADRENALECTOMY นอกเวลา,LEFT ADRENALECTOMY นอกเวลา
FLEXIBLECYSTOSCOPY,FLEXIBLECYSTOSCOPY
OPEN RH,OPEN RH
RIGHT RIRS LASER,RIGHT RIRS LASER
VATS WEDGE RUL,VATS WEDGE RUL
CLOSURE HARTMANN,CLOSURE HARTMANN
VATS REPAIR AIRLEAK RT CHEST,VATS REPAIR AIRLEAK RT CHEST
SEGMENTAL GRAFT REMOVAL OR TOTAL GRAFT REMOVAL REPAIR LT BRACHIAL A,SEGMENTAL GRAFT REMOVAL OR TOTAL GRAFT REMOVAL REPAIR LT BRACHIAL A
KARYDAKYS PROCEDURE,KARYDAKIS PROCEDURE
LAPAROSCOPIC SUBTOTAL COLECTOMY,LAPAROSCOPIC SUBTOTAL COLECTOMY
REVISED AVBG STENT,REVISED AVBG STENT
TRANANL EXCISION,TRANSANAL EXCISION
FISTULOTOMY EXCISION,EXCISION FISTULOTOMY
SEGMENTAL GRAFT REMOVE,SEGMENTAL GRAFT REMOVE
RT BRACHIOANTECUBITAL OR BRACHIOBASILIC AVF,RT BRACHIOANTECUBITAL OR BRACHIOBASILIC AVF
BALLOON VENOPLASTY LT AVF,BALLOON VENOPLASTY AT LT AVF
TOE AMPUTATION,TOE AMPUTATION
AVBG LT UPPERAM,AVBG LT UPPERARM
TRANSMETATASAL AMPUTATION RT FOOT,TRANSMETATASAL AMPUTATION RT FOOT
AVBG LT FOREARM LIGATE AVF,AVBG LT FOREARM LIGATE AVF
ANGIOGRAM BALLOON ANGIOPLASTY BTK,ANGIOGRAM BALLOON ANGIOPLASTY BTK
CROSSOVER ANGIOPLASTY OF RT LEG,CROSSOVER ANGIOPLASTY RT LEG
AVBG,AVBG
TCC RT IJV OR LT EJV OR LT CFV VENOGRAM,TCC RT IJV OR LT EJV OR LT CFV VENOGRAM
REVISE AVF RT FOREARM,REVISE AVF RT FOREARM
LIFT CORE OUT FISTULAECTOMY LIS,LIFT CORE OUT FISTULAECTOMY LIS
LT LATERAL TEMPORAL BONE RESECTION ABDOMINAL FAT OBLITERATION FACIAL NIMS,LT LATERAL TEMPORAL BONE RESECTION ABDOMINAL FAT OBLITERATION FACIAL NIMS
ENDOSCOPIC TUMOR REMOVAL SEPTOPLASTY,ENDOSCOPIC TUMOR REMOVAL SEPTOPLASTY
EXCISION RT PARATESTICULAR CYST,EXCISION RT PARATESTICULAR CYST
TUI BN UNDER SB,TUI BN UNDER SB
NASAL ENDOSCOPY DL BIOPSY,NASAL ENDOSCOPY DL BIOPSY
BILATERAL FESS WITH MICRODEBRIDER WITH NAVIGATOR,BILAT FESS WITH MICRODEBRIDER WITH NAVIGATOR
LAP LEFT NEPHRECTOMY,LT LAP NEPHRECTOMY
SCALP FLAP RECONSTRUCTION,SCALP FLAP RECONSTRUCTION
REVISION BOTH AXILLAR UNDER GA,REVISION BOTH AXILLAR UNDER GA
WIDE EXCISION C COMPLETE GROIN NODE RESECTION,WIDE EXCISION C COMPLETE GROIN NODE RESECTION
AMPUTATION OF ASSESORY FINGER,AMPUTATION OF ASSESORY FINGER
SCRUB BURN C DB,SCRUB BURN C DB
AMPUTATE RT 4TH 5TH TOE,AMPUTATE RT 4TH 5TH TOE
EXCISIONAL BIOPSY CHRONIC WOUND LT LEG,EXCISIONAL BIOPSY CHRONIC WOUND LT LEG
MICROWAVE ABLATION LEFT THYROID MASS,MICROWAVE ABLATION LEFT THYROID MASS UNDER LA
RT URSL DJ STENT INSERTION,RT URSL DJ STENT INSERTION
CIRCUMCISION EC,CIRCUMCISION
URSL DJ STENT INSERTION LT,RT URSL DJ STENT INSERTION
SURVEILANCE CYSTOSCOPY,SURVEILLANCE CYSTOSCOPY
CYSTOSCOPE C DJ STENT,CYSTOSCOPE C DJ STENT
LAP RT ADRENALECTOMY,LAP RIGHT ADRENALECTOMY
LEFT URS BX,LEFT URS BX
FLEX URSL,FLEX URSL
FLEXIBLE CYSTOSCPOPY,FLEXIBLE CYSTOSCOPY
RT ORCHIECTOMY,RT ORCHIECTOMY
URS,URS
CYSTOSCOPE วัด RU CYSTOSCOPE,CYSTOSCOPE วัด RU CYSTOSCOPE
DILATE URETHRAL,DILATE URETHRA
RHINOPLASTY C COSTAL CARTILAGE,RHINOPLASTY C COSTAL CARTILAGE
EVALUATE STSG DRESSING WOUND,EVALUATE STSG DRESSING WOUND
MICROWAVE ABLATION RIGHT THYROID MASSES X2,MICROWAVE ABLATION RIGHT THYROID MASSES X2
MWA AT LEFT THYROID MASS X 2,MWA AT LEFT THYROID MASS X 2
LAP SUBTOTAL COLECTOMY CONVERT TO OPEN PROTECTIVE LOOP ILEOSTOMY,LAP SUBTOTAL COLECTOMY CONVERT TO OPEN PROTECTIVE LOOP ILEOSTOMY
ABDOMINAL TOILET C CHANGE VACCUUM DRESSING,CHANGE VACUUM DRESSING C ABDOMINAL TOILET
RT AXILLA LN EXCISION,RT AXILLA LN EXCISION
EXCISION OF BREAST MASS,EXCISION RT BREAST MASS
ANAL STRICTUROPLASTY,ANAL STRICTUROPLASTY
CORRECT GYNECOMASTIA,CORRECT GYNECOMASTIA
TCC RT IJV LT IJV,TCC RT EJV LT IJV
LAP APR TATME,LAP APR TATME
BILATERAL RFA C STAB AVULSION,BILATERAL RFA C STAB AVULSION
OFF CHEMOPERT,OFF CHEMOPERT
RT RETROSIGMOID SUBOCCIPITAL CRANIOTOMY C TUMOR REMOVAL,RT RETROSIGMOID SUBOCCIPITAL CRANIOTOMY C TUMOR REMOVAL
L4 S1 LAMINECTOMY WITH PDS FIXATION TLIF,MIS L4 S1 LAMINECTOMY WITH PDS FIXATION
T BSP RF BOT RF NOSE GA,T BSP RF BOT RF NOSE GA
LAMINOTOMY T5 6 WITH REMOVE TUMOR,LAMINOTOMY T5 6 WITH REMOVE TUMOR
LT CRANIOTOMY WITH CLIPPING ANEURYSM,LT CRANIOTOMY WITH CLIPPING ANEURYSM
LAMINECTOMY L3 5 WITH PDS FIXATION MIS,LAMINECTOMY WITH PDS FIXATION L4 5
LAMINECTOMY C4 5 RT,LAMINECTOMY C4 5
L3 4 LAMINECTOMY WITH L3 S1 PDS FIXATION,L3 4 LAMINECTOMY WITH L3 S1 PDS FIXATION
RT CRANIOTOMY WITH TUMOR REMOVAL WITH OPTIC DECOMPRESSION,RT CRANIOTOMY WITH TUMOR REMOVAL WITH OPTIC DECOMPRESSION
RETROSIGMOID CRANIOTOMY RIGHT,RETROSIGMOID CRANIOTOMY RIGHT
TPS L3 5 WITH LAMINECTOMY L3 5 WITH DISCECTOMY L3 4 L4 5,TPS L3 5 WITH LAMINECTOMY L3 5 WITH DISCECTOMY L3 4 L4 5
REEXPLORE WITH ABSCESS RESECTION,REEXPLORE WITH ABSCESS RESECTION
RT TOTAL PAROTIDECTOMY RT RADICAL MASTOIDECTOMY TUMOR REMOVAL NIMS,RT TOTAL PAROTIDECTOMY RT RADICAL MASTOIDECTOMY TUMOR REMOVAL NIMS
ENDOSCOPIC LT T PLASTY LA,RT ENDOSCOPIC T PLASTY LA
RADICAL LARYNGECTOMY,RADICAL LARYNGECTOMY
WIDE EXCISION OF LESION OF LIP,WIDE EXCISION OF LESION OF LIP
CYSTOSCOPE SURVEILLANCE,SURVEILLANCE CYSTOSCOPY
KYPHOPLASTY T12,KYPHOPLASTY T12
LIGATE AVF LT CUBITAL C TCC AT RT IJV,LIGATE AVF LT CUBITAL C TCC AT RT IJV
DEBRIDEMENT LEFT FOOT VAC DRESSING,DEBRIDEMENT LEFT FOOT VAC DRESSING
REVISE AVF ANEURYSMECTOMY,REVISE AVF ANEURYSMECTOMY
RT CAROTID STENT,RT CAROTID STENTING
AVBG AT LT FOREARM,AVBG LT FOREARM
RFA BOTH LEGS WITH STAB AVULSION RT LEG,RFA BOTH LEGS WITH STAB AVULSION RT LEG
CHANGE DLC TO TCC RT IJV,CHANGE DLC TO TCC RT IJV
REPAIR FALSE ANEURYSM AT RT AVF,REPAIR FALSE ANEURYSM AT RT AVF
LIGATE BRANCH OF CEPHALIC VEIN,LIGATE BRANCH OF CEPHALIC VEIN
DEBRIDEMENT WITH REVISE STUMP LT FOOT,DEBRIDEMENT WITH REVISE STUMP LT FOOT
FISTULOGRAM LT SUBCLAVEIN V,FISTULOGRAM LT SUBCLAVEIN V
EVAR IBD,EVAR IBD
FISTULOGRAM PTA LIGATE BRANCH,FISTULOGRAM PTA LIGATE BRANCH
URS REMOVE BILAT DJ STENT,URS REMOVE BILAT DJ STENT
OPEN DISTAL PANCREATECTOMY SPLENECTOMY,OPEN DISTAL PANCREATECTOMY SPLENECTOMY
EXCISION MASS AT BACK AND LT FOREARM,EXCISION MASS AT BACK AND LT FOREARM
OPEN TTD LN DISSECTION,OPEN TTD LN DISSECTION
OPEN WEDGE S7,OPEN WEDGE S7
OPEN TOTAL THYROIDECTOMY WITH LN DISSECTION,OPEN TOTAL THYROIDECTOMY WITH LN DISSECTION
EL WEDGE S6,EL WEDGE S6
GASTRO_COLONOSCOPE,GASTRO_COLONOSCOPE
RIGHT MASTECTOMY WTIH SLNB LEFT PROPHYLAXIS MASTECTOMY,RIGHT MASTECOTMY WITH SLNB LEFT PROPHYLAXIS MASTECTOMY
RFA C STRAP AVULSION LT LEG UNDER SB,RFA C STRAP AVULSION LT LEG UNDER SB
PORTA CATH,PORTA CATH
BASILLIC VEIN TRANPOSITION RT FOREARM,BASILLIC VEIN TRANPOSITION RT FOREARM
TPS L4 5 WOTH DECOMPRESSION L3 5,TPS L4 5 WOTH DECOMPRESSION L3 5
TF CASE OPEN LAMINECTOMY T8 WITH TUMOR REMOVAL,TF CASE OPEN LAMINECTOMY T8 WITH TUMOR REMOVAL
LAMINECTOMY L4 5 WITH PDS FIXATION,LAMINECTOMY WITH PDS FIXATION L4 5
OPEN LIVER S6 RESECTION,OPEN LIVER S6 RESECTION
LT RFA WITH MULTIPLE PHLEBECTOMY,BILATERAL RFA WITH MULTIPLE PHLEBECTOMY
DOWNHILL BALLOON ANGIOPLASTY LT LEG,DOWNHILL BALLOON ANGIOPLASTY RT LEG
LAP LT NEPHECTOMY,LT LAP NEPHRECTOMY
CIRCUMCIOSION นอกเวลา,CIRCUMCIOSION นอกเวลา
REMOVE OLD SLING WITH INSERT NEW PUBOVAGINAL SLING WITH CYSOTOSOPE,REMOVE OLD SLING WITH INSERT NEW PUBOVAGINAL SLING WITH CYSOTOSOPE
PVS,PVS
RIGHT URSL,RIGHT URSL
CYSTOCOPY REMOVE CLOT,CYSTOCOPY REMOVE CLOT
CYSTO DILATE S CURVE,CYSTO DILATE S CURGVE
1ST STAGE EXCISION PARAFFINOMA,1ST STAGE EXCISION PARAFFINOMA นอกเวลา
VASOVASOSTOMY RIGHT ใช้กล้อง MICRO,VASOVASOSTOMY RIGHT ใช้กล้อง MICRO
TRUS BX ท่าตะแคง,TRUS BX ท่าตะแคง
LOOP DISTAL TRANSVERSE COLOSTOMY,LOOP DISTAL TRANSVERSE COLOSTOMY
DEBRIDEMENT IRRIGATE,DEBRIDEMENT IRRIGATE
TCC RT FV REMOVE TCC LT IJV CENTROS,TCC RT FV REMOVE TCC LT IJV CENTROS
DILATE COLOSTOMY,DILATE COLOSTOMY
REVISE AVBG LT FOREARM THROMBECTOMY PTA,REVISE AVBG LT FOREARM THROMBECTOMY PTA
OPEN LAR LT NEPHRECTOMY,OPEN LAR WITH LT NEPHRECTOMY
FISULOMY,FISULOMY
DLC AT RT IJV LIGATE AVF LT WRIST,DLC AT RT IJV LIGATE AVF LT WRIST
LC LAPAROSCOPIC LAR HAND SEWN CAA,LC LAPAROSCOPIC LAR HAND SEWN CAA
REVISE STUMP 1ST 2ND TOE LT FOOT,REVISE STUMP 1ST 2ND TOE LT FOOT
FITSULOGRAM PTA,FISTULOGRAM PTA
REVISE TCC LT IJV OR FV,REVISE TCC LT IJV OR FV
RT RENAL ARTERY STENTING [TRANS LEFT BRACHIAL],RT RENAL ARTERY STENTING [TRANS LEFT BRACHIAL]
REVISE LT TCC,REVISE LT TCC
REVIS TCC,REVISED TCC
LIGATE ANEURYSMECTOMY LT ARM TCC FV,LIGATE ANEURYSMECTOMY LT ARM TCC FV
TCC RT FV LIGATE AVF RT ARM,TCC RT FV LIGATE AVF RT ARM
HEMORRHIODECTOMY EGD COLONOSOCPY,EGD COLONOSCOPY HEMORRHOIDECTOMY
ENDOSCOPIC TUMOR REMOVAL NAVIGATOR,ENDOSCOPIC TUMOR REMOVAL NAVIGATOR
ORIF PLATE,ORIF PLATE
LT MYRINGOTOMY PE TUBE,LT MYRINGOTOMY WITH PE TUBE
SEMI CLOSED HEMORRHOIDECTOMY,CLOSED HEMORRHOIDECTOMY
WIDE EXCISION WITH PRMARY CLOSURE,WIDE EXCISION WITH PRMARY CLOSURE
WIDE EXCISION WITH PRIMARY CLOSURE,WIDE EXCISION WITH PRMARY CLOSURE
DB STSG LT FOOT,STSG LT FOOT
NERVE EXPLORETION BUCCAL BR OF RT FACIAL N,NERVE EXPLORETION BUCCAL BR OF RT FACIAL N
S P PARTIAL ALT FLAP,S P PARTIAL ALT FLAP
LIS EXCISION SENTINEL PILE,LIS EXCISION SENTINEL PILE
CORRECT U L EYELID,U L EYELID CORRECTION
PELVIC EXCENTERATION APR,PELVIC EXCENTERATION APR
FLEXIBLE URETEROSCOPY RIRS,FLEXIBLE URETEROSCOPY RIRS
TUR P 3 HR,TUR P 3 HR
2 BURR HOLE,2 BURR HOLE
RIGID CYSTO STRESS TEST,RIGID CYSTO STRESS TEST
RT URS DJ STENT,RT URSL DJ STENT
LT VARICOCELECTOMY,LT VARICOCELECTOMY
CYSTOSCOPY RT RP DJ STENT,CYSTOSCOPY RT RP DJ STENT
LEFT PCNL ญาติน้องอ้อย,LEFT PCNL ญาติน้องอ้อย
CYTOSCOPY,FCYSTOSCOPY
LEFT URSL LASER ใช้ FLU,LEFT URSL LASER ใช้ FLU
CYSTOLITHOLAPEXY,CYSTOLITHOLAPEXY
FLEX CYTO,FLEX CYSTO
PARTIAL PENECTOMY,PARTIAL PENECTOMY
SET OR FOR OPEN RADICAL NEPHRECTOMY 16 00 นอกเวลา,SET OR FOR OPEN RADICAL NEPHRECTOMY 16 00 นอกเวลา
MRI FUSION PROSTATE,MRI FUSION PROSTATE BX
TURP WITH VESICLE LASER LITHOTRIPSY,TURP WITH VESICLE LASER LITHOTRIPSY
FLEX CYSTOSCOPY URINE PCR FOR TB CYTOLOGY,FLEX CYSTOSCOPY URINE PCR FOR TB CYTOLOGY
FLEXIBLE CYSTOSCOPY CHANGE RT DJ STENT,FLEXIBLE CYSTOSCOPY CHANGE RT DJ STENT
ใช้กล้อง CUSA,ใช้กล้อง CUSA
RT RADIOCEPHALIC AVF SNUFF BOX,RT RADIOCEPHALIC AVF SNUFF BOX
DECOMPRESS L5 ROOT,DECOMPRESS L5 ROOT
LEFT PARIETAL CRANIOTOMY WITH REMOVE TUMOR,LEFT PARIETAL CRANIOTOMY WITH REMOVE TUMOR
LASER HEMORRHOIDOPATHY EXCISION SKIN TAG,LASER HEMORRHOIDOPATHY EXCISION SKIN TAG
LAP SIGMOIDECTOMY C LN DISSECTION,LAP SIGMOIDECTOMY C LN DISSECTION
LAMINECTOMY W PDS FIXATION L 345 MIS,LAINECTOMY W PDS FIXATION L 2345
REPAIR DURA AND PACK MASTOID AIR CELL RT TEMPORO OCCIPITAL,REPAIR DURA AND PACK MASTOID AIR CELL RT TEMPORO OCCIPITAL
REMOVAL OF FOREIGN BODY NOT OTHERWISE SPECIFIED,REMOVAL OF FOREIGN BODY NOT OTHERWISE SPECIFIED
ACDF C 3456 PEEK PLATE,ACDF C5 6 PEEK PLATE
ACDF WITH PLATE SCREW C4 5 6,ACDF WITH PLATE SCREW C4 5 6
ACDF C 567 PEEK PLATE,ACDF C4 5 6 7 PEEK PLATE
EXCHANGE LT DJ STENT,EXCHANGE LT DJ STENT
RIGHT CRANIOTOMY WITH REMOVE CLOT,RIGHT CRANIOTOMY WITH REMOVE CLOT
INCISION OF SALIVARY GLAND OR DUCT,INCISION OF SALIVARY GLAND OR DUCT
CLOSURE COLOSOTMY,CLOSURE COLOSTOMY
INCISION BX,INCISIONAL BX
LT MODIFIED RADICAL MASTOIDECTOMY WITH FACIAL NIMS,LT MODIFIED RADICAL MASTOIDECTOMY WITH FACIAL NIMS
ENDOSCOPIC SEPTOPLASTY WITH INFERIOR TURBINOPLASY,ENDOSCOPIC SEPTOPLASTY WITH INFERIOR TURBINOPLASTY
DL EXCISION GA,DL EXCISION
T M CAPOS UVULECTOMY RF NOSE GA,T M CAPOS UVULECTOMY RF NOSE GA
EGD COLONOSCOPY WITH HEMORRHOIDECTOMY,COLONOSCOPY WITH HEMORRHOIDECTOMY
RT MYRINGOTOMY,RT MYRINGOTOMY
CORRECTION OF UPPER LOWER EYELID,CORRECTION UPPER AND LOWER EYELID
ENDOSCOPIC REVISION NASOLACRIMAL DUCT PASSAGE,ENDOSCOPIC REVISION NASOLACRIMAL DUCT PASSAGE
ALTEMEIER'S OPERATION,ALTEMEIER'S OPERATION
OPEN BIOPSY OF TONGUE,OPEN BIOPSY OF TONGUE
LT PARTIAL GLOSSECTOMY C SND AREA 1 3,LT PARTIAL GLOSSECTOMY C SND AREA 1 3
BILATERAL MYRINGOTOMY WITH PE TUBE,BILATERAL MYRINGOTOMY PE TUBE
LAP LHC LC,LAP RHC LC
RT BRACHICEPHALIC AVF,LT BRACHIOCEPHALIC AVF
COVER STENT,COVER STENT
VABE LT BREAST L2 L3,VABE LT BREAST L2 L3
LT MASTECTOMY WITH SLNB DUAL TECHNIQUE,LT MASTECTOMY WITH SLNB DUAL TECHNIQUE
DLC LT IJV,DLC RT IJV
TCC AT RT EJV,TCC AT RT IJV
RT WRIST AVF,AVF LT WRIST
REMOVE GRAFT,REMOVE GRAFT
SUPERFICALIZATION OF AVF LT CUBITAL,SUPERFICALIZATION OF AVF LT CUBITAL
RIGHT AXILLARY LND,RIGHT AXILLARY LND
AVF RT WRIST AVF LT CUBITAL ถ้า PT ใส่ CATHETER ก่อน,AVF RT WRIST AVF LT CUBITAL ถ้า PT ใส่ CATHETER ก่อน
TCC IJV ขอวรัณญู,TCC IJV ขอวรัณญู
LT TM SLNB,LT TM SLNB
CLOSURE ABDOMINAL WALL,CLOSURE ABDOMINAL WALL
FISTULOGRAM PTA LT WRIST UNDER LOCAL,FISTULOGRAM PTA LT WRIST UNDER LOCAL
LIGATE AVF WITH TCC RT IJV,LIGATE AVF WITH TCC RT IJV
VABE RT BREAST,VABE RT BREAST
VATS WEDGE RESECTION OF LLL,VATS WEDGE RESECTION OF LLL
OPEN ESOPHAGOGASTRECTOMY WITH SB RECONSTRUCTION INTRAOP FROZEN,OPEN ESOPHAGOGASTRECTOMY WITH SB RECONSTRUCTION INTRAOP FROZEN
LAP RT NEPHRECTOMY C S7 SEGMENTECTOMY,LAP RT NEPHRECTOMY C S7 SEGMENTECTOMY
AVF LT CUBITAL OFF TCC,AVF LT CUBITAL OFF TCC
AVF LT RADIOCEPHALIC,LT RADIOCEPHALIC AVF
T TUBE CHOLANGIOGRAM REMOVE T TUBE,T TUBE CHOLANGIOGRAM REMOVE T TUBE
MICROWAVE ABLATION AT LEFT THYROID MASS,MICROWAVE ABLATION LEFT THYROID MASS UNDER LA
WEDGE CRLM S5 6 7 IOUS C MIRENA INSERTION,WEDGE CRLM S5 6 7 IOUS C MIRENA INSERTION
AMPUTATION RIGHT BIG TOE,AMPUTATION RIGHT BIG TOE
NEEDLE LOCALIZE EXCISION LUOQ,NEEDLE LOCALIZE EXCISION LUOQ
TOTAL MASTECTOMY LT BREAST,TOTAL MASTECTOMY LT BREAST
WIDE EXCISION RT BREAST MASS,EXCISION RT BREAST MASS
SUTURE WOUND WITH CHANGE VAC DRESSING,SUTURE WOUND WITH CHANGE VAC DRESSING
LT NEPHRECTOMY,LT NEPHRECTOMY
URETEROLITHOTOMY LT OPEN,URETEROLITHOTOMY LT OPEN
SUPINE PCNL RIRS,SUPINE PCNL RIRS
RIGHT PCN,RIGHT PCNL
RT URS L,RT URS L
VASECTOMY WITH CIRCUMCISION,VASECTOMY WITH CIRCUMCISION
OPEN TOTAL THYROIDECTOMY WITH BILATERAL CENTRAL NECK DISSECTION,OPEN TOTAL THYROIDECTOMY WITH PROPHYLACTIC BILATERAL CENTRAL NECK DISSECTION
CYSTOSCOPY WITH RETAIN FOLEY CATH BLADDER IRRIGATION,CYSTOSCOPY WITH RETAIN FOLEY CATH BLADDER IRRIGATION
ABDOMINAL TOILET,ABDOMINAL TOILET
EXCISOIN,EXCISOIN
1 LEFT BCT SLNB WIRE LOCALIZATION WIDE EXCISION 2 GASTRO COLONOSCOPE,1 LEFT BCT SLNB WIRE LOCALIZATION WIDE EXCISION 2 GASTRO COLONOSCOPE
OPEN NEPHRECTOMY,OPEN NEPHRECTOMY
REMOVE RIGHT DJ STENT,REMOVE RT DJ STENT
OFF DJ RT,OFF DJ RT
LT 1ST 3RD TOE AMPUTATION,LT 1ST TOE AMPUTATION
LAPAROSCOPIC RIGHT URETEROLITHROTOMY,LAPAROSCOPIC URETEROLITHOTOMY
CIRCUMCISOIN,CIRCUMCISION
LEFT LAPAROSCOPIC NEPHROURETERECTOMY นอกเวลา,LEFT LAPAROSCOPIC NEPHROURETERECTOMY นอกเวลา
LAPAROSCOPIC SMALL BOWEL RESECTION,LAPAROSCOPIC SMALL BOWEL RESECTION
COLONOSCOPY WITH TISSUE BIOPSY,COLONOSCOPY WITH TISSUE BIOPSY
LAP LEFT HEMICOLECTOMY,LAP RT HEMICOLECTOMY
BCS WITH LICAP LT,BCS WITH LICAP LT
ALTIMEIER'S OPERTION,ALTEMEIER'S OPERATION
LAPAROSCOPIC RIGHT HEMICOLECTOMY,LAPAROSCOPIC RIGHT HEMICOLECTOMY
SIGMOIDECTOMY WITH WEDGE BLADDER PRIMARY REPAIR,SIGMOIDECTOMY WITH WEDGE BLADDER PRIMARY REPAIR
EGD COLONOSCOPY LIS,EGD COLONOSCOPY
LAPAROSCOPIC SIGMOIDECTOMY LC,LAPAROSCOPIC SIGMOIDECTOMY
BALOON VENOPLASTY,BALLOON VENOPLASTY
LT BCT WITH SLNB WITH LICAP,LT BCT WITH SLNB WITH LICAP
LASER CYSTOLITHROTRIPSY WITH TURP,LASER CYSTOLITHROTRIPSY WITH TURP
ENDOSCOPIC SEPTOPLASTY WITH INFERIOR TURBINOPLSTY,ENDOSCOPIC SEPTOPLASTY WITH INFERIOR TURBINOPLASTY
I D DL BX,I D DL BX
LT THYROID LOBECTOMY TTD,LT THYROID LOBECTOMY
SEPTOPLASTY RF NOSE LT CONCHA BULLOSA EXCISION GA,SEPTOPLASTY RF NOSE LT CONCHA BULLOSA EXCISION GA
RT FESS POWERED TURBINOPLASTY,RT FESS POWERED TURBINOPLASTY
TYMPANOCENTESIS C PE TUBE,TYMPANOCENTESIS C PE TUBE
NASAL TELE STOP BLEEDING,NASAL TELE STOP BLEEDING
D L C MICRO EXCISION,MICRO DL C EXCISION
REVISE TCC RT IJV CENTRUS,REVISE TCC RT IJV CENTROS
REVISE AV GRAFT,REVISE AV GRAFT
ENDOSCOPIC TUMOR DECOMPRESSION NAVIGATOR,ENDOSCOPIC TUMOR DECOMPRESSION NAVIGATOR
REVISED AVBG THROMBECTOMY BALLOON ANGIOPLASTY,REVISED AVBG THROMBECTOMY BALLOON ANGIOPLASTY
SILICONE REMOVAL BOTH BREASTS UNDER GA,SILICONE REMOVAL BOTH BREASTS UNDER GA
SUTURED WOUND,SUTURE WOUND
OPEN COMPLETION RIGHT THYROIDECTOMY,OPEN COMPLETION RIGHT THYROIDECTOMY
STSG HARVEST DONOR จาก THIGH VAC DRESSING,STSG HARVEST DONOR จาก THIGH VAC DRESSING
AVF AT LT CUBITAL,AVF LT CUBITAL
DB C STSG LT FOOT LT HAND HARVEST LT THIGH,DB C STSG LT FOOT LT HAND HARVEST LT THIGH
FISTULOGRAM DPTA,FISTULOGRAM DPTA
REVISION FACE LIFT,REVISION FACE LIFT
DB VERSAJET UNDER GA,DB VERSAJET UNDER GA
STSTG EVALUATION,STSTG EVALUATION
DB C VERSAJET C STSG RT ARM UNDER GA,DB C VERSAJET C STSG RT ARM UNDER GA
DB UNDER LA,DB UNDER LA
DB C STSG LT LEG HARVEST RT THIGH UNDER GAET,DB C STSG LT LEG HARVEST RT THIGH UNDER GAET
CYSTOSCOPY C CYSTOLITOTRIPSY,CYSTOSCOPY C CYSTOLITOTRIPSY
FLEXIBLE CYSTOSCOPY SURVEILLACE,FLEXIBLE CYSTOSCOPY SURVEILLANCE
CYSTOLITROTRIPSY,CYSTOLITROTRIPSY
BILAT ORCHHIECTOMY,BILAT ORCHIDECTOMY
DEBRIDMENT,DEBRIDEMENT
OPEN RIGHT THYRIOD LOBECTOMY WITH RIGHT PARATHYRIODECTOMY,OPEN RIGHT THYRIOD LOBECTOMY WITH RIGHT PARATHYRIODECTOMY
OPEN COMPLETION RIGHT THYROIDECTOMY WITH BILAT CND,OPEN COMPLETION RIGHT THYROIDECTOMY WITH BILAT CND
LAPAROSCOPIC RIGHT ADRENALECTOMY UNDER GA,LAPAROSCOPIC RIGHT ADRENALECTOMY UNDER GA
REMOVE TK UNDER LA,REMOVE TK UNDER LA
REVISION OF RIGHT BREAST,REVISION OF RIGHT BREAST
LIGATE AVF UNDER LA,LIGATE AVF UNDER LA
VATS WEDGE RESECTION OF RUL NODULE WITH FROZEN SECTION RUL LOBECTOMY,VATS WEDGE RESECTION OF RUL NODULE WITH FROZEN SECTION RUL LOBECTOMY
REVISE TCC RT CFV WITH INTRAOP VENOGRAM,REVISE TCC RT CFV WITH INTRAOP VENOGRAM
LC LAP APPENDECTOMY,LAP APPENDECTOMY
FISTULOGRAM PTA AT LOOP AVBG RT UPPER ARM,FISTULOGRAM PTA AT LOOP AVBG RT UPPER ARM
LAMINECTOMY WITH PDS FIXATION L234 MIS,MIS L4 S1 LAMINECTOMY WITH PDS FIXATION
ACDF C567 PEEK PLATE,ACDF C5 6 PEEK PLATE
T10 12 PEDICULAR SCREW FIXATION UNDER NAVIGATOR,T10 12 PEDICULAR SCREW FIXATION UNDER NAVIGATOR
SET OR FOR TEMPORAL CRANIOTOMY WITH TUMOR REMOVAL,SET OR FOR TEMPORAL CRANIOTOMY WITH TUMOR REMOVAL
DISE T BSP RF NOSE RF BOT DEPENDS ON DISE,DISE T BSP RF NOSE RF BOT DEPENDS ON DISE
LAMINECTOMY WITH PDS FIXATION L4 5 PRODORTH,LAMINECTOMY WITH PDS FIXATION L4 5
TCC RT EJV OR LT IJV,TCC RT EJV LT IJV
PORT INSERTION AT RT IJV,TCC INSERTION AT RT IJV
LAMINECTOMY C6 T1 WITH CERVICOTHORACIC FIXATION,LAMINECTOMY C6 T1 WITH CERVICOTHORACIC FIXATION
LAMINECTOMY WITH PDS FIXATION L345S1 PRODORTH,LAMINECTOMY WITH PDS FIXATION L345S1 PRODORTH
ACDF C6 7 C LAMINECTOMY C7 T1,ACDF C6 7 C LAMINECTOMY C7 T1
REPAIR RT RADIAL A,REPAIR RT RADIAL A
TPS L4 L5 WITH DECOMPRESSION,TPS L4 L5 WITH DECOMPRESSION
RT CRANIOTOMY WITH ELEVATE SKULL DEPRESSION WITH REMOVE BLOOD CLOT,RT CRANIOTOMY WITH ELEVATE SKULL DEPRESSION WITH REMOVE BLOOD CLOT
LAMINECTOMY WITH PDS FIXATION MIS TLIF L4 L5,MIS L4 S1 LAMINECTOMY WITH PDS FIXATION
ANEURYSMECTOMY RIGHT UPPER ARM,ANEURYSMECTOMY RIGHT UPPER ARM
ACDF C6 7 RT,ACDF C6 7 RT
RT CRANIOTOMY WITH RT TUMOR REMOVAL,CRANIOTOMY WITH TUMOR REMOVAL
SET OR FOR CHIARI DECOMPRESSION,SET OR FOR CHIARI DECOMPRESSION
LAMINECTOMY WITH PDS FIXATION L2 5,LAMINECTOMY WITH PDS FIXATION L4 5
LAP LAR WITH DLI,LAP LAR WITH DLI
EXCISION MASS L8 9,EXCISION MASS L8 9
WIDE EXCISION STSG WITH INTRA OP FROZEN SECTION,WIDE EXCISION STSG WITH INTRA OP FROZEN SECTION
WIRE LOCALIZED EXCISION RIGHT BREAST MASS,WIRE LOCALIZED EXCISION RIGHT BREAST MASS
VAE OF RIGHT BREAST EXCISION SKIN TAG AT BACK,VAE OF RIGHT BREAST EXCISION SKIN TAG AT BACK
BILAT FESS NAVIGATOR MICRODEBRIDER,BILAT FESS NAVIGATOR MICRODEBRIDER
RIGHT MASTECTOMY WITH DTI LEFT BREAST AUGMENTATION,RIGHT MASTECTOMY WITH DTI LEFT BREAST AUGMENTATION
REVISION SCREW T12 L5,REVISION SCREW T12 L5
LAMINECTOMY C PDS FIXATION L45 S1 MIS,LAMINECTOMY C PDS FIXATION L4 5 MIS
POSTERIOR FOSSA CRANIOTOMY C TUMOR REMOVAL,POSTERIOR FOSSA CRANIOTOMY C TUMOR REMOVAL
ENDOSCOPIC ENDONASAL APPROACH C TUMOR REMOVAL BIFRONTAL CRANIOTOMY C TUMOR REMOVAL C OPTIC DECOMPRESSION C ANT BASE OF SKULL RECONSTRUCTION,ENDOSCOPIC ENDONASAL APPROACH C TUMOR REMOVAL BIFRONTAL CRANIOTOMY C TUMOR REMOVAL C OPTIC DECOMPRESSION C ANT BASE OF SKULL RECONSTRUCTION
MVD,MVD
L4 5 DECOMPRESSION,L4 5 DECOMPRESSION
EXCISION OF AXILLARY LYMPH NODE,EXCISION OF AXILLARY LYMPH NODE
ACDF C3 6 PEEK PLATE,ACDF C5 6 PEEK PLATE
RIGHT RETRSIGMOID SOC WITH TUMOR REMOVAL,RIGHT RETRSIGMOID SOC WITH TUMOR REMOVAL
LEFT VENTRICULOSTOMY,LEFT VENTRICULOSTOMY
TRACHEOSTOMY C DL BX C ESOPHAGOSCOPE,TRACHEOSTOMY C DL BX C ESOPHAGOSCOPE
RF NOSE 2ND,RF NOSE 2ND
ENDOSCOPE SPINE CLASSIC C ARM DRILL 3 MM,ENDOSCOPE SPINE CLASSIC C ARM DRILL 3 MM
ACDF C34567 PLATE SCREW,ACDF C34567 PLATE SCREW
NASAL TELE CAUTERY,NASAL TELE CAUTERY
L4 5 PDS MIS LAMINECTOMY,MIS L4 5 LAMINECTOMY C PDS
PEDICULAR SCREWS FIXATION L2 5,PEDICULAR SCREWS FIXATION L2 5
RIGHT VP SHUNT,RT VP SHUNT
CORRECT PTOSIS LT EYE,CORRECT PTOSIS LT EYE
LAMINECTOMY L4 5 C REMOVAL DISC L4 5,LAMINECTOMY L4 5 C REMOVAL DISC L4 5
LEFT FRONTAL PROGRAMABLE VP SHUNT,LEFT FRONTAL PROGRAMABLE VP SHUNT
ACDF C5 7 DIVA,ACDF C5 6 DIVA
KARIDAKIS,KARIDAKIS
EL WITH CLOSURE HARTMANN WITH REPAIR HERNIA TRANSVERSE COLOSTOMY 17 5 2567,EL WITH CLOSURE HARTMANN WITH REPAIR HERNIA TRANSVERSE COLOSTOMY 17 5 2567
AVBG LT UPPERARM DOUBLE LOOP,AVBG LT UPPERARM DOUBLE LOOP
VENASEAL OF BOTH LEGS,VENASEAL BOTH LEGS
ANEURYSMECTOMY AVF RT CUBITAL,ANEURYSMECTOMY AVF LT CUBITAL
WIDE EXCISION C FROZEN SECTION,WIDE EXCISION C FROZEN SECTION
DEBULGING FLAP,DEBULGING FLAP
PTA OR TCC RT IJV,PTA OR TCC RT IJV
PROXIMALIZATION AVF RT WRIST,PROXIMALIZATION AVF LT WRIST
REVISE RHINOPLASTY,REVISE RHINOPLASTY
CHANGE ABDOMINAL VAC CLOSURE,CHANGE ABDOMINAL VAC CLOSURE
CHANGE VAC ABDOMINAL CLOSURE,CHANGE ABDOMINAL VAC CLOSURE
LT FOREFOOT AMPUTATION,FOREFOOT AMPUTATION
LT FOREARM AVBG,AVBG LT FOREARM
BCS WITH SLNB TOTAL MASTECTOMY,BCS WITH SLNB TOTAL MASTECTOMY
ANEURYSMECTOMY WITH REVISE AVF,REVISE AVF ANEURYSMECTOMY
BILATERAL HL WITH VS WITH LT PHLEBECTOMY,BILATERAL HL WITH VS WITH MULTIPLE PHLEBECTOMY
REVISE CHEMOPORT,REVISE CHEMOPORT
I D EXFCISION,I D EXFCISION
OPEN ANEURYSMORRHAPHY WITH TUBE GRAFT,OPEN ANEURYSMORRHAPHY WITH TUBE GRAFT
AVF LT UPPER ARM,AVBG LT UPPER ARM
BALLOON VENOPLASTY OF OUTFLOW,BALLOON VENOPLASTY OF OUTFLOW
ORIF ON MANDIBLE,ORIF ON MANDIBLE
INTERPOSITION LEFT AVBG UPPERARM,INTERPOSITION LEFT AVBG UPPERARM
VASOR LIPOSUCTION ABDOMEN LOVE HANDLE AND BOTH THIGHS,VASOR LIPOSUCTION ABDOMEN LOVE HANDLE AND BOTH THIGHS
GRAFT THROMBECTOMY,GRAFT THROMBECTOMY
LIGATE AVF RT CUBITAL TCC RT IJV HEMOFLOW,LIGATE AVF RT CUBITAL TCC RT IJV HEMOFLOW
DOWNHILL ANGIOPLASTY LEFT LEG,DOWNHILL ANGIOPLASTY LEFT LEG
VATS WEDGE RESECTION RML NODULE,VATS WEDGE RESECTION RML NODULE
TCC AT RIGHT EJV LEFT IJV,TCC AT RIGHT EJV LEFT IJV
RE EXPLORE LT SCROTUM DRAINAGE,RE EXPLORE LT SCROTUM DRAINAGE
CYSTOSCOPY IRRIGATE TUF TURBT,CYSTOSCOPY IRRIGATE TUF TURBT
CYSTO TUR P WITH BT,CYSTO TUR P WITH BT
TOTAL RECONSTRUCTION OF PENILE,TOTAL RECONSTRUCTION OF PENILE
LAMINECTOMY C PDS,LAMINECTOMY C PDS
CYSTO SURVEILLANCE,SURVEILLANCE CYSTO
DILATE URETHRA BY VAN BUREN,DILATE URETHRA BY VAN BUREN
CYSTOSCOPY WITH LEFT DJ STENT PLACEMENT,CYSTOSCOPY WITH LEFT DJ STENT PLACEMENT
SUPRAPUBIC CYSTOSTOMY,SUPRAPUBIC CYSTOSTOMY
LAMINECTOMY C PDS FIXATION L3 4 5 S1 MIS,LAMINECTOMY C PDS FIXATION L3 4 5 S1
L3 S1 LAMINECTOMY C PDS FIXATION,LAMINECTOMY C PDS FIXATION L3 4 5 S1
CORPECTOMY C7 T2 C ANTERIOR P S FIXATION C STERNOTOMY,CORPECTOMY C7 T2 C ANTERIOR P S FIXATION C STERNOTOMY
BILATERAL ORCHIECTYOMY,BILATERAL ORCHIECTOMY
LAP NEPHRECTOMY LT,LT LAP NEPHRECTOMY
MICROSCOPE TISSEEL GLUE DORO RETRACTOR TAFLON FELT,MICROSCOPE TISSEEL GLUE DORO RETRACTOR TAFLON FELT
SIGMOIDOSCOPE UNDER LOCAL [BEDSIDE],SIGMOIDOSCOPE UNDER LOCAL [BEDSIDE]
LIS FISTULECTOMY,LIS FISTULECTOMY
LAMINECTOMY C3 4 C4 5 C LATERAL MASS SCREW,LATERAL MASS SCREW C LAMINECTOMY C4 5 6
DB DRESSING,DB DRESSING
LAPARASCOPIC RHC,LAPAROSCOPIC RHC
FISTULOTOMY SETON,FISTULOTOMY SETON
TUMOR RESECTION WITH HIPEC,TUMOR RESECTION WITH HIPEC
RT VENASEAL WITH LT USGFS,RT VENASEAL WITH LT USGFS
RT CRANIOTOMY C BIOPSY,RT CRANIOTOMY C BIOPSY
RFA BOTH GSV,RFA BOTH GSV
AVF LEFT CUBITAL UNDER LA,AVF LT CUBITAL UNDER LA
TCC OR REVISE AVBG,REVISED AVBG TCC
DLC INSERTION AT RT CFV,DLC INSERTION AT RT CFV
RIGHT PROGRAMMABLE VP SHUNT SOPHYSA,RIGHT PROGRAMMABLE VP SHUNT SOPHYSA
CLOSURE ILIOSTOMY,CLOSURE COLOSTOMY
LAMINECTOMY C BIOPSY C SCREW T1 3 C NAVIGATION,LAMINECTOMY C BIOPSY C SCREW T1 3 C NAVIGATION
RIGHT FRONTAL CRANIOTOMY C TUMOR REMOVAL,RT FRONTAL CRANIOTOMY C TUMOR REMOVAL
MICROSCOPE,MICROSCOPE
RF PALATE RF NOSE LA,RF NOSE PALATE LA
LT MINICRANIOTOMY C CLOT REMOVAL,LT MINICRANIOTOMY C CLOT REMOVAL
RIGHT SUBMANDIBULAR MASS EXCISION,RIGHT SUBMANDIBULAR MASS EXCISION
ENDOSCOPIC SEPTOPLASTY WITH BILAT FESS WITH MICRODEBRIDER,ENDOSCOPIC SEPTOPLASTY WITH BILAT FESS WITH MICRODEBRIDER
REMOVE FB UNDER MICRO,REMOVE FB UNDER MICRO
MODIFIED RADICAL MASTOIDECTOMY LT,RT MODIFIED RADICAL MASTOIDECTOMY
ENDOSCOPIC SPA LIGATION,ENDOSCOPIC SPA LIGATION
BIOPSY OF ORAL SOFT TISSUE,BIOPSY OF ORAL SOFT TISSUE
L,L
SINUSCOPE WITH COBLATOR ADENOID,SINUSCOPE WITH COBLATOR ADENOID
ENDOSCOPIC SEPTOPLASTY WITH INFERIOR TURBINOPLASTY WITH MICRODEBRIDER,ENDOSCOPIC SEPTOPLASTY WITH INFERIOR TURBINOPLASTY WITH MICRODEBRIDER
ENDOSCOPIC ENDONASAL TRANSSPHENOID APPROACH WITH TUMOR REMOVAL,ENDOSCOPIC ENDONASAL TRANSSPHENOID APPROACH WITH TUMOR REMOVAL
ENDOSCOPIC TUMOR REMOVAL WITH MICRODEBRIDER COBLATOR,ENDOSCOPIC TUMOR REMOVAL WITH MICRODEBRIDER COBLATOR
ORIF C PAF RT ZYGOMA,ORIF C PAF RT ZYGOMA
AUGMENTED RHINOPLASTY,AUGMENTED RHINOPLASTY
UPPER LOWER CORRECCTION,UPPER LOWER CORRECCTION
DL C TELE C BIOPSY TRACHEOSTOMY,DL C TELE C BIOPSY C TRACHEOSTOMY
BILAT MMA,BILAT MMA
RT HERNIOPLASTY LT HYDROCELECTOMY,RT HERNIOPLASTY LT HYDROCELECTOMY
ELEVATE DEPRESS SKULL FRACTURE C ORIF P S FIXATION,ELEVATE DEPRESS SKULL FRACTURE C ORIF P S FIXATION
URSL BILAT DJ,URSL BILAT DJ
LATERAL MASS SCREW FIXATION C5 7 WITH LAMINECTOMY C5 7,LATERAL MASS SCREW FIXATION C5 7 WITH LAMINECTOMY C5 7
CHANGE LT DJ STENTT,CHANGE RT DJ STENT
TUIBN,TUIBN
LAP BILATERAL NEPHRECTOMY,LAP BILATERAL NEPHRECTOMY
RT URS L WITH RESIDUAL DJ STENT REMOVAL,RT URS L WITH RESIDUAL DJ STENT REMOVAL
LIPOFILLING AND SUCTION,LIPOSUCTION AND LIPOFILLING
EGD BX IV SEDATE,EGD BX IV SEDATE
IOUS CAUDATE RESECTION S2 ANATOMICAL RESECTION,IOUS CAUDATE RESECTION S2 ANATOMICAL RESECTION
OPEN EXTENDED CHOLECYSTECTOMY EN BLOC COLON RIGHT SIDE,OPEN EXTENDED CHOLECYSTECTOMY EN BLOC COLON RIGHT SIDE
RT LUNG DECORTICATION,RT LUNG DECORTICATION
REMOVE ACCESORY BREAST LT RT,REMOVE ACCESORY BREAST LT RT
NEEDLE LOCALIZATION RT BREAST MASS R12,NEEDLE LOCALIZATION RT BREAST MASS R12
NEEDLE LOCALIZED EXCISION RILQ ABNORMAL CALCIFICATION,NEEDLE LOCALIZED EXCISION RILQ ABNORMAL CALCIFICATION
EXCISION RT BREAST MASS R11,EXCISION RT BREAST MASS
RT SLNB REWIDE EXCISION SUPERIOR MARGIN,RT SLNB REWIDE EXCISION SUPERIOR MARGIN
PORT A INSERTION RT IJV,PORT A INSERTION RT IJV
US GUIDED MICROWAVW ABLATION UNDER LA,US GUIDED MICROWAVW ABLATION UNDER LA
ABDOMINAL CLOSURE,ABDOMINAL CLOSURE
US GUIDED MICROWAVW ABLATION LEFT THYROID MASS,US GUIDED MICROWAVW ABLATION RIGHT THYROID MASS
MICROWAVE ABLATION BILATERAL THYROID MASS,MICROWAVE ABLATION BILATERAL THYROID MASS
WIDE EXCISION C FROZEN SECTION C NASOLABIAL FLAP COVER,WIDE EXCISION C FROZEN SECTION C NASOLABIAL FLAP COVERAGE
LEFT 5 TH FINGER AMPUTATION,LEFT 5 TH FINGER AMPUTATION
ENDOSCOPIC BILATERAL MSTECOMY SLNB WITH IMPLANT RECONSTRUCTION,ENDOSCOPIC BILATERAL MSTECOMY SLNB WITH IMPLANT RECONSTRUCTION
WIDE EXCISION OF LEFT BREAST,WIDE EXCISION OF LEFT BREAST
IMPALNT RECONSTRUCTION OF LEFT BREAST RIGHT BREAST LIFT,IMPALNT RECONSTRUCTION OF LEFT BREAST RIGHT BREAST LIFT
BCT SLNB MCE LICAP,BCT SLNB MCE LICAP
RT FRONTAL PROGRAMABLE VP SHUNT,RT FRONTAL PROGRAMABLE VP SHUNT
AVF LT CUBITAL ลงแผลสูง,AVF LT CUBITAL ลงแผลสูง
RT FRONTAL EVD C LT CRANIOTONY NC BLOOD CLOT REMOVAL,RT FRONTAL EVD C LT CRANIOTONY NC BLOOD CLOT REMOVAL
REVISE AVBG LT FOREARM PTA,REVISE AVBG LT FOREARM
RT VENASEAL,RT VENASEAL
SURGICAL DECOMPRESSION,SURGICAL DECOMPRESSION
CLOSURE LOOP COLOSTOMY,CLOSURE LOOP COLOSTOMY
CHEMMORPORT INSERTION,CHEMOPORT INSERTION
MESH REMOVAL,MESH REMOVAL
ANEURYSMECTOMY WITH PRIMARY REPAIR RT RADIAL A INTERPOSTION WITH RT BASILIC VEIN GRAFT,ANEURYSMECTOMY WITH PRIMARY REPAIR RT RADIAL A INTERPOSTION WITH RT BASILIC VEIN GRAFT
SEGMENTAL GRAFT REMOVAL WITH INTERPOSITION GRAFT LT FOREARM,SEGMENTAL GRAFT REMOVAL WITH INTERPOSITION GRAFT LT FOREARM
BILATERAL VENASEAL WITH RT PHLEBECTOMY,BILATERAL VENASEAL WITH RT PHLEBECTOMY
DOWNHILL BALLOON ANGIOPLASTY,DOWNHILL BALLOON ANGIOPLASTY RT LEG
BALLOON ANGIOPLASTY AT LT CEPHALIC VEIN,BALLOON ANGIOPLASTY AT LT CEPHALIC VEIN
LIGATE AVF LT CUBITAL TCC LT IJV,LIGATE AVF LT CUBITAL C TCC AT RT IJV
LIGATE AVF LT CUBITAL TCC LT IJV TRITON,LIGATE AVF LT CUBITAL TCC LT IJV TRITON
FISTULOGRAM PTA LT,FISTULOGRAM PTA
TCC LEFT IJV VENOGRAM,TCC LEFT IJV VENOGRAM
TCC LT IJV REMOVE TCC RT IJV CENTROS,TCC RT FV REMOVE TCC LT IJV CENTROS
DEBRIDEMENT AMPUTATION RT 1ST TOE,DEBRIDEMENT AMPUTATION RT 1ST TOE
TCC RT IJV LIGATE AVF LT CUBITAL,LIGATE AVF LT CUBITAL C TCC AT RT IJV
RT CAROTID ENDARTERECTOMY,RT CAROTID ENDARTERECTOMY
ANEURYSMECTOMY RT,ANEURYSMECTOMY
REVISED LT FOREARM LOOP AVBG,REVISE AVBG LT FOREARM
VATS C LLL LOBECTOMY,VATS C LLL LOBECTOMY
AVBG AT LT UPPER ARM,AVBG LT UPPER ARM
CROSSOVER BALLOON ANGIOPLASTY,CROSSOVER BALLOON ANGIOPLASTY LT LEG
LT CIA STENT WITH LT IIA EMBOLIZATION,LT CIA STENT WITH LT IIA EMBOLIZATION
DOWNHILL ANGIOPLASTY WITH PTA,DOWNHILL ANGIOPLASTY WITH PTA
LT VENOUS STRIPPING MULTIPLE PHLEBECTOMY,LT VENOUS STRIPPING MULTIPLE PHLEBECTOMY
ANEURYSMECTOMY AT RT UPPER ARM,ANEURYSMECTOMY RIGHT UPPER ARM
BILATERAL VENASEAL WITH RT MULTIPLE PHLEBECTOMY,BILATERAL VENASEAL WITH RT PHLEBECTOMY
OPEN REPAIR,OPEN REPAIR
PTA BALLOON ANGIOPLASTY,BALLOON ANGIOPLASTY
FISTULOGRAM WITH PTA STENT,FISTULOGRAM PTA STENT
RT BRACHIOBASILIC AVF,RT BRACHIOBASILIC AVF
VATS LUL LOBECTOMY C LN DISSECTION,VATS LUL LOBECTOMY WITH LN DISSECTION
REVISE AVF PROXIMALIZATION,REVISE AVF PROXIMALIZATION
VATS DECORTICATION,VATS DECORTICATION
LEFT AXILLO UNIFEMORAL BYPASS ENDARTERECTOMY,LEFT AXILLO UNIFEMORAL BYPASS ENDARTERECTOMY
CYSTOSCOPE TUF,CYSTOSCOPY TUF
EXPLOR SCROTUM WITH EXCISION,EXPLOR SCROTUM WITH EXCISION
CYSTOLITHOTRIPSY TUL,TUR P CYSTOLITHOTRIPSY
LAP LT NEPHRECTOMY,LT LAP NEPHRECTOMY
TUR P TUL,TUR P TUL
CYSTOSCOPY WITH IRRIGATE BLOOD CLOT,CYSTOSCOPY WITH IRRIGATE BLOOD CLOT
LT RIRS WITH LASER ENDOPYELOTOMY,LT RIRS WITH LASER ENDOPYELOTOMY
OPEN RADICAL NEPHRECTOMY นอกเวลา,OPEN RADICAL NEPHRECTOMY นอกเวลา
RADICAL ORCHIDECTOMY RT,RT RADICAL ORCHIECTOMY
FLEXIBLE CYSTOSCOPY SURVEILLANCE RT DJ STENT PLACEMENT,FLEXIBLE CYSTOSCOPY SURVEILLANCE RT DJ STENT PLACEMENT
CYSTOSCOPY HYDRODISTENSION,CYSTOSCOPY HYDRODISTENSION
TRUS BIOPSY CYSTOSCOPY,TRUS BIOPSY CYSTOSCOPY
LAP NEPHRECTOMY RT,LAP RT NEPHRECTOMY
CHANGE LT DJ STENT,CHANGE RT DJ STENT
REDO LT MVD,REDO LT MVD
PCN,PCN
OFF DJ STENT UNDER TIVA,OFF DJ STENT UNDER TIVA
FCYSTOSCOPY เตรียม GUIDE WIRE กับ S CURVE,FCYSTOSCOPY เตรียม GUIDE WIRE กับ S CURVE
LT DJ STENT REMOIVAL WITH RP RIRS,LT DJ STENT REMOIVAL WITH RP RIRS
UPPER LOWER EYELID CORRECTURE,CORRECTURE UPPER EYELID
CORRECTION OF EYEYLID,CORRECTION OF EYELID
DJ STEMT REMOVAL,DJ STENT REMOVAL
CLOSED REDUCTION WITH NASAL PACKING,CLOSED REDUCTION WITH NASAL PACKING
CYSTOSCOPY LITHOLAPXY,CYSTOSCOPY LITHOLAPXY
TRU P,TRU P
PALATE EXAM REDU PALATOPLASTY,PALATE EXAM REDU PALATOPLASTY
TURF,TURF
OCHIECTOMY,OCHIECTOMY
EGD COLONSOCOPY THEN ROGHT HERNIOPLASTY,EGD COLONSOCOPY THEN ROGHT HERNIOPLASTY
CYSTO LT URS L URETERIC DILATION FLEXIBLE URS URETHRAL DIVERTICULAECTOMY TRANSVAGINAL,CYSTO LT URS L URETERIC DILATION FLEXIBLE URS URETHRAL DIVERTICULAECTOMY TRANSVAGINAL
L3 4 5 LAMINECTOMY WITH PDS FIXATION MIS SCREW,L3 4 5 LAMINECTOMY WITH PDS FIXATION MIS SCREW
PROGRAMABLE LP SHUNT,PROGRAMABLE LP SHUNT
LAR DIVERT OSTOMY OPEN WEDGE S6 7,LAR DIVERT OSTOMY OPEN WEDGE S6 7
OPEN LHC,OPEN LHC
LAMINECTOMY L2 3 WITH PDS FIXATION ต่อ ROD L2 S1,LAMINECTOMY L2 3 WITH PDS FIXATION ต่อ ROD L2 S1
EXCISION LIS,EXCISION LIS
REDO MVD,REDO MVD
RT RETROSIGMOID CRANIOTOMY WITH CSF LEAKAGE REPAIR,RT RETROSIGMOID CRANIOTOMY WITH CSF LEAKAGE REPAIR
TLIF L4 5 MIS,MIS TLIF L4 5
PEDICULAR SCREW FIXATION C6 T1 WITH LAMINECTOMY C7,PEDICULAR SCREW FIXATION C6 T1 WITH LAMINECTOMY C7
TRANSPEDICULAR SKREW T6 7 9 10 WITH TUMOR REMOVAL UNDER NAVIGATION,TRANSPEDICULAR SKREW T6 7 9 10 WITH TUMOR REMOVAL UNDER NAVIGATION
RT CRANIOTOMY TUMOR REMOVAL,CRANIOTOMY C TUMOR REMOVAL
ESOPHAGOSCOPY WITH REMOVE FB,ESOPHAGOSCOPY WITH REMOVE FB
FISTULOTOMY LIFT,FISTULOTOMY LIFT
SYBCUTENEOUS MASTECTOMY,SUBCUTANEOUS MASTECTOMY
BILAT REVISION FESS NAVIGATOR,REVISION BILAT FESS WITH NAVIGATOR
CLOSURE FISTULA OF TRACHEA,CLOSURE FISTULA OF TRACHEA
REVISION FESS NAVIGATOR,REVISION FESS NAVIGATOR
DL C MICRO EXCISION,MICRO DL C EXCISION
ALTEMIERE WITH LEVATOPLASTY,ALTEMIERE WITH LEVATOPLASTY
T A GA COBLATOR,T A GA COBLATOR
ORIF C PLATE SCREW FIXATION C ARCH BAR INTERMAXILLAR FIXATION C LT ZYGOMATIC ARCH REDUCTION,ORIF C PLATE SCREW FIXATION C ARCH BAR INTERMAXILLAR FIXATION C LT ZYGOMATIC ARCH REDUCTION
RE WIDE EXCISION WITH FTSG DONOR LEFT HAND,RE WIDE EXCISION WITH FTSG DONOR LEFT HAND
WIDE EXCISION RT THIGH STSG,WIDE EXCISION RT THIGH STSG
CORRECTION NOSE,CORRECTION NOSE
REMOVE BILAT BREAST IMPLANT,REMOVE BILAT BREAST IMPLANT
CLOSED STUMP,STUMP CLOSURE
RT URS WITH LASER CYSTOLITHOTRIPSY WITH DJ STENT EXCHANGING,RT URS WITH LASER CYSTOLITHOTRIPSY WITH DJ STENT EXCHANGING
BLEPHALOPATHY,BLEPHALOPATHY
EGD COLONOSCOPY ANAL STRICTUROPLASTY,EGD COLONOSCOPY ANAL STRICTUROPLASTY
BILAT DOWNHILL ANGIOPLASTY BOTH LEG,BILAT DOWNHILL ANGIOPLASTY BOTH LEG
AVF AT LT CUBITAL AREA,AVF AT LT CUBITAL AREA
ANGIOPLASTY RT LEG,ANGIOPLASTY RT LEG
VENOGRAM BALLOON VENOPLASTY,VENOGRAM BALLOON VENOPLASTY
ANGIOPLASTY RT LEG CROSSOVER,CROSSOVER ANGIOPLASTY RT LEG
RT CAROTID ARTERY COVER STENT,RT CAROTID ARTERY COVER STENT
FISTULOGRAM PTA RT,FISTULOGRAM PTA
FISTULOLGRAM PTA,FISTULOGRAM PTA
TCC RT LT IJV,TCC RT LT IJV
LT BB TRANSPOSTION,LT BB TRANSPOSITION
SUPERFICIALIZATION AVF LT CUBITAL,SUPERFICALIZATION OF AVF LT CUBITAL
THROMBECTOMY PERM RIGHT IJV,THROMBECTOMY PERM RIGHT IJV
REVISED TCC LT IJV BALLOON VENOPLASTY,REVISED TCC LT IJV BALLOON VENOPLASTY
SET OR FOR AVBG LT FOREARM UNDER LOCAL,SET OR FOR AVBG LT FOREARM UNDER LOCAL
AVF LT FOREARM OR TB1,AVF LT FOREARM OR TB1
BALLOON PTA FISTULOGRAM,BALLOON PTA FISTULOGRAM
AVF RT FOREARM OR CUBITAL,AVF RT FOREARM OR CUBITAL
LIGATE AVF TCC RT LT IJV,LIGATE AVF TCC RT LT IJV
BALLON ANGIOPLASTY LT,BALLOON ANGIOPLASTY
REVISED AVBG LT FOREARM,REVISE AVBG LT FOREARM
VATS AND DECORTICATE,VATS AND DECORTICATE
OPEN SEGMENTECTOMY 5 6 OC,OPEN SEGMENTECTOMY 5 6 OC
OPEN RAMPS PANCREATECTOMY SPLENECTOMY TISSUE RESECTION LND > ANTR RAMPS,OPEN RAMPS PANCREATECTOMY SPLENECTOMY TISSUE RESECTION LND > ANTR RAMPS
OPEN DP WARSHAW TECHNIQUE,OPEN DP WARSHAW TECHNIQUE
CHANGE VAC DRESSING ABDOMINAL TOILET TRACHEOSTOMY,CHANGE VAC DRESSING ABDOMINAL TOILET TRACHEOSTOMY
HIGH LIGATIOIN WITH VENOUS STRIPPING RT LEG PHLEBECTOMY,HIGH LIGATIOIN WITH VENOUS STRIPPING RT LEG PHLEBECTOMY
GASTRO COLONSOCOPE,GASTRO COLONOSCOPE
RT MASTECTOMY WITH TAD,RT MASTECTOMY WITH TAD
PALLIATIVE MASTECTOMY,PALLIATIVE MASTECTOMY
LIGATE AVF RT WRIST AVF LT CUBITAL,AVF LT CUBITAL LIGATE AVF LT WRIST
LT HL WITH VS,LT HL WITH VS
COLONOSCOPY C STENT INSERTION,COLONOSCOPY C STENT INSERTION
REVISE PERM,REVISE PERM
LAP SIGMOIDECTOMY LC,LAP SIGMOIDECTOMY
EXPLORE WOUND WITH OPEN DRAINAGE,EXPLORE WOUND WITH OPEN DRAINAGE
LAP LAR CAA DAI,LAP LAR CAA DAI
LIGATE AVF WITH TCC AT LT IJV,LIGATE AVF WITH TCC RT IJV
LAP APR C LC,LAP APR C LC
BALLOON VENOPLASTY LIGATE TRIBUTARY,BALLOON VENOPLASTY LIGATE TRIBUTARY
LASER HAEMORRHOIDOPLASTY,LASER HEMORRHOIDOPLASTY
FISTULOGRAM C PTA,FISTULOGRAM PTA
LASER HEMOPRRHOIDOPALSTY,LASER HEMORRHOIDOPLASTY
BILATERAL RFA WITH MULTIPLE RT PHLEBECTOMY,BILATERAL RFA WITH MULTIPLE PHLEBECTOMY
RFA RT LEG C STAB AVULSION,RFA RT LEG C STAB AVULSION
TCC AT RT OR LT IJV,TCC AT RT OR LT IJV
REVISE AVBG RT FOREARM PTA,REVISE AVBG RT FOREARM PTA
REVISE TCC LT IJV BALLOON VENOPLASTY,REVISED TCC LT IJV BALLOON VENOPLASTY
RT HL WITH VS WTIH MULTIPLE PHLEBECTOMY,RT HL WITH VS WITH MULTIPLE PHLEBECTOMY
BILATERAL SSV LIGATION WITH DISTAL SCLEROTHERAPY,BILATERAL SSV LIGATION WITH DISTAL SCLEROTHERAPY
TRANSFEMORAL BRACHIAL STENTING,TRANSFEMORAL BRACHIAL STENTING
CROSSOVER ANGIOPLASTY OF LT LEG,CROSSOVER ANGIOPLASTY RT LEG
RT FISTULOGRAM PTA,FISTULOGRAM PTA
PMEG 4FEN EVAR,PMEG 4FEN EVAR
FISTULOGRAM C STENT,FISTULOGRAM C STENT
COIL EMBOLIZATION LT IIA COVER STENT LT CIA,COIL EMBOLIZATION LT IIA COVER STENT LT CIA
LIGATE CEPHALIC BRANCH AVF LT WRIST,LIGATE CEPHALIC BRANCH AVF LT WRIST
TB2 LT UPPER ARM,TB2 LT UPPER ARM
FISUTLOGRAM PTA,FISTULOGRAM PTA
REVISE TCC LT IJV VENOGRAM,REVISE TCC LT IJV VENOGRAM
DOWNHILL ANGIOPLASTY LT LEG,DOWNHILL ANGIOPLASTY OF LT LEG
T BSP PARTIEAL UVULECTOMY RF NOSE GA,T BSP PARTIAL UVULECTOMY RF NOSE GA
EGD COLONOCOPY,EGD COLONOSCOPY
ENDOSCOPIC ADENOIDECTOMY WITH COBLATOR RF IT,ENDOSCOPIC ADENOIDECTOMY WITH COBLATOR RF IT
LT TOTAL PAROTIDECTOMY C LT MRND,LT TOTAL PAROTIDECTOMY C LT MRND
T A COBLATOR POST OP PICU,T A COBLATOR POST OP PICU
ENDOSCOPIC TUMOR REMOVAL WITH NAVIGATOR,ENDOSCOPIC TUMOR REMOVAL NAVIGATOR
SPHENOIDOTOMY WITH NAVIGATOR,SPHENOIDOTOMY WITH NAVIGATOR
RF PALATE NOSE,RF NOSE PALATE LA
RT ENDOSCOPIC TYMPANOPLASTY LA,LT ENDOSCOPIC TYMPANOPLASTY
ESS,ESS
IAND D AND EXCISION,IAND D AND EXCISION
D L C BIOPSY C ESOPHAGOSCOPY,D L C BIOPSY C ESOPHAGOSCOPY
LT VASECTOMY,LT MASTECTOMY
REVISION BILAT FULLHOUSE FESS NAVIGATOR SEPTOPLASTY,REVISION BILAT FULLHOUSE FESS NAVIGATOR SEPTOPLASTY
AVF RT CUBITAL ต่อ CUBITAL VEIN,AVF RT CUBITAL ต่อ CUBITAL VEIN
CORRECTURED UPPER EYELID,CORRECTURE UPPER EYELID
URETHRAL DILATION BY RIGID CYSTOSCOPY,RIGID CYSTOSCOPY C URETHRAL DILATION
CYSTOSCOPY WITH CHANGE BILATERAL DJ STENT,CYSTOSCOPY WITH CHANGE BILATERAL DJ STENT
LOWER BLEPHAROPLAST,LOWER BLEPHAROPLASTY
CYSTOLITHOTRIPSY WITH RT URSL,CYSTOLITHOTRIPSY WITH RT URSL
OR FOR WIDE EXCISION ON NOSE AND LEFT TEMPORAL REA AND EC 10 10 2024,OR FOR WIDE EXCISION ON NOSE AND LEFT TEMPORAL REA AND EC 10 10 2024
WIDE EXCISION AND SKIN GRAFT,WIDE EXCISION SKIN GRAFT
OSTECTOMY,OSTECTOMY
DJ STENT EXCHANGING NO 4 7 > เปลี่ยนเป็น OFF,DJ STENT EXCHANGING NO 4 7 > เปลี่ยนเป็น OFF
LT URSL REMOVE RT DJ STENT,LT URSL REMOVE DJ STENT
WIDE EXCISION WITH FLAP COVERAGE,WIDE EXCISION WITH FLAP COVERY
EXCISION I D,I D EXFCISION
RT URS BIOPSY,RT URS BIOPSY
BILAT DJ STENT INSERTION,BILAT DJ STENT INSERTION
REMOVAL MASS AT FOREHEAD PTOSIS CORRECTION MASS EXCISOIN LOWER BLEPHAROPLASTY,REMOVAL MASS AT FOREHEAD PTOSIS CORRECTION MASS EXCISOIN LOWER BLEPHAROPLASTY
RFA RT LEG STAB AVULSION,RFA RT LEG C STAB AVULSION
EXCISIONAL BIOPSY LT SUPRACLAVICULAR LN UNDER LA,EXCISIONAL BIOPSY LT SUPRACLAVICULAR LN UNDER LA
AVF LT OR RT FOREARM,AVF LT FOREARM OR TB1
OPEN RIGHT THYROID LOBECTOMY,OPEN RIGHT THYROID LOBECTOMY
BCT SLNB,BCT SLNB
1 MICRODOCHECTOMY LEFT BREAST 2 MICRODOCHECTOMY OF RIGHT BREAST 3 EXCISION OF RIGHT BREAST,1 MICRODOCHECTOMY LEFT BREAST 2 MICRODOCHECTOMY OF RIGHT BREAST 3 EXCISION OF RIGHT BREAST
INTERVAL LAP APPENDECTOMY,INTERVAL LAP APPENDECTOMY
LT FOREARM BASILLIC VEIN TRANPOSITION,BASILLIC VEIN TRANPOSITION RT FOREARM
MINICRANIOTOMY WITH CLOT REMOVAL TRACHEOSTOMY,MINICRANIOTOMY WITH CLOT REMOVAL TRACHEOSTOMY
LT CRANIECTOMY C CLOT REMOVAL,CRANIOTOMY C CLOT REMOVAL
BILATERAL HIGH LIGATION WITH VENOUS STRIPPING WITH MULTIPLE PHLEBECTOMY,BILATERAL HIGH LIGATION WITH VENOUS STRIPPING WITH MULTIPLE PHLEBECTOMY
BILATERAL BURR HOLE WITH IRRIGATION,BILATERAL BURR HOLE WITH IRRIGATION
T2 4 LAMINECTOMY WITH TUMOR REMOVAL,LAMINECTOMY WITH TUMOR REMOVAL
LAMINECTOMY W PDS FIXATION L 3 5,LAINECTOMY W PDS FIXATION L 2345
RFA HEMORRHIOIDOPEXY,RFA HEMORRHOIDOPEXY
LAMINECTOMY WITH PDS FIXATION L2 L4,LAMINECTOMY WITH PDS FIXATION L4 5
MIS PDS C LAMINECTOMY L4 5,MIS L4 5 LAMINECTOMY C PDS
LAMINECTOMY WITH PDS FIXATION L4 S1 EXTEND ROD FROM L3,LAMINECTOMY WITH PDS FIXATION L4 S1 EXTEND ROD FROM L3
ACDF C4 5 PEEK PLATE AND C7 T1 DIVA LAMINECTOMY C4 5 AND C7 T1 WITH LATERAL MASS SCREW FIXATION,ACDF C4 5 PEEK PLATE AND C7 T1 DIVA LAMINECTOMY C4 5 AND C7 T1 WITH LATERAL MASS SCREW FIXATION
MIS TLIF L 4 5,MIF TLIF L 4 5
LAMINOTOMY L5 C TUMOR REMOVAL,LAMINOTOMY L5 C TUMOR REMOVAL
OPEN L3 4 L4 5 PDS C LAMINECTOMY,OPEN L3 4 L4 5 PDS C LAMINECTOMY
L3 5 MIS PDS C LAMINECTOMY,MIS L4 5 LAMINECTOMY C PDS
T10 11 L1 2 PDS C LAMINECTOMY T11,T10 11 L1 2 PDS C LAMINECTOMY T11
LASER HEMORRHOIDOPLASTY HEMORRHOIDECTOMY,LASER HEMORRHOIDOPLASTY HEMORRHOIDECTOMY
ENDOSCOPE NAVIGATE GLUE DURAเทียม,ENDOSCOPE NAVIGATE GLUE DURAเทียม
REVISION BILAT FESS NAVIGATOR,REVISION BILAT FESS WITH NAVIGATOR
OPEN SUBTOTAL COLECTOMY,LAP SUBTOTAL COLECTOMY
T A COBLATOR,T A GA COBLATOR
EXCISION NECK MASS,EXCISION NECK MASS
CENTRAL QUANDRANTECTOMY OF RIGHT BREAST,CENTRAL QUANDRANTECTOMY OF RIGHT BREAST
RT TOTAL MASTECTOMY WITH SLNB WITH PROPHYLAXIS LT MASTECTOMY,RT TOTAL MASTECTOMY WITH SLNB WITH PROPHYLAXIS LT MASTECTOMY
PROPHYLAXIS BILATERAL MASTECTOMY,PROPHYLAXIS BILATERAL MASTECTOMY
LIMIT AMPUTATION LT 4TH 5TH TOE,LIMIT AMPUTATION LT 4TH 5TH TOE
CLOSURE LOOP ILEOSTOMY,CLOSURE LOOP COLOSTOMY
EGD COLONOSCOPE EXAM UNDER ANESTHESIA,EGD COLONOSCOPE EXAM UNDER ANESTHESIA
MWA MULTIPLE LEFT THYROID MASS,MWA MULTIPLE LEFT THYROID MASS
MWA RIGHT THYROID CYST,MWA RIGHT THYROID CYST
LAMINECTOMY W PDS L2 3 MIS,LAMINECTOMY W PDS L2 3 MIS
ACDF C567 PLATE ALLOGRAFT,ACDF C567 PLATE ALLOGRAFT
MWA UNDER U S GUIDED,MWA UNDER U S GUIDED
LAMINECTOMY WITH PDS FIXATION,LAMINECTOMY WITH PDS FIXATION L4 5
CRANIOPLASTY UNDER GA,CRANIOPLASTY UNDER GA
DECOMPRESSION LAMINECTOMY T SPINE WITH EXCISIONAL BIOPSY,DECOMPRESSION LAMINECTOMY T SPINE WITH EXCISIONAL BIOPSY
VAT LLL LOBECTOMY AND LN DISSECTION AND FROZEN SECTION,VAT LLL LOBECTOMY AND LN DISSECTION AND FROZEN SECTION
OP : RT OCCIPITAL CRANIOTOMY WITH TUMOR REMOVAL,OP : RT OCCIPITAL CRANIOTOMY WITH TUMOR REMOVAL
MWA,MWA
CORPECTOMY C5 WITH C4 C6 FUSION,CORPECTOMY C5 WITH C4 C6 FUSION
ACDF,ACDF
LAMINECTOMY C PDS FIXATION L345 S1,LAMINECTOMY C PDS FIXATION L2345
LAMINECTOMY WITH PDS T10 T11,LAMINECTOMY WITH PDS T10 T11
REDO RT MVD,REDO RT MVD
RETROSIGMOID TUMOR BIOPSY,RETROSIGMOID TUMOR BIOPSY
ACDF C3456 WITH PEEK PLATE,ACDF C3456 WITH PEEK PLATE
ACDF C34567 DIVA,ACDF C34567 DIVA
RT CRANIECTOMY WITH TUMOR REMOVAL,CRANIOTOMY WITH TUMOR REMOVAL
RIGHT NSM SLNB LEFT PROPHYLAXIS MASTECTOMY IMMEDIATE IMPLANT RECONSTRUCTION,RIGHT NSM SLNB LEFT PROPHYLAXIS MASTECTOMY IMMEDIATE IMPLANT RECONSTRUCTION
LEFT OCCIPITAL CRANIOTOMY WITH AVM EXCISION,LEFT OCCIPITAL CRANIOTOMY WITH AVM EXCISION
SUPRAORBITAL CRANIOTOMY,SUPRAORBITAL CRANIOTOMY
PDS C LAMINECTOMY L2 L5 UNDER NAVIGATOR BRAIN LAB,PDS C LAMINECTOMY L2 L5 UNDER NAVIGATOR BRAIN LAB
OPEN NOVASPINE L4 5 PDS C LAMINECTOMY,OPEN NOVASPINE L4 5 PDS C LAMINECTOMY
KISSING STENT,KISSING STENT
REPAIR ANEURYSM UNDER BRACHIAL PLEXUS BLOCK,REPAIR ANEURYSM UNDER BRACHIAL PLEXUS BLOCK
L4 5 S5 S1 PDS C LAMINECTOMY OPEN PRODOT,L4 5 S5 S1 PDS C LAMINECTOMY OPEN PRODOT
MIS TLIF L5 S1 L4 5,MIS TLIF L5 S1 L4 5
RFA RT LEG,RFA RT LEG
ANEURYMECTOMY,ANEURYSMECTOMY
PTA FISTULOGRAM,FISTULOGRAM PTA
AVF RT,AVF RT
LIGATE AVF RT CUBITAL TCC RT IJV CENTROS,LIGATE AVF RT CUBITAL TCC RT IJV CENTROS
EVAR USING BIFURCATED GRAFT,EVAR USING BIFURCATED GRAFT
HL WITH VS WITH MULTIPLE PHLEBECTOMY LT LEG,HL WITH VS WITH MULTIPLE PHLEBECTOMY LT LEG
RT PTERIONAL CRANIOTOMY WITH TUMOR REMOVAL,RT PTERIONAL CRANIOTOMY WITH TUMOR REMOVAL
CERAB ENDARTERCTOMY RT CFA,CERAB ENDARTERCTOMY RT CFA
OEPN SUBTOTAL GASTRECTOMY WITH D2 LYMPHADENECTOMY WITH PERITONEAL LAVAGE,OEPN SUBTOTAL GASTRECTOMY WITH D2 LYMPHADENECTOMY WITH PERITONEAL LAVAGE
ANGIOGRAM PTA RT LEG,ANGIOGRAM PTA RT LEG
RIGHT PROGRAMMABLE VP SHUNT,RT PROGRAMMABLE VP SHUNT
AVF AT LT WRIST UNDER LA,AVF LT WRIST UNDER LA
LT THORACOTOMY WITH DECORTICATION,LT THORACOTOMY WITH DECORTICATION
VATS TOTAL THYMECTOMY WITH WEDGE RESECTION RUL,VATS TOTAL THYMECTOMY WITH WEDGE RESECTION RUL
VATS WEDGE RESECTION OF RUL NODULE,VATS WEDGE RESECTION RML NODULE
VATS WEDGE RESECTION LLL NODULE WITH FROZEN SECTION LLL LOBECTOMY,VATS WEDGE RESECTION LLL NODULE WITH FROZEN SECTION LLL LOBECTOMY
LAPAROSCOPIC BDR ROUX EN Y HEPATICOJEJUNOSTOMY OPEN,LAPAROSCOPIC BDR ROUX EN Y HEPATICOJEJUNOSTOMY OPEN
REPAIR ARTERY,REPAIR ARTERY
BILATERAL MINICRANIOTOMY,BILATERAL MINICRANIOTOMY
EL WITH AR WITH WEDGE BLADDER,EL WITH AR WITH WEDGE BLADDER
LAMINECTOMY L3 WITH L2 4 PDS FIXATION,L3 4 LAMINECTOMY WITH L3 S1 PDS FIXATION
VACUUM DRESSING C ABDOMINAL TOILET,ABDOMINAL TOILET C VAC DRESSING
RIGHT NSM WITH SLNB LEFT PROPHYLAXIS NSM,RIGHT NSM WITH SLNB LEFT PROPHYLAXIS NSM
RIGHT RETROSIGMOID SUBOCCIPITAL CRANIOTOMY SOC WITH TUMOR REMOVAL,RT RETROSIGMOID SUBOCCIPITAL CRANIOTOMY C TUMOR REMOVAL
VACCUUM DRESSING C ABDOMINAL TOILET,ABDOMINAL TOILET C VAC DRESSING
REMOVE SILICONE BOTH BREAST,REMOVE SILICONE BOTH BREAST
ORIF C PLATE SCREW FIXATION,ORIF C PLATE SCREW FIXATION
VAE LT BREAST L9,VAE LT BREAST L9
CLOSE REDUCTION C K WIRE FIXATION,CLOSED REDUCTION WITH K WIRE FIXATION
RT NASAL ALAR RECONSTRUCTION,RT NASAL ALAR RECONSTRUCTION
ORIF WITH PLATE AND SCREW FIXATION WITH ARCH BAR MMF,ORIF WITH PLATE AND SCREW FIXATION WITH ARCH BAR MMF
ORIF WITH P S WITH ARCH BAR MMF,ORIF WITH P S WITH ARCH BAR MMF
PTOSIS,PTOSIS
VASECTOMY ใช้ MAGNET,VASECTOMY ใช้ MAGNET
CYSTOSCOPY C FOLEY INSERTION,CYSTOSCOPY C FOLEY INSERTION
EXTENDED WHIPPLE OPERATION INTRA OP FROZEN SECTION IOUS,EXTENDED WHIPPLE OPERATION INTRA OP FROZEN SECTION IOUS
FLEXIBLE CYSTOSCOPE C DJ STENT REMOVAL,FLEXIBLE CYSTOSCOPY C DJ STENT REMOVAL
EXCISION PARAFIN,EXCISION PARAFFINOMA
VAE RT BREAST MASS,VAE RT BREAST MASS
OPEN WHIPPLE OPERATION,OPEN WHIPPLE OPERATION
OPEN LEFT HEPATECTOMY,OPEN LEFT HEPATECTOMY
FLEXIBLE CYSTOSCOPE UNDER LA,FLEXIBLE CYSTOSCOPY UNDER LA
LEFT VERICOCELECTOMY,LT VARICOCELECTOMY
CHOLECYSTOGRAM,CHOLECYSTOGRAM
TUR P > เปลี่ยนเป็น REZUM,TUR P > เปลี่ยนเป็น REZUM
OPEN RIGHT POSTERIOR SECTIONECTOMY WEDGE S4 8 OC,OPEN RIGHT POSTERIOR SECTIONECTOMY WEDGE S4 8 OC
OC REPAIR SB CHOLANGIOGRAM FROZEN SECTION CYSTIC DUCT MARGIN PYLORIC EXCLUSION GJA WHIPPLE???,OC REPAIR SB CHOLANGIOGRAM FROZEN SECTION CYSTIC DUCT MARGIN PYLORIC EXCLUSION GJA WHIPPLE???
VATS LUL LOBECTOMY WITH LYMPHNODE DISSECTION,VATS RML LOBECTOMY WITH LYMPH NODE DISSECTION
BUCCAL GRAFT URETHROPLASTY,BUCCAL GRAFT URETHROPLASTY
BILAT RP DJ STENTS,BILAT RP DJ STENTS
SCAR REVISION C UMBILICOPLASTY,SCAR REVISION C UMBILICOPLASTY
VATS WITH LLLOBECTOMY AND LN DISSECTION,VATS WITH LLLOBECTOMY AND LN DISSECTION
VATS RLL LOBECTOMY,VATS RUL LOBECTOMY
WIDE EXCISION SPC,WIDE EXCISION SPC
RT FRONTAL CRANIOTOMY WITH TUMOR REMOVAL,RT PTERIONAL CRANIOTOMY WITH TUMOR REMOVAL
TPS T7 T9 UNDER NAVIGATE,TPS T7 T9 UNDER NAVIGATE
LEFT CRANIOTOMY WITH REMOVE CLOT,LEFT CRANIOTOMY WITH REMOVE CLOT
SEPTOPLASTY,SEPTOPLASTY
T BSP AP RF NOSE GA,T BSP RF NOSE GA
TONSILLECTOMY WITH RFIT UNDER GA,TONSILLECTOMY WITH RFIT UNDER GA
INCISIONAL BIOPSY BILAT LN WITH RT PERITONSILLAR BIOPSY UNDER LA,INCISIONAL BIOPSY BILAT LN WITH RT PERITONSILLAR BIOPSY UNDER LA
RF NOSE T UPPP,RF NOSE T UPPP
PROPHYLACTIC TRACHEOSTOMY,PROPHYLAXIS TRACHEOSTOMY
NASAL ENDOSCOPE REMOVE PACKING STOP BLEEDING RT SPA LIGATION,NASAL ENDOSCOPE REMOVE PACKING STOP BLEEDING RT SPA LIGATION
LT SPHENOIDECTOMY MICRODEBRIDER NAVIGATOR,LT SPHENOIDECTOMY MICRODEBRIDER NAVIGATOR
SUBCUTANEOUS MASTECOMY,SUBCUTANEOUS MASTECTOMY
VAC DRESSING WITH ABDOMINAL TOILET,ABDOMINAL TOILET WITH CHANGE VAC DRESSING
ENDOSCOPIC INFERIOR TURBINOPLASTY,ENDOSCOPIC INFERIOR TURBINOPLASTY
EXPLORE WOUND AND REMOVE FOREIGN BODY,EXPLORE WOUND AND REMOVE FOREIGN BODY
DISE BSP RF NOSE GA แจ้งดมยาใช้เครื่อง MONITOR BIS,DISE BSP RF NOSE GA แจ้งดมยาใช้เครื่อง MONITOR BIS
LT BCT TAD,LEFT BCT TAD
RFIT,RFIT
EXCISION RT BREATS MASS,EXCISION RT BREAST MASS
RE EXPLORED LAPAROTOMY CLOSURE ABDOMEN,RE EXPLORED LAPAROTOMY CLOSURE ABDOMEN
ORIF WITH PLATE AND SCREW,ORIF WITH PLATE AND SCREW
EXCISION MASS LT HAND UNDER MICROSCOPE,EXCISION MASS LT HAND UNDER MICROSCOPE
HL C VENOUS STRIPPING C STAB AVULSION LT LEG,VENOUS STRIPPING STAB AVULSION RT LEG
EXCISIONAL BIOPSY LA,EXCISIONAL BIOPSY
MASS AT RT HIP,MASS AT RT HIP
EXCISIONAL BIOPSY X 2 SITE,EXCISIONAL BIOPSY X 2 SITE
EXPLORED TO REMOVE FB,EXPLORED TO REMOVE FB
VACUUM DRESSING ABDOMINAL TOILET,ABDOMINAL TOILET C VAC DRESSING
EXCISION BILATERAL BREAST MASS,EXCISION BILATERAL BREAST MASS
REPEAT RF NOSE LA,REPEAT RF NOSE LA
EL WITH TUMOR REMOVAL,EL WITH TUMOR REMOVAL
LEFT BCT WIRE LOCALIZATION BY RADIOLOGIST TAD GASTRO COLONOSCOPE,LEFT BCT WIRE LOCALIZATION BY RADIOLOGIST TAD GASTRO COLONOSCOPE
EXCISIONAL BIOPSY UNDER GA,EXCISIONAL BIOPSY UNDER GA
RE MASTECTOMY OF LEFT BREAST,RE MASTECTOMY OF LEFT BREAST
WIRE LOCALIZATION C WIDE EXCISION DCIS LT BREAST,WIRE LOCALIZATION C WIDE EXCISION DCIS LT BREAST
REVISE TCC AT RT FV,REVISE TCC AT RT FV
EXCISION OF RIGHT AXILLARY BREAST,EXCISION OF RIGHT AXILLARY BREAST
VAE OF BOTH BREAST,VAE OF BOTH BREAST
RIGHT MICRODOCHECTOMY,RIGHT MICRODOCHECTOMY
BALLOON ANGIOPLASTY LEFT AVG,BALLOON ANGIOPLASTY LEFT AVG
EXCISION DUCT LT BREAST,EXCISION DUCT LT BREAST
RT HIGH LIGATION WITH VENOUS STRIPPING WITH PHLEBECTOMY,LT HIGH LIGATION WITH VENOUS STRIPPING WITH PHLEBECTOMY
REMOVE IMPLANT OF LEFT BREAST,REMOVE IMPLANT OF LEFT BREAST
VENASEAL LT LEG WITH PHLEBECTOMY,VENASEAL LT LEG WITH PHLEBECTOMY
SEGMENTAL GRAFT REMOVAL WITH ANASTOMOSIS,SEGMENTAL GRAFT REMOVAL WITH ANASTOMOSIS
TCC LT IJV LIGATE AVF LT WRIST,TCC LT IJV LIGATE AVF LT WRIST
ANGIOGRAM WITH BALLOON ANGIOPLASTY WITH REVICE TCC RT SC,ANGIOGRAM WITH BALLOON ANGIOPLASTY WITH REVICE TCC RT SC
LT BCT C SLNB,RT BCT C SLNB
RT TM C SLNB,RT TM C SLNB
OPEN TTD WITH BILAT CND WITH RIGHT MRND,OPEN TTD WITH BILAT CND WITH RIGHT MRND
ED COLONOSCOPY BX,ED COLONOSCOPY BX
LAP LAR WITH HIGH LIGATION,LAP LAR WITH HIGH LIGATION
BILATERAL CRANIECTOMY,BILATERAL CRANIECTOMY
REALIGNING STENT AT BOTH CIAS,REALIGNING STENT AT BOTH CIAS
DEBRIDEMENT AND SUTURE,DEBRIDEMENT AND SUTURE
VENOUS STRIPPING WITH STAB AVULSION AT BOTH LEGS,VENOUS STRIPPING WITH STAB AVULSION AT BOTH LEGS
LAMINECTOMY C PDS FIXATION L4L5S1 MIS,LAMINECTOMY C PDS FIXATION L4 5 MIS
FISTULOGRAM BALLOON VENOPLASTY LT ARM,FISTULOGRAM BALLOON VENOPLASTY
TENCKHOFF INSERTION,TENCKHOFF INSERTION
FISTULOGRAM OFF TCC LT IJV,FISTULOGRAM OFF TCC LT IJV
REVISE AVBG UNDER LA,REVISE AVBG UNDER LA
BILAT RFA WITH BILAT PHLEBECTOMY,BILAT RFA WITH BILAT PHLEBECTOMY
FISTULOGRAM PTA LT CUBITAL AVF,FISTULOGRAM PTA LT CUBITAL AVF
AVF LT CUBITAL REPAIR PSEUDOANERUYSM LT BRACHIAL,AVF LT CUBITAL REPAIR PSEUDOANERUYSM LT BRACHIAL
REMOVE AVBG REPAIR LT BRACHIAL A,REMOVE AVBG REPAIR LT BRACHIAL A
BILATERAL TOTAL MASTECTOMY WITH RT ALND,BILATERAL TOTAL MASTECTOMY WITH RT ALND
LC EGD REMOVE STENT,LC EGD REMOVE STENT
REPAIR FALSE ANEURYSM AVBG RT FOREARM,REPAIR FALSE ANEURYSM AVBG RT FOREARM
FISTULOGRAM WITH BALLOON ANGIOPLASTY,FISTULOGRAM BALLOON ANGIOPLASTY
CROSSOVER ANGIOPLASTY LT LEG,CROSSOVER ANGIOPLASTY RT LEG
VATS RLL LOBECTOMY C PORT A INSERTION,VATS RLL LOBECTOMY C PORT A INSERTION
WHIPPLE OPENRATION,WHIPPLE OPERATION
EL LEFT HEPATECTOMY GASTRECTOMY WITH RECONSTRUCTION,EL LEFT HEPATECTOMY GASTRECTOMY WITH RECONSTRUCTION
TOTAL PARATHYROIDECTOMY WITH ATX,TOTAL PARATHYROIDECTOMY WITH ATX
LOCAL EXCISION OF LESION OR TISSUE OF BONE UNSPECIFIED SITE,LOCAL EXCISION OF LESION OR TISSUE OF BONE UNSPECIFIED SITE
EXCISION LT BREAST MASS L4,EXCISION LT BREAST MASS
RT TAD,RT TAD
MRM C TRAM FLAP,MRM C TRAM FLAP
VATS TALC PLEURODESIS C BIOPSY,VATS TALC PLEURODESIS C BIOPSY
LT TM C LT SLNB,LT TM C LT SLNB
RT BCT WITH RT SLNB LT BREAST MASS EXCISION,RT BCT WITH RT SLNB LT BREAST MASS EXCISION
OPEN TOTAL THYROIDECTOMY WITH BILATERAL CND,OPEN TOTAL THYROIDECTOMY WITH BILATERAL CND
REMOVE CHEMO PORT,REMOVE CHEMOPORT
BILATERAL SUPERFICIAL PAROTIDECTOMY,BILATERAL SUPERFICIAL PAROTIDECTOMY
OPEN RIGHT UPPER AND LOWER PARATHYROIDECTOMY,OPEN RIGHT UPPER AND LOWER PARATHYROIDECTOMY
LOOP SIGMOID COLOSTOMY,LOOP SIGMOID COLOSTOMY
OPEN RIGHT THYROIDECTOMY WITH BILATERAL PARATHYROIDECTOMY,OPEN RIGHT THYROIDECTOMY WITH BILATERAL PARATHYROIDECTOMY
OPEN RIGHT THYROID LOBECTOMY WITH RIGHT UPPER AND LOWER PARATHYROIDECTOMY,OPEN RIGHT THYROID LOBECTOMY WITH RIGHT UPPER AND LOWER PARATHYROIDECTOMY
OPEN RT POSTERIOR SECTIONECTOMY,OPEN RT POSTERIOR SECTIONECTOMY
BILAT ESS NAVIGATOR,BILAT ESS NAVIGATOR
OPEN AR WITH WEDGE LIVER RESECTION S7,OPEN AR WITH WEDGE LIVER RESECTION S7
DL TELE BX,DL TELE BX
OPEN RHC,OPEN RH
EGD COLONOSCCPY,EGD COLONOSCOPY
LT RADICAL MASTOIDECTOMY FACIAL NIMS,LT RADICAL MASTOIDECTOMY FACIAL NIMS
RT FESS WITH MICRODEBRIDER WITH NAVIGATOR,BILAT FESS WITH MICRODEBRIDER WITH NAVIGATOR
DISE แจ้งทางวิสัญญีใช้เครื่องBIS เบิก BIS ELECTRODE BSP RF BOT GA,DISE แจ้งทางวิสัญญีใช้เครื่องBIS เบิก BIS ELECTRODE BSP RF BOT GA
CYSTOSCOPY C RP DJ STENT,CYSTOSCOPY RT RP DJ STENT
RELEASE SCAR CONTRACTURE LT HAND K WIRE FIXATION FTSG FROM GROIN,RELEASE SCAR CONTRACTURE LT HAND K WIRE FIXATION FTSG FROM GROIN
CYSTOSCOPY C RP,CYSTOSCOPY C RP
CLOSED REDUCTION RT ZYGOMA ARCH GILLE MANUVER,CLOSED REDUCTION RT ZYGOMA ARCH GILLE MANUVER
WIDE EXCISION WITH STSG,WIDE EXCISION WITH STSG
FLEXIBLE CYSTSCOPY,FLEXIBLE CYSTOSCOPY
L4 LAMINECTOMY C L3 5 PDS FIXATION,LAMINECTOMY C PDS FIXATION L2345
1ST STAGE REPAIR SCROTAL FLAP,1ST STAGE REPAIR SCROTAL FLAP
CYSTOSCOPY WITH S CURVE DILATION,CYSTOSCOPY WITH S CURVE DILATION
CYSTOSCOPE FULGURATION,CYSTOSCOPE FULGURATION
BROW LIFTING,BROW LIFTING
MMF,MMF
URETHROSCOPY LITHOTRIPSY,URETHROSCOPY LITHOTRIPSY
TURP C RIGHT HYDROCELECTOMY,TURP C RIGHT HYDROCELECTOMY
TURP นอกเวลา,TUR P นอกเวลา
MRI FUSION TRU BX,MRI FUSION TRUS BX
REPAIR URETHRA,REPAIR URETHRA
RIRS WITH LASER ABLASION WITH DJ STENT INSERTION,RIRS WITH LASER ABLASION WITH DJ STENT INSERTION
FLEX CYSTOSCOPY CYSTOGRAM,FLEX CYSTOSCOPY CYSTOGRAM
CYSTOSCOPY CHANGE BILATERAL DJ STENT,CYSTOSCOPY WITH CHANGE BILATERAL DJ STENT
LT RP DJ STENT INSERTION,LT RP DJ STENT INSERTION
DEBRIDEMENT FASCIOTOMY,DEBRIDEMENT FASCIOTOMY
L4 S1 LAMINECTOMY WITH DISSECTOMY PDS FIXATION TLIF,L4 5 LAMINECTOMY WITH DISCECTOMY PDS FIXATION TLIF
LEFT CRANIECTOMY C TUMOR REMOVAL,LEFT CRANIECTOMY C TUMOR REMOVAL
LT CRANIOTOMY C CLIPPING ANEURYSM,LT CRANIOTOMY WITH CLIPPING ANEURYSM
SOC RETROSIGMOID APPRAOCH LEFT,SOC RETROSIGMOID APPRAOCH LEFT
CHANGE TRACHEOSTOMY TUBE,CHANGE TRACHEOSTOMY TUBE
LAMINECTOMY C PDS FIXATION L1 5 S1,LAMINECTOMY C PDS FIXATION L3 4 5 S1
LAMINECTOMY C PDS L3 4 L4 5 PRODOT,LAMINECTOMY C PDS L3 4 L4 5 PRODOT
LAMINECTOMY T5 L2 WITH TUMOR REMOVAL,LAMINECTOMY WITH TUMOR REMOVAL
FISTULOGRAM PTA LT UPPER ARM,FISTULOGRAM PTA LT ARM
LOOP OVER LOOP AVBG LT UPPER ARM DLC RT EJV,LOOP OVER LOOP AVBG LT UPPER ARM DLC RT EJV
ACDF C4 5 PEEK PLATE,ACDF C4 5 6 7 PEEK PLATE
TPL L3 5,TPL L3 5
LAMINECTOMY L345 C PDS FIXATION,LAMINECTOMY C PDS FIXATION L2345
ACDF C3 4 DIVA C 567 PEEK PLATE,ACDF C3 4 DIVA C 567 PEEK PLATE
BSP PARTIAL UVULECTOMY RF BOT ใช้ STEINER อุปกรณ์ SUSPENSION DEMO จาก STORZ มี จนท บริษัทเข้าด้วย,BSP PARTIAL UVULECTOMY RF BOT ใช้ STEINER อุปกรณ์ SUSPENSION DEMO จาก STORZ มี จนท บริษัทเข้าด้วย
REPOSITION TCC AT RT IJV,REPOSITION TCC AT RT IJV
PROXIMALIZATION AVF LT CUBITAL,PROXIMALIZATION AVF LT CUBITAL
CORPECTOMY C5 6 WITH TITANIUM MESH CAGE WITH ANTERIOR PLATE SCREW FIXATION,CORPECTOMY C5 6 WITH TITANIUM MESH CAGE WITH ANTERIOR PLATE SCREW FIXATION
LEFT RETROSIGMOID CRANIOTOMY WITH REMOVE TUMOR,LEFT RETROSIGMOID CRANIOTOMY WITH REMOVE TUMOR
REVICE TCC RIGHT IJV,REVICE TCC RIGHT IJV
TPS T4 5 T8 9 LAMINECTOMY T6 TUMOR REMOVAL UNDER NAVIGATION,TPS T4 5 T8 9 LAMINECTOMY T6 TUMOR REMOVAL UNDER NAVIGATION
BILAT CRANIOTOMY C CLOT REMMOVAL,BILAT CRANIOTOMY C CLOT REMMOVAL
VENOGRAM PTA,VENOGRAM PTA
T12 L1 LAMINECTOMY C PDS FIXATION,LAMINECTOMY L1 C PDS FIXATION T11 L3
ENDOSCOPIC TURBINOPLASTY,ENDOSCOPIC SEPTOTURBINOPLASTY
REPAIR ANASTOMOSIS UNDER IV SEDATION,REPAIR ANASTOMOSIS UNDER IV SEDATION
EXCISION MASS AT RT NECK,EXCISION MASS AT RT NECK
I D TRANSCERVICAL,I D TRANSCERVICAL
T A ใช้ COBLATOR POST OP PICU อจองให้เรียบร้อยค่ะ,T A ใช้ COBLATOR POST OP PICU อจองให้เรียบร้อยค่ะ
POSTERIOR FIXATION LATERAL MASS SCREW C6 T1 LAMINECTOMY C6 7,POSTERIOR FIXATION LATERAL MASS SCREW C6 T1 LAMINECTOMY C6 7
EXCISION LT BREAST MASS [LUQ],EXCISION LT BREAST MASS
RE EXCISION LT NIPPLE,RE EXCISION LT NIPPLE
EXCISIONAL BX MASS AT BACK,EXCISIONAL BX MASS AT BACK
LN EXCISION,EXCISION LA
REMOVE SKULL PLATE,REMOVE SKULL PLATE
RT LOBECTOMY SUBTOTAL THYROIDECTOMY,RT LOBECTOMY SUBTOTAL THYROIDECTOMY
T12 L2 PDS DECOMPRESSION,T12 L2 PDS DECOMPRESSION
MICROSCOPIC DISCECTOMY L5 S1,MICROSCOPIC DISCECTOMY L5 S1
ACDF C4 5 WITH DIVA,ACDF C4 5 WITH DIVA
L2 5 LAMINECTOMY WITH PDS FIXATION L2 5,LAMINECTOMY WITH PDS FIXATION L4 5
REVISE SCREW,REVISE SCREW
LAMINECTOMY T567 C PDS FIXATION T3489,LAMINECTOMY T567 C PDS FIXATION T3489
EXCISION OR DESTRUCTION OF LESION OF EXTERNAL EAR,EXCISION OR DESTRUCTION OF LESION OF EXTERNAL EAR
PDS FIXATION AT T3 T7,PDS FIXATION AT T3 T7
FISTULOGRAM PTA AVF LT WRIST,FISTULOGRAM PTA LT WRIST
LAMINECTOMY WITH LATERAL MASS C4 6,LAMINECTOMY WITH LATERAL MASS C4 6
RT OCCIPITAL CRANIOTOMY WITH REMOVE TUMOR,OP : RT OCCIPITAL CRANIOTOMY WITH TUMOR REMOVAL
ENDOSCOPIC SEPTOTURBINOPLASTY ADENOIDECTOMY,ENDOSCOPIC SEPTOTURBINOPLASTY ADENOIDECTOMY
MICRODL C BX,MICRODL C BX
PROGRAMABLE VP SHUNT RT PARIETAL,RT FRONTAL PROGRAMABLE VP SHUNT
LATERAL MASS SCREW FIXATION,LATERAL MASS SCREW FIXATION
LT SUPERFICIAL PAROTIDECTOMY,RT SUPERFICIAL PAROTIDECTOMY
ENDOSCOPIC TUMOR REMOVEAL NAVIGATOR,ENDOSCOPIC TUMOR REMOVAL NAVIGATOR
SHUNT LIGATION,SHUNT LIGATION
LAMINECTOMY C PDS L4 5 L5 S1,LAMINECTOMY C PDS L4 5 L5 S1
NASAL TELE OFF PACKING LT SPA LIGATION,NASAL TELE OFF PACKING LT SPA LIGATION
TONSILLECTOMY BSP SEPTOPLASTY RF NOSE GA,TONSILLECTOMY BSP SEPTOPLASTY RF NOSE GA
RF NOSE GA พ เพชรรัตน์ทำก่อน EXCISION MASS AT FACE อ เฉลิมเกียรติค่ะ,RF NOSE GA พ เพชรรัตน์ทำก่อน EXCISION MASS AT FACE อ เฉลิมเกียรติค่ะ
REMOVE KELOID,REMOVE KELOID
CRANIOTOMY LT OCCIPITAL UNDER NAVIGATER,CRANIOTOMY LT OCCIPITAL UNDER NAVIGATER
REVISE AVG BALLOON ANGIOPLASTY,REVISE AVBG BALLOON ANGIOPLASTY
SUPERFICIALIZATION AVF LT ARM,SUPERFICIALIZATION LT AVF
BILATERAL OME WITH PE TUBE,BILATERAL OME WITH PE TUBE
AVF LT CUBITAL OR AVBG LT FOREARM ต่อ BASILIC VEIN,AVF LT CUBITAL OR AVBG LT FOREARM ต่อ BASILIC VEIN
BRONCHOSCOPY THROUGH ARTIFICIAL STOMA,CYSTOSCOPY THROUGH ARTIFICIAL STOMA
PTA STENT 7 FR แทงขึ้น,PTA STENT 7 FR แทงขึ้น
EXCISON MASS AT LT TONSIL,EXCISON MASS AT LT TONSIL
VATS RML LOBECTOMY WITH FROZEN SECTION SLEEVE LOBECTOMY,VATS RML LOBECTOMY WITH FROZEN SECTION SLEEVE LOBECTOMY
EXCISION MUCOCELE,EXCISION MUCOCELE
RE EXCISION WITH P S FIXATION,RE EXCISION WITH P S FIXATION
VATS WEDGE EXCISIONAL BIOPSY,VATS WEDGE EXCISIONAL BIOPSY
SUTURE WOUND RT CHEST,SUTURE WOUND RT CHEST
OPEN RIGHT HEPATECTOMY S1 BDR LND,OPEN RIGHT HEPATECTOMY S1 BDR LND
LAP DISTAL PANCREATECTOMY SPLENECTOMY LC,OPEN DISTAL PANCREATECTOMY SPLENECTOMY
LEFT TOETVA WITH LEFT CND,LEFT TOETVA WITH LEFT CND
NEEDLE LOCALIZED EXCISION,NEEDLE LOCALIZE EXCISION LUOQ
LT EMMM DENTAL EXTRACTION,LT EMMM DENTAL EXTRACTION
LT BREAST EXCISION TOTAL MASTECTOMY C SLNB,LT BREAST EXCISION TOTAL MASTECTOMY C SLNB
TRACHEOSTOMY AWAKE C INCISIONAL BIOPSY RT NECK MASS,TRACHEOSTOMY AWAKE C INCISIONAL BIOPSY RT NECK MASS
FIPS WITH LIS,FIPS WITH LIS
OPEN TOTAL PARATHYROIDECTOMY WITH ATX TO RIGHT FOREARM,OPEN TOTAL PARATHYROIDECTOMY WITH ATX TO LEFT FOREARM
LAP CLOSURE COLOSTOMY,CLOSURE LOOP COLOSTOMY
BILAT FESS WITH NAVIGATE MICRODEBRIDER,BILAT FESS WITH MICRODEBRIDER WITH NAVIGATOR
BCT LEFT BREAST SLNB MCW LICAP,BCT LEFT BREAST SLNB MCW LICAP
RT ENDOSCOPIC REVISION TYMPANOPLASTY WITH TRAGAL CARTILAGE GRAFT,RT ENDOSCOPIC REVISION TYMPANOPLASTY WITH TRAGAL CARTILAGE GRAFT
TRANSVERSE COLOSTOMY,TRANSVERSE COLOSTOMY
LT SSM SLNB RT PROPHYLAXIS SSM ENDOSCOPIC ASSIST WITH IMMEDIATE RECOSTRUCTION,LT SSM SLNB RT PROPHYLAXIS SSM ENDOSCOPIC ASSIST WITH IMMEDIATE RECOSTRUCTION
VAE RT BREAST,VABE RT BREAST
OPEN COMPLETION LEFT THYROIDECTOMY WITH CND,OPEN COMPLETION LEFT THYROIDECTOMY
EL DRAINAGE T TUBE INSERTION,EL DRAINAGE T TUBE INSERTION
OPENED GASTROSTOMY,OPEN GASTROSTOMY
URS CHANGE BILAT DJ STENT,URS CHANGE BILAT DJ STENT
BILAT ORCHIDECTOMYWITH REPAIR RT HERNIA ผ่ากับอ เอ๊นท์,BILAT ORCHIDECTOMYWITH REPAIR RT HERNIA ผ่ากับอ เอ๊นท์
CYSTOSCOPY C IRRIGATE BLADDER,CYSTOSCOPY IRRIGATE BLADDER
VASECTOMY AND LIGATION OF VAS DEFERENS CIRCUMCISION,VASECTOMY AND LIGATION OF VAS DEFERENS CIRCUMCISION
DJ STENT EXCHANGING > เปลี่ยนเป็น OFF DJ อย่างเดียว,DJ STENT EXCHANGING > เปลี่ยนเป็น OFF DJ อย่างเดียว
OFF LEFT DJ STENT FLEXIBLE,OFF LEFT DJ STENT FLEXIBLE
DILAT E URETHRA TIE MAN B24,DILAT E URETHRA TIE MAN B24
OFF DJ STENT CIRCUMCISION,OFF DJ STENT CIRCUMCISION
UNILATERAL SIMPLE MASTECTOMY,UNILATERAL SIMPLE MASTECTOMY
CYSTOSCOPY C IRRIGATE BLADDER UNDER TIVA,CYSTOSCOPY C IRRIGATE BLADDER UNDER TIVA
VACUAM ASSISTED BREAST EXCISION,VACUAM ASSISTED BREAST EXCISION
HEMORRHOIDECTOMY AND POLYPECTOMY,HEMORRHOIDECTOMY AND POLYPECTOMY
OPEN LAR DLI WITH INTRA OP COLONOSCOPY,OPEN LAR DLI WITH INTRA OP COLONOSCOPY
RT FRONTAL CRANIOTOMY WITH REMOVE TUMOR UNDER NAVIGATION,RT FRONTAL CRANIOTOMY WITH REMOVE TUMOR UNDER NAVIGATION
BILATERAL NSM WITH RIGHT SLNB,BILATERAL NSM WITH RIGHT SLNB
FISTULOTOMY MARTIUS FLAP,FISTULOTOMY MARTIUS FLAP
TOE AMPUTATION RT 1 ST TOE OF FOOT UNDER REGIONAL BLOCK,TOE AMPUTATION RT 1 ST TOE OF FOOT UNDER REGIONAL BLOCK
BILATERAL MASTECTOMY TAD,BILATERAL MASTECTOMY TAD
REVISE GRAFT BALLOON FISTULOGRAM,REVISE GRAFT BALLOON FISTULOGRAM
LEFT BRACHIOCEPHALIC AVF,LT BRACHIOCEPHALIC AVF
BILATERAL RFA OF BOTH LEGS,BILATERAL RFA OF BOTH LEGS
ANEURYSMECTOMT,ANEURYSMECTOMY
WIDE EXCISION OF RIGHT CHEST WALL,WIDE EXCISION OF RIGHT CHEST WALL
MICRODOCHECTOMY AT RT BREAST,MICRODOCHECTOMY AT RT BREAST
RIGHT BCT AND SLNB,RIGHT BCT AND SLNB
FISTULOGRAM GRAFT THROMBECTOMY PTA,THROMBECTOMY FISTULOGRAM PTA
EXCISION BREAST MASS LT,EXCISION LT BREAST MASS
EXCISION BOTH AXILLAS,EXCISION BOTH AXILLAS
CLOSURE ILEOSTOMY WITH DILATE ANASTOMOSIS,CLOSURE ILEOSTOMY WITH DILATE ANASTOMOSIS
CLOSED REDUCTION OF MANDIBLE WITH IMF FIXATION,CLOSED REDUCTION OF MANDIBLE WITH IMF FIXATION
MICROSCOPE SPINE CLASSIC RETRACTOR DRILL,MICROSCOPE SPINE CLASSIC RETRACTOR DRILL
CORRECT PTOSIS,PTOSIS CORRECTION
ORIF C PLATE SCREW FIXATION C REPAIR TENDON K WIRE FIXATION,ORIF C PLATE SCREW FIXATION C REPAIR TENDON K WIRE FIXATION
LT TWO BURR HOLE DRAINAGE,LT TWO BURR HOLE DRAINAGE
RIGHT CRANIOTOMY C TUMOR REMOVAL,CRANIOTOMY C TUMOR REMOVAL
LT FIBULA BURRING,LT FIBULA BURRING
CR NASAL BONE,CR NASAL BONE
LAMINECTOMY C PDS FIXATION L4 5 MIS C ACDF C456,LAMINECTOMY C PDS FIXATION L4 5 MIS C ACDF C456
LAMINECTOMY C PDS L3 S1,LAMINECTOMY C PDS L3 S1
TUMOR REMOVAL UNDER GA,TUMOR REMOVAL UNDER GA
LIPOSUCTION ABDOMEN AND ARM,LIPOSUCTION ABDOMEN AND ARM
LOWER LID BLEPHAROPLASTY,LOWER BLEPHAROPLASTY
CLOSED REDUCTION C K WIRE FIXATION,CLOSED REDUCTION WITH K WIRE FIXATION
MRI FUSION WITH BX,MRI FUSION WITH BX
REMOVE SILICONE DEBRIDEMENT RE SUTURE,REMOVE SILICONE DEBRIDEMENT RE SUTURE
LEFT MICROVASCULAR DECOMPRESSION,LEFT MICROVASCULAR DECOMPRESSION
REVISION IMF FIXATION,REVISION IMF FIXATION
LAMINECTOMY WITH PDS FIXATION L3 L5 MIS,MIS L4 S1 LAMINECTOMY WITH PDS FIXATION
ACDF C3 5 DIVA,ACDF C3 5 DIVA
RIGHT PARIETAL CRANIOTOMY WITH TUMOR REMOVAL UNDER NAVIGATOR,RIGHT PARIETAL CRANIOTOMY WITH TUMOR REMOVAL UNDER NAV
CORRECTION UPPER AND LOWER EYELID MINI FACE LIFT,CORRECTION UPPER AND LOWER EYELID MINI FACE LIFT
FLEXIBLE CYSTOSCOPE OFF DJ STENT,FLEXIBLE CYSTOSCOPE OFF DJ STENT
CYSTOGRAPHY WITH DJ STENT REMOVAL,CYSTOGRAPHY WITH DJ STENT REMOVAL
CIRCUMCISION REMOVE DJ STENT,CIRCUMCISION REMOVE DJ STENT
RT URSL CHANG DJ STENT,RT URSL CHANG DJ STENT
LEFT MICROVASCULAR DECOMPRESSION MVD,LEFT MICROVASCULAR DECOMPRESSION
LAMINECTOMY C PDS FIXATION L 1 3 C DISECTOMY L2 3 PRODORTH,LAMINECTOMY C PDS FIXATION L 1 3 C DISECTOMY L2 3 PRODORTH
EXCISION CYST,EXCISION CYST
RE WIDE EXCION LOCAL FLAP,RE WIDE EXCION LOCAL FLAP
TCC INSETION RT IJV,TCC INSERTION AT RT IJV
SEGMENTAL GRAFT RESECTION LT,SEGMENTAL GRAFT RESECTION LT
LEFT BCT SLNB WIRE LOCALIZATION,LEFT BCT SLNB WIRE LOCALIZATION
OPEN TOTAL PARATHYROIDECTOMY WITH ATX TO RT FOREARM,OPEN TOTAL PARATHYROIDECTOMY WITH ATX TO LEFT FOREARM
REVISED TCC EJV LT,REVISE TCC LT IJV
WIDE EXCISION RECURRENT TUMOR *2 SITES,WIDE EXCISION RECURRENT TUMOR *2 SITES
FISTULOGRASM PTA,FISTULOGRAM PTA
LT MASTEC SLNB,LT MASTEC SLNB
VATS C BLEBECTOMY RT CHEST,VATS C BLEBECTOMY RT CHEST
AKA OF RIGHT LEG,AKA OF RIGHT LEG
VATS C DRAINAGE,VATS C DRAINAGE
VATS C RML LOBECTOMY,VATS RUL LOBECTOMY
LT VAE WITH SLNB,LT VAE WITH SLNB
VATS C RT LOWER LOBECTOMY,VATS C RT LOWER LOBECTOMY
CYSTOSCOPE IRRIGATE CLOT,CYSTOSCOPE IRRIGATE CLOT
VATS C PLEUROPERICARDIAL WINDOW,VATS C PLEUROPERICARDIAL WINDOW
OPEN WEDGE SEGMENT 2 7 8 LAR SIMULTANEOUS,OPEN WEDGE SEGMENT 2 7 8 LAR SIMULTANEOUS
LC LAP LARVAGE FOR CYTOLOGY LAP DX PERITONEAL NODULE OMENTAL BIOPSY,LC LAP LARVAGE FOR CYTOLOGY LAP DX PERITONEAL NODULE OMENTAL BIOPSY
AGGRESSIVE DEBRIDEMENT UNDER GA,AGGRESSIVE DEBRIDEMENT UNDER GA
LC CONVERT OC,LC CONVERT OC
VATS C WEDGE RESECTION RLL NODULE OPEN WEDGE IVER SEGMENT 4 6 8,VATS C WEDGE RESECTION RLL NODULE OPEN WEDGE IVER SEGMENT 4 6 8
NLE LT BREAST,NLE LEFT BREAST
LAPAROSCOPIC ESOPHAGECTOMY WITH COLONIC INTERTRANSPOSITION,LAPAROSCOPIC ESOPHAGECTOMY WITH COLONIC INTERTRANSPOSITION
LEFT VAE SLNB,LEFT VAE SLNB
U S GUIDED CLIP PLACEMENT,U S GUIDED CLIP PLACEMENT
EXCISION OF LESION OR TISSUE OF OTHER BONE,OTHER EXCISION OF LESION OR TISSUE OF LIP
LEFT MICRODOCHECTOMY,LEFT MICRODOCHECTOMY
BILATERAL REPAIR OF INGUINAL HERNIA,BILATERAL REPAIR OF INGUINAL HERNIA
EXCISION SKIN UNDER GA,EXCISION SKIN UNDER GA
LT RIBS RESECTION,LT RIBS RESECTION
DJ REMOVAL,DJ REMOVAL
TUR P BILATERAL DJ STEMT INSERTION นอกเวลา,TUR P BILATERAL DJ STEMT INSERTION นอกเวลา
KARYDAKIS OPERATION,KARYDAKIS OPERATION
ACDF C4 5 5 6 WITH PLATE SCREW FIXATION,ACDF C3 4 4 5 5 6 WITH PLATE SCREW FIXATION
LIFT FISTULOTOMY,FISTULOTOMY LIFT
TRANSANAL EXCISION WITH HEMORRHOIDECTOMY,TRANSANAL EXCISION WITH HEMORRHOIDECTOMY
TRANSANAL EXCISION CLOSED HEMORRHOIDECTOMY,TRANSANAL EXCISION CLOSED HEMORRHOIDECTOMY
ACDF C5 6 C6 7 PEEL PLATE,ACDF C5 6 C6 7 PEEL PLATE
LASER HEMOROIDOPLASTY,LASER HEMORRHOIDOPLASTY
VENASEAL LT LEG,VENASEAL LT LEG
AVF LT CUBITAL PHLEBITIS FOREARM,AVF LT CUBITAL PHLEBITIS FOREARM
OPEN ABDOMINAL AORTIC ANEURYSMORRHAPHY,OPEN ABDOMINAL AORTIC ANEURYSMORRHAPHY
RAY AMPUTATION LT 3RD TOE,RAY AMPUTATION LT 3RD TOE
AVF LEFT TB1,AVF LEFT TB1
FISTULOGRAM PTA WITH DCB,FISTULOGRAM WITH PTA
TCC RT IJV RT EJV UNDER LA,TCC RT IJV RT EJV UNDER LA
FISTULOGRAM BALOON ANGIOPLASTY,FISTULOGRAM BALLOON ANGIOPLASTY
ACDF C3 4 C4 5 C5 6 PEEK AND PLATE,ACDF C3 4 C4 5 C5 6 PEEK AND PLATE
VENOGRAM WITH REVICE TCC RT CFV,VENOGRAM WITH REVICE TCC RT CFV
ENDOSCOPIC DISCECTOMY L5 S1,ENDOSCOPIC DISCECTOMY L5 S1
CROSSOVER ANGIOPLASTY OF RT LEG RETROGRADE,CROSSOVER ANGIOPLASTY OF RT LEG RETROGRADE
OPEN PDS FIXATION T9 L1,OPEN PDS FIXATION T9 L1
LAMINECTOMY C PDS FIXATION L2 5 PRODORTH,LAMINECTOMY C PDS FIXATION L2 5 PRODORTH
LAMINECTOMY W PDS FIXATIONL 3 4 MIS,LAMINECTOMY C PDS FIXATION L4 5 MIS
TCCAT LT IJV,TCCAT LT IJV
PEDICULAR SCREW FIXATION T12 L2,PEDICULAR SCREWS FIXATION L2 5
LOOP AVBG RT UPPER ARM,LT UPPER ARM LOOP AVBG
REPAIR FALSE ANEURYSM AT AVF,REPAIR FALSE ANEURYSM AT RT AVF
TCC RT EJV OR RT CFV WITH LIGATED AVF RT CUBITAL,TCC RT EJV OR RT CFV WITH LIGATED AVF RT CUBITAL
LAMINECTOMY T7 8 WITH REMOVE EPIDURAL ABSCESS,LAMINECTOMY T7 8 WITH REMOVE EPIDURAL ABSCESS
LOWER BLEPAHROPLASTY,LOWER BLEPHAROPLASTY
CLOSED REDCTION WITH MMF,CLOSED REDCTION WITH MMF
REMOVAL PROTHESIS,REMOVAL PROTHESIS
PALATOPLASTY BILATERAL MYRINGOTOMY PT TUBE,PALATOPLASTY BILATERAL MYRINGOTOMY PT TUBE
ตัดแต่งสะดือ,ตัดแต่งสะดือ
INSERT DJ STENT,INSERT DJ STENT
HIGH PSA,HIGH PSA
VATS RIGHT LUNG BIOPSY,VATS RIGHT LUNG BIOPSY
CYSTO SURVILLANCE,SURVEILLANCE CYSTO
MRI FUSION BX TRANPERINEUM,MRI FUSION BX TRANPERINEUM
LT URS,LT URSL
RIGID CYSTO WITH URETHRAL DILATION UNDER IV SEDATION,RIGID CYTO TUR URETHRAL DILATION UNDER IV SEDATION
RT LAP PYELOLITHOTOMY,RT LAP PYELOLITHOTOMY
CYSTOSCOPY TURF,CYSTOSCOPY TUF
RECONSTRUCTIONM OF RIGHT BREAST,RECONSTRUCTIONM OF RIGHT BREAST
EGD COLONOSCOPY LASER HEMORRHOIDOPLASTY,EGD COLONOSCOPY THEN RFA HEMORRHOIDOPLASTY
COLONOSCOPY WITH BIOPSY COLONIC STENTING,COLONOSCOPY WITH BIOPSY COLONIC STENTING
INTRAANAL FISTULOTOMY WITH CLOSURE IO WITH TUBE DRAIN,INTRAANAL FISTULOTOMY WITH CLOSURE IO WITH TUBE DRAIN
VATS LUL LOBECTOMY LN DISSECTION,VATS LUL LOBECTOMY WITH LN DISSECTION
INTRAANAL FISTULOTOMY,INTRAANAL FISTULOTOMY
LASER HEMORRHOID,LASER HEMORRHOID
LAPAROSCOPIC RT HEMICOLECTOMY SUBTOTAL COLOECTOMY,LAPAROSCOPIC RT HEMICOLECTOMY SUBTOTAL COLOECTOMY
REVICE TCC RT IJV,REVISE TCC RT IJV
DEBRIDEMENT AND AMPUTATION,RAY AMPUTATION AND DEBRIDEMENT
BILATERAL VENASEAL WITH LT PHLEBECTOMY,BILATERAL VENASEAL WITH RT PHLEBECTOMY
BASILIC VEIN TRANSPOSITION,BASILIC VEIN TRANSPOSITION
SEGMENTAL GRAFT REMOVAL WITH INTERPOSITION GRAFT,SEGMENTAL GRAFT REMOVAL WITH INTERPOSITION GRAFT LT FOREARM
LT 2ND TOE AMPUTATION,AMPUTATION RT 2ND TOE
GRAFT REMOVAL WITH REPAIR BRACHIAL ARTERY,GRAFT REMOVAL WITH REPAIR BRACHIAL ARTERY
VATS RUL WEDGE FS LOBECTOMY,VATS RUL WEDGE FS LOBECTOMY
BILATERAL EXTENDED SIMPLE MASTECTOMY WITH IMPLANT REMOVAL,BILATERAL EXTENDED SIMPLE MASTECTOMY WITH IMPLANT REMOVAL
OPEN RIGHT ANTERIOR SECTIONECTOMY,OPEN RIGHT ANTERIOR SECTIONECTOMY
S6 SEGMENTECTOMY,S6 SEGMENTECTOMY
AVBG LF FOREARM,AVBG LT FOREARM
LIGATE AVBG LT FOREARM,AVBG LT FOREARM LIGATE AVF
BLIATERAL CRANIOTOMY,BLIATERAL CRANIOTOMY
EXCISION CYST C LYSIS ADHESION,EXCISION CYST C LYSIS ADHESION
LT LATERAL SECTIONECTOMY,LT LATERAL SECTIONECTOMY
REVISE RT VP SHUNT,REVISE RT VP SHUNT
ACDF C3456 ALLOGRAFT PLATE AND SCREW,ACDF C3456 ALLOGRAFT PLATE AND SCREW
PEDICULAR SCREW FIXATION T12 L4,PEDICULAR SCREW FIXATION T12 L4
OPEN WEDGE S5 6 OC,OPEN WEDGE S5 6 OC
LAMINECTOMY WITH LATERAL MASS SCREW C34567,LAMINECTOMY WITH LATERAL MASS SCREW C34567
MIS TLIF L4 L5,MIS TLIF L4 L5
DB AND DRAINAGE,DB AND DRAINAGE
ACDF C3456 DIVA,ACDF C34567 DIVA
OPEN WEDGE LIVER S7,OPEN WEDGE LIVER S6
LT SUBMANDIBULECTOMY,LT SUBMANDIBULECTOMY
T A GA,T A GA
VATS WEDGE RESECTION RT LUNG,VATS WEDGE RESECTION RT LUNG
THACHEOSTOMY,TRACHEOSTOMY
T A,T A
D L WITH EXCISION,D L WITH EXCISION
BIOPSY OF EXTERNAL EAR,BIOPSY OF EXTERNAL EAR
ENDOSCOPIC POLYPECTOMY,ENDOSCOPIC POLYPECTOMY
CORRECTION DEFORNITY K WIRE FIXATION,CORRECTION DEFORNITY K WIRE FIXATION
REMOVE POLYDACTYLY,REMOVE POLYDACTYLY
EC EXCISION AT NOSE,EC EXCISION AT NOSE
MASS REMOVAL AT LT SHOULDER,MASS REMOVAL AT LT SHOULDER
TRANSPHENOID ENDOSCOPIC TUMOR REMOVAL UNDER NAV,TRANSPHENOID ENDOSCOPIC TUMOR REMOVAL UNDER NAV
RT MMA WITH MICRODEBRIDER,RT MMA WITH MICRODEBRIDER
D L C SUSPENSION C TELESCOPY C CO2 LASER LYSIS ADHESION C KA INJECTION,D L C SUSPENSION C TELESCOPY C CO2 LASER LYSIS ADHESION C KA INJECTION
DEBRIDEMENT C BX,DEBRIDEMENT C BX
BILATERAL FESS UNDER GA,BILATERAL FESS UNDER GA
RF NOSE RF PALATE PARTIAL UVULECTOMY GA,RF NOSE RF PALATE PARTIAL UVULECTOMY GA
BALLOON ANGIOPLASTY AT RT SFA PA PTA,BALLOON ANGIOPLASTY AT RT SFA PA PTA
FISTULORAM PTA TCC INSERTION,FISTULORAM PTA TCC INSERTION
LIGATE AVF LT UPPER ARM C TCC RT IJV,LIGATE AVF LT UPPER ARM C TCC RT IJV
SSV LIGATION SCLEROTHERAPY UNDER SPINAL BLOCK,SSV LIGATION SCLEROTHERAPY UNDER SPINAL BLOCK
BILAT FULLHOUSE FESS SEPTOPLASTY,BILAT FULLHOUSE FESS SEPTOPLASTY
AVF AT LEFT CUBITAL,AVF AT LEFT CUBITAL
RF NOSE WITH TONSILLECTOMY,RF NOSE WITH TONSILLECTOMY
LIGATE LT AVF,LIGATE LT AVF
OPEN THORACOTOMY WITH PLEURAL DRAINAGE DECORTICATE,OPEN THORACOTOMY WITH PLEURAL DRAINAGE DECORTICATE
REMOVE DJ STENT C RETROGRADE PYELOGRAPHY,REMOVE DJ STENT C RETROGRADE PYELOGRAPHY
RF NOSE RF PALATE RF BOT GA,RF NOSE RF PALATE RF BOT GA
RESTERNOTOMY WITH WOUND IRRIGATION AND DEBRIDEMENT,RESTERNOTOMY WITH WOUND IRRIGATION AND DEBRIDEMENT
VATS WEDGE RESECTION RLL NODULE,VATS WEDGE RESECTION RML NODULE
VATS BIOPSY,VATS BIOPSY
EXPLORE WOUND ICD WITH VATS CLOT REMOVAL,EXPLORE WOUND ICD WITH VATS CLOT REMOVAL
ENDOSCOPIC DECOMPRESSION T11,ENDOSCOPIC DECOMPRESSION T11
T11 L3 PEDICULAR SCREW FIXATION WITH ROD REDUCTION,T11 L3 PEDICULAR SCREW FIXATION WITH ROD REDUCTION
OPEN S8 RESECTION,OPEN S8 RESECTION
WEDGE LIVER LT ADRENALECTOMY,WEDGE LIVER LT ADRENALECTOMY
OPEN PANCREATICODUODENECTOMY,OPEN PANCREATICODUODENECTOMY
RADICAL ANTEGRADE MODULAR PANCREATOSPLENECTOMY CHOLECYSTECTOMY DISTAL PANCREATECTOMY SPLENECTOMY LYMPHADENECTOMY,RADICAL ANTEGRADE MODULAR PANCREATOSPLENECTOMY CHOLECYSTECTOMY DISTAL PANCREATECTOMY SPLENECTOMY LYMPHADENECTOMY
DB AT RT FOOT,DB AT RT FOOT
AVF LT ELBOW,AVF LT ELBOW
ERCP C SPHINCTEROTOMY C BALLOON STONE EXTRACTION C BD PD STENT,ERCP C SPHINCTEROTOMY C BALLOON STONE EXTRACTION C BD PD STENT
VATS CLOT REMOVAL,VATS CLOT REMOVAL
CYSTO นอกเวลา,CYSTO นอกเวลา
FLEX CYSTOSCOPY WITH IRRIGATE BLADDER,FLEX CYSTOSCOPY WITH IRRIGATE BLADDER
MRI FUSION TRUX BS,MRI FUSION TRUS BX
TRUS BX C URSL,TRUS BX C URSL
TRUS BX WITH CYSTO,TRUS BX WITH CYSTO
ANAL BIOPSY,ANAL BIOPSY
U CATHETER,U CATHETER
HEMORRHOIDECTOMY WITH EXCISION SKIN TAG,HEMORRHOIDECTOMY WITH EXCISION SKIN TAG
CROSS K WIRE FIXATION,CROSS K WIRE FIXATION
LAPAROSCOPIC RT HEMICOLECTOMY,LAPAROSCOPIC RIGHT HEMICOLECTOMY
REMOVE CHEMOPOORT,REMOVE CHEMOPORT
EXCISION BOTH SIDE,EXCISION BOTH SIDE
REVISE AVF RT WRIST PROXIMALIZATION OR AVF RT CUBITAL,REVISE AVF RT WRIST PROXIMALIZATION OR AVF RT CUBITAL
CLOSED REDUCTION NASL BONE,CLOSE REDUCTION NASAL BONE
REVISE TCC RT IJV OR FV,REVISE TCC RT IJV OR FV
TB1 LT ARM LIGATE AVF LT WRIST,TB1 LT ARM LIGATE AVF LT WRIST
TCCC INSETION AT LT IJV,TCC INSERTION AT RT IJV
REPAIR EXTENSOR TENDON,REPAIR EXTENSOR TENDON
TCC RT FV CENTROS 31 CM,TCC RT FV CENTROS 31 CM
CLOSED REDUCTION,CLOSED REDUCTION
ORIF WITH P S CLOSED REDUCTION OF NASAL BONE,ORIF WITH P S CLOSED REDUCTION OF NASAL BONE
REVISE AVBG RT FOREARM PTA AVBG RT FOREARM,REVISE AVBG RT FOREARM PTA AVBG RT FOREARM
AVF OR AVBG,AVF OR AVBG
REVISE TCC LT SV,REVISE LT TCC
LIGATED AVF LT CUBITAL,LIGATE AVF LT CUBITAL
RELINING STENT LT LIMB TO LT EIA WITH LT IIA EMBOLIZATION,RELINING STENT LT LIMB TO LT EIA WITH LT IIA EMBOLIZATION
THROMBECTOMY AVBG LT FOREARM C BALLOON VENOPLASTY TCC,THROMBECTOMY AVBG LT FOREARM C BALLOON VENOPLASTY TCC
BREAST AUGMENTATION,HIFU BREAST AUGMENTATION
OFF TCC RT IJV ON BILINTA,OFF TCC RT IJV ON BILINTA
TCC REMOVAL RT IJV,TCC REMOVAL RT IJV
ENDOSCOPIC SEPTOPLASTY AND INFERIOR TURBINOPLASTY,ENDOSCOPIC SEPTOPLASTY WITH INFERIOR TURBINOPLASTY
ENDOTRACHEAL TUBE INTUBATION TRACHEOSTOMY,ENDOTRACHEAL TUBE INTUBATION TRACHEOSTOMY
LEFT VP SHUNT OFF EVD,LEFT VP SHUNT WITH OFF EVD
BILAT FESS WITH MICRODEBRIDER WITH NAVIGATOR WITH ENDOSEPTO TURBINOPLASTY,BILAT FESS WITH MICRODEBRIDER WITH NAVIGATOR WITH ENDOSEPTO TURBINOPLASTY
OTHER BRONCHOSCOPY,OTHER BRONCHOSCOPY
RT T PLASTY LA,RT T PLASTY LA
ENDOSCOPIC TUMOR REMOVAL NAVIGATOE MICRODEBRIDER COBLATOR,ENDOSCOPIC TUMOR REMOVAL NAVIGATOE MICRODEBRIDER COBLATOR
RE WIDEEXCISION,RE WIDEEXCISION
OSTEOTOMY,OSTECTOMY
MAMMOPLASTY,MAMMOPLASTY
STSG UNDER GA,STSG UNDER GA
CR WITH K WIRE FIXATION UNDER FLU RT LITTLE FINGER,CR WITH K WIRE FIXATION UNDER FLU RT LITTLE FINGER
REMOVAL OF ARCH BAR,REMOVAL OF ARCH BAR
STSG FTSG VAC DRESSING RIGHT HAND,STSG FTSG VAC DRESSING RIGHT HAND
LT PARIETAL CRANIOTOMY WITH TUMOR REMOVAL,LEFT PARIETAL CRANIOTOMY WITH REMOVE TUMOR
LAMINECTOMY L4 5 WITH DECOMPRESSION,LAMINECTOMY L4 5 WITH DECOMPRESSION
IMF,IMF
CORRECTION PTOSIS,PTOSIS CORRECTION
LEFT FRONTAL CRANIOTOMY TRANSCORTICAL TRANSVENTRICULAR APPROACH WITH TUMOR REMOVAL,LEFT FRONTAL CRANIOTOMY TRANSCORTICAL TRANSVENTRICULAR APPROACH WITH TUMOR REMOVAL
ORIF WTIH PAS WITH MMF,ORIF WITH PAS WITH MMF
REDO PALATOPLASTY,REDO PALATOPLASTY
MINI FACE LIFING,MINI FACE LIFTING
CYSTOSCOPY UNDER REZUM IV SEDATION,CYSTOSCOPY UNDER REZUM IV SEDATION
OPEN DRAINAGE ORCHIDECTOMY,OPEN DRAINAGE ORCHIDECTOMY
CYSTO TRUS BX,CYSTO TRUS BX
LAP RIGHT PYELOPLASTY WITH FLEXIBLE CYSTO WITH LASER RC,LAP RIGHT PYELOPLASTY WITH FLEXIBLE CYSTO WITH LASER RC
RT FLEXBLE RIRS นอกเวลา,RT FLEXBLE RIRS นอกเวลา
CYSTOSCOPY TURBT,CYSTOSCOPY TURBT
SKIN CLOSURE UNDER IV SEDATION,SKIN CLOSURE UNDER IV SEDATION
RIB RHINOPLASTY,RIB RHINOPLASTY
RT MASTECTOMY WITH RT SLNB,RT MASTECTOMY WITH SLNB
CHOLECYSTOGRAM UNDER LA,CHOLECYSTOGRAM UNDER LA
OPEN RIGHT SUBSTERNAL THYROIDECTOMY,OPEN RIGHT SUBSTERNAL THYROIDECTOMY
DEBRIDEMENT AT RT HIP,DEBRIDEMENT AT RT HIP
RT VAE,RT VAE
RIGHT BCT SLNB DUAL TRACER,RIGHT BCT SLNB DUAL TRACER
LT PARIETAL CRANIOTOMY WITH REMOVE TUMOR,LEFT PARIETAL CRANIOTOMY WITH REMOVE TUMOR
RT BCT TAD,RT BCT TAD
DB WITH VACCUMUM DRESSING,DB WITH VACCUMUM DRESSING
VABE L9 UNDER TIVA,VABE L9 UNDER TIVA
RIGHT BREAST MASS EXCISION,EXCISION RT BREAST MASS
NEEDLE LOCALIZED EXCISION RT BREAST,NEEDLE LOCALIZED EXCISION RT BREAST
MINI CRANIECTOMY,MINI CRANIECTOMY
LT CRANIECTOMY C REMOVE HEMATOMA,LT CRANIECTOMY C REMOVE HEMATOMA
LT EMMM,LT EMMM
DB C IRRIGATION C5 6 C PLATE REMOVAL,DB C IRRIGATION C5 6 C PLATE REMOVAL
ACDF C4 6 PEEK PLATE,ACDF C5 6 PEEK PLATE
ACDF C4 7 PEEK PLATE,ACDF C4 5 6 7 PEEK PLATE
ACDF C4 7 DIVA,ACDF C6 7 DIVA
LAMINECTOMY C PDS FIXATION L3 4,LAMINECTOMY C PDS FIXATION L3 4 5 S1
RE TRANSSPHENOID APPROACH C TUMOR REMOVAL,RE TRANSSPHENOID APPROACH C TUMOR REMOVAL
PDS FIXATION L1 3 CROSS LINK,PDS FIXATION L1 3 CROSS LINK
ACDF C3 7 DIVA,ACDF C6 7 DIVA
T10 L2 PDS FIXATION,T11 L3 PDS FIXATION
LAMINECTOMY C PDS FIXATION L3 S1,LAMINECTOMY C PDS FIXATION L3 4 5 S1
TWO BURR HOLE,TWO BURR HOLE
LT FESS BILAT TURBINOPLASTY NAVIGATOR,LT FESS BILAT TURBINOPLASTY NAVIGATOR
LEFT CRANIOTOMY WITH HEMATOMA REMOVALL,LEFT CRANIOTOMY WITH HEMATOMA REMOVALL
BILAT FESS WITH NAVIGOTOR WITH MICRODEBRIDER,BILAT FESS WITH MICRODEBRIDER WITH NAVIGATOR
MIS TLIF L3 4 L4 5,MIS TLIF L3 4 L4 5
1ST STAGE EXCISION PARAFINOMA,1ST STAGE EXCISION PARAFINOMA
HEMORROIDECTOMY POLYPECTOMY,HEMORRHOIDECTOMY AND POLYPECTOMY
LIS RBL,LIS RBL
LIS FISTULTOMY,LIS FISTULECTOMY
OPEN RHC IOUS,OPEN RHC IOUS
RIGHT TRANSVERS COLOSTOMY,RIGHT TRANSVERS COLOSTOMY
COLOSTOMY REVISION,REVISE COLOSTOMY
RFA HEMORRHOIDOPLASTY LIS,RFA HEMORRHOIDOPLASTY
URETERIC CATH TUMOR RESECTION HIPEC,URETERIC CATH TUMOR RESECTION HIPEC
EGD COLONOSCOPY HERNIA REPAIR,EGD COLONOSCOPY HERNIA REPAIR
BALLOON ANGIOPLASTY เตรียมเงิน 20000,BALLOON ANGIOPLASTY เตรียมเงิน 20000
REVISE LT PERM CATH,REVISE LT PERM CATH
REMOVE TCC C DLC LT,REMOVE TCC C DLC LT
REVISE TCC CENTROS,REVISE TCC CENTROS
ANGIOGRAM BALLON RT LEG,ANGIOGRAM BALLON RT LEG
PANCREATODUODENECTOMY,PANCREATODUODENECTOMY
PTFE GRAFT INTERPOSITION BETWEEN LT BRACHIAL A TO CEPHALIC VEIN,PTFE GRAFT INTERPOSITION BETWEEN LT BRACHIAL A TO CEPHALIC VEIN
LUL LOBECTOMY,LUL LOBECTOMY
VATS WITH PLEURODESIS,VATS WITH PLEURODESIS
LAP FUNDOPLICATION WITH GASTROSTOMY,LAP FUNDOPLICATION WITH GASTROSTOMY
EGD OPTIME 15 MIN,EGD OPTIME 15 MIN
LT BIG TOE AMPUTATION,AMPUTATION RIGHT BIG TOE
EGD COLONOSCOPE OPTIME45MIN,EGD COLONOSCOPE OPTIME45MIN
LC OPTIME2HR,LC OPTIME2HR
EGD CLO TEST,EGD CLO TEST
LC OPTIME 2 5HR,LC OPTIME 2HR
LC WITH EXCISION PARATHYROID AT RIGHT FOREARM OPTIME3 HR,LC WITH EXCISION PARATHYROID AT RIGHT FOREARM OPTIME3 HR
RIEVISED STUMP DEBRIDEMENT,RIEVISED STUMP DEBRIDEMENT
EXCISION OPTIME1HR,EXCISION OPTIME1HR
EGD C REMOVE FB,EGD C REMOVE FB
TOETVA ISTHMUSECTOMY,TOETVA ISTHMUSECTOMY
LIGATE CEPHALIC VEIN,LIGATE CEPHALIC VEIN
TPSL2 S1 C DECOMPRESSION,TPSL2 S1 C DECOMPRESSION
LAMINECTOMY C DISCECTOMY L4 5 C PDS FIXATION,LAMINECTOMY C DISSECTOMY C PDS FIXATION L3 4 5
TRACHEOSTOMY C EVD LEFT FRONTAL,TRACHEOSTOMY C EVD LEFT FRONTAL
CRANIOPLASTY C VP SHUNT,CRANIOPLASTY C VP SHUNT
STOMAL REVISION,STOMAL REVISION
DL C FB REMOVAL,DL C FB REMOVAL
I AND D LT PINNA,I AND D LT PINNA
EXCISION TONGUE MASS,EXCISION TONGUE MASS
TRACHEOSTOMY C DL C TA INJECTION,TRACHEOSTOMY C DL C TA INJECTION
CLOSED [ENDOSCOPIC] [NEEDLE] BIOPSY OF NASAL SINUS,CLOSED [ENDOSCOPIC] [NEEDLE] BIOPSY OF NASAL SINUS
TOTAL THYROIDECTOMY WITH RT MRND,TOTAL THYROIDECTOMY WITH RT MRND
DEBRIDEMENT INTEGRA PLACEMENT,DEBRIDEMENT INTEGRA PLACEMENT
DEBRIDEMENT WITH STSG,DEBRIDEMENT WITH STSG
FTSG AT LT LOWER EYELID C LATERAL CANTHOPEXY,FTSG AT LT LOWER EYELID C LATERAL CANTHOPEXY
VACCUM DRESSING,VACUUM DRESSING
EXCISION CIRCUMCISION,EXCISION CIRCUMCISION
ORIF C BONE GRAFT 1 ST MCP,ORIF C BONE GRAFT 1 ST MCP
CYSTOSCOPY WITH HALFMOON SHEATH,CYSTOSCOPY WITH HALFMOON SHEATH
LT URS L WITH YEARLY DJ STENT,LT URS L WITH YEARLY DJ STENT
URETHROSCOPY,URETHROSCOPY
LT RP DJ STENT,LT RP DJ STENT
MRI TRUS FUSION BX,MRI FUSION TRUS BX
OPEN LT RADICAL NEPHRECTOMY,OPEN RT RADICAL NEPHRECTOMY
TUR P C URSL LT,TUR P C URSL LT
LAP URETEROLITHOTOMY LT,LAP URETEROLITHOTOMY LT
CYSTO DILTATE,CYSTO DILTATE
RADICAL RIGHT ORCHIDECTOMY,RT RADICAL ORCHIECTOMY
CYSTOSCOPY ขอเคสแรกครับ,CYSTOSCOPY ขอเคสแรกครับ
URETHROTOMY,URETHROTOMY
LEFT VARICOCELECTOMY,LT VARICOCELECTOMY
FLEXIBLE URS LASER LITHOTRIPSY,FLEXIBLE URS LASER LITHOTRIPSY
DEBRIDEMENT PARTIAL CALCANECTOMY LT FOOT,DEBRIDEMENT PARTIAL CALCANECTOMY LT FOOT
TRACHESOTOMY DL,TRACHESOTOMY DL
TONSILLECTOMY BSP GA,TONSILLECTOMY BSP GA
EXCISION UNDER MICROSCOPE,EXCISION UNDER MICROSCOPE
DB VAC DRESSING LT LEG,DB VAC DRESSING LT LEG
BURR BONE LT LEG C VAC DRESSING,BURR BONE LT LEG C VAC DRESSING
STSG AT LT LEG VAC DRESSING,STSG AT LT LEG VAC DRESSING
STSG LT LEG VAC DRESSING,STSG AT LT LEG VAC DRESSING
EXPLORELAP REPAIR BLADDER,EXPLORELAP REPAIR BLADDER
FLEXIBLE CYSTOSCOPE CHANGE CYSTOSTOMY,FLEXIBLE CYSTOSCOPE CHANGE CYSTOSTOMY
1 STAGE EXCISION PARAFFINOMA,1ST STAGE EXCISION PARAFINOMA
SCROTAL OPENING FOR VASECTOMY,SCROTAL OPENING FOR VASECTOMY
RT FLEX URS WITH LASER LITHOTRIPSY,RT FLEX URS WITH LASER LITHOTRIPSY
LEFT RP,LEFT RP
CYSTOSCOPE C IRRIGATE BLADDER C TRUS BX,CYSTOSCOPE C IRRIGATE BLADDER C TRUS BX
EXCISIONAL BIOPSY UNDER SA,EXCISIONAL BIOPSY UNDER GA
AMPUTATION RT TOES OP TIME 1 5 HR,AMPUTATION RT TOES OP TIME 1 5 HR
FLEXBILE CYSTOSCOPY,FLEXIBLE CYSTOSCOPY
OPEN INGUINAL SPERMATIC CORD TUMOR REMOVAL ORCHIECTOMY,OPEN INGUINAL SPERMATIC CORD TUMOR REMOVAL ORCHIECTOMY
SURVEILLANCE COLONO,SURVEILLANCE COLONOSCOPY
COLONOSCOPY OPD CASE,COLONOSCOPY OPD CASE
EGD COLONOSCOPY REMORE PORT A,EGD COLONOSCOPY REMORE PORT A
PEG,PEG
REVISE OSTOMY END TRANSVERSE COLOSTOMY,REVISE OSTOMY END TRANSVERSE COLOSTOMY
LIS HEMORRHOIDECTOMY,HEMORRHOIDECTOMY
LIS FISTULOTOMY,LIS FISTULECTOMY
OPEN SIGMOIDECTOMY WITH WEDGE BLADDER WITH URITERIC STENT,OPEN SIGMOIDECTOMY WITH WEDGE BLADDER WITH URITERIC STENT
LAP VENTRAL RECTOPLEXY,LAP VENTRAL RECTOPEXY
URETERIC STENT TUMOR REMOVAL CHOLECYSTECTOMY HIPEC,URETERIC STENT TUMOR REMOVAL CHOLECYSTECTOMY HIPEC
WOUND DEBRIDEMENT SUTURE,DEBRIDEMENT WITH SUTURE WOUND
AMPUTATION OF RT BIG TOE,AMPUTATION OF RT BIG TOE
SUPERFICIALIZATION BASILLIC VEIN,SUPERFICIALIZATION BASILLIC VEIN
EXCISION PARAFINAMOA,EXCISION PARAFFINOMA
LIFT CIS,LIFT CIS
VACNB LT BREAST MASS,VACNB LT BREAST MASS
EXCHANGE TISSUE EXPANDER,EXCHANGE TISSUE EXPANDER
WIDE EXCISION OF BREAST,WIDE EXCISION OF LEFT BREAST
REPAIR OF DIRECT INGUINAL HERNIA WITH GRAFT OR PROSTHESIS,REPAIR OF DIRECT INGUINAL HERNIA WITH GRAFT OR PROSTHESIS
BILAT VENOUS STRIPPING,BILAT VENOUS STRIPPING
LT MICRODOCHECTOMY,LEFT MICRODOCHECTOMY
EXCISION FISTULA TRACT SMALL BOWEL REPAIR,EXCISION FISTULA TRACT SMALL BOWEL REPAIR
TRACHEOSTOMY OPTIME 1HR,TRACHEOSTOMY OPTIME 1HR
BILATERAL MASTECTOMY C IMPLANT RECONSTRUCTION C SLNB,BILATERAL MASTECTOMY C IMPLANT RECONSTRUCTION C SLNB
OPEN RIGHT HERNIOPLASTY OPTIME1 5HR,OPEN RT HERNIOPLASTY OPTIME1 5HR
AMPUTATION LT TOE OP TIME 1 HR,AMPUTATION LT TOE OP TIME 1 HR
SISTRUNK OPERATION WITH LEFT THYROIDECTOMY,SISTRUNK OPERATION WITH LEFT THYROIDECTOMY
PERM,PERM
PEG WITH DL BIOPSY,PEG WITH DL BIOPSY
EXCISION MASS LOWER LIP,EXCISION MASS LOWER LIP
BITERAL FESS UNDER GA,BILATERAL FESS UNDER GA
RF NOSE UNDER LA,RF NOSE UNDER LA
LT ENDOSCOPIC TYMPANOPLASTY TEMPORALIS FASCIA GRAFT,RT ENDOSCOPIC TYMPANOPLASTY TEMPORALIS FASCIA
REMOVE SILICONE NOSE,REMOVE SILICONE NOSE
LT MYRINGOTOMY C PE TUBE,LT MYRINGOTOMY C PE TUBE
RT ENDOSCOPIC TYMPANOPLASTY TEMPORALIS FASCIA GRAFT,RT ENDOSCOPIC TYMPANOPLASTY TEMPORALIS FASCIA
RT CRANIOTOMY WITH TUMOR REMOVAL WITH ORBITAL RECONSTRCTION,RT CRANIOTOMY WITH TUMOR REMOVAL WITH ORBITAL RECONSTRCTION
EXPORELAP FOR SIGMOIDECTOMY WITH HARTMANN'S,EXPORELAP FOR SIGMOIDECTOMY WITH HARTMANN'S
LAMINECTOMY L3 S1 WITH PDS FIXATION,L3 4 LAMINECTOMY WITH L3 S1 PDS FIXATION
ACDF C56 WITH ANTERIOR PLATE AND SCREW FIXATION,ACDF C56 WITH ANTERIOR PLATE AND SCREW FIXATION
L3 5 LAMINECTOMY C NERVE ROOT DECOMPRESSION C PDS FIXATION,L3 5 LAMINECTOMY C NERVE ROOT DECOMPRESSION C PDS FIXATION
ACDF C3 4 C4 5 C5 6,ACDF C3 4 C4 5 C5 6
CRANIOTOMY WITH CLIPPING ANEUTYSM,LT CRANIOTOMY WITH CLIPPING ANEURYSM
RT SIDE VP SHUNT C REMOVE VENTRICULOSTOMY,RT SIDE VP SHUNT C REMOVE VENTRICULOSTOMY
LEFT HERNIA REPAIR WITH MESH,LEFT HERNIA REPAIR WITH MESH
R4 5 SYMPHATECTOMY,R4 5 SYMPATHECTOMY
L345 LAMINECTOMY WITH PDS FIXATION,LAMINECTOMY WITH PDS FIXATION L4 5
DEBRIDEMENT LT LEG WITH CHANGE VACUUM,DEBRIDEMENT LT LEG WITH CHANGE VACUUM
RT THYROIDLOBECTOMY,RT THYROIDLOBECTOMY
PELVIC EXEN S3 SACRECTOMY,PELVIC EXEN S3 SACRECTOMY
PD,PD
EL RESECTION MASS AT LT PSOASMUSCLE CYSTOSCOPE FOR URETERIC STENT,EL RESECTION MASS AT LT PSOASMUSCLE CYSTOSCOPE FOR URETERIC STENT
EXCISION OF NIPPLE BOTH BREAST,EXCISION OF NIPPLE BOTH BREAST
RIGHT MASTECTOMY SLNB WITH LEFT PROPHYLAXIS MASTECTOMY,RIGHT MASTECOTMY WITH SLNB LEFT PROPHYLAXIS MASTECTOMY
DB WET D S,DB WET D S
LEFT NSM IMPLANT RECONSTRUCTION SLNB,LEFT NSM IMPLANT RECONSTRUCTION SLNB
CHEMO PORT,CHEMOPORT
CHENOPORT INSERTION,CHEMOPORT INSERTION
DLC TO TCC RT FV,DLC TO TCC RT IJV
EXCISION WITH BOWEL REPAIR,EXCISION WITH BOWEL REPAIR
ERCP REMOVE PLASTIC STENT LC,ERCP REMOVE PLASTIC STENT LC
LEFT CRANIECTOMY C DEBRIDEMENT,LEFT CRANIECTOMY C DEBRIDEMENT
LAMINECTOMY WITH PDS FIXATION TURKEY,LAMINECTOMY WITH PDS FIXATION TURKEY
L2 5 PDS FIXATION,L2 5 PDS FIXATION
SOC C TUMOUR REMOVAL,SOC C TUMOR REMOVAL
LAMINECTOMY L4 S1 WITH DISSECTOMY PDS FIXATION,L4 5 LAMINECTOMY WITH DISCECTOMY PDS FIXATION TLIF
LAMINECTOMY WITH PDS FIXATION L2 L5,LAMINECTOMY WITH PDS FIXATION L4 5
PDS FIXATION L4 5,L2 5 PDS FIXATION
L4 S1 LAMINECTOMY WITH DISCECTOMY PDS FIXATION,L4 5 LAMINECTOMY WITH DISCECTOMY PDS FIXATION TLIF
LAMINECTOMY WITH PEDICULAR SCREW FIXATION L45S1,LAMINECTOMY WITH PEDICULAR SCREW FIXATION L45S1
LAMINECTOMY WITH PDS L4 5,LAMINECTOMY WITH PDS L4 5
ACDF C345 PEEK PLATE,ACDF C5 6 PEEK PLATE
EXCISION LIPOMA WITH UNTETHERING SPINAL CORD,EXCISION LIPOMA WITH UNTETHERING SPINAL CORD
SUBOCCIPITAL CRANIECTOMY RIGHT MICROVASCULAR DECOMPRESSION MVD,SUBOCCIPITAL CRANIECTOMY RIGHT MICROVASCULAR DECOMPRESSION MVD
MICRODISECECTOMY L4 5,MICRODISECECTOMY L4 5
VP SHUNT WITH TRACHEOOSTOMY,VP SHUNT WITH TRACHEOOSTOMY
REPEAT DL BX GA,REPEAT DL BX GA
RT MMA GA,RT MMA GA
BILATERAL EVD,BILATERAL EVD
CYSTOSCOPE C RETROGRADE URETHEROGRAM,CYSTOSCOPE C RETROGRADE URETHEROGRAM
URETEROSTOMY TUBE EXCHANGING,URETEROSTOMY EXCHANGING
FIRST STAGE EXCISION PARAFFINOMA,FIRST STAGE EXCISION PARAFFINOMA
TUR BT LATERAL WALL,TUR BT LATERAL WALL
DJ STENT EXCHANGING สายปี,DJ STENT EXCHANGING สายปี
CYSTOSCOPE C IRRIGATION,CYSTOSCOPE C IRRIGATION
FLEXIBLE CYSTOSCOPY DILATE URETHRA LA,FLEXIBLE CYSTOSCOPY DILATE URETHRA
RIGHT RADICAL ORCHIDECTOMY,RT RADICAL ORCHIECTOMY
CYSTOCCOPE,CYSTOSCOPE
SUTURE WOUND EL,SUTURE WOUND
COLONOSCOPE LIS EXCISION,COLONOSCOPE LIS EXCISION
OPEN LAR VAGINECTOMY DIVERT LOOP TRANSVERSE COLOSTOMY,OPEN LAR VAGINECTOMY DIVERT LOOP TRANSVERSE COLOSTOMY
LAP RHC WITH CHOLECYSTECTOMY,LAP RHC WITH CHOLECYSTECTOMY
DEBRIDEMENT OF PERINEAL WOUND,DEBRIDEMENT OF PERINEAL WOUND
LAPAROSCOPIC ERHC TK REMOVAL,LAPAROSCOPIC ERHC TK REMOVAL
RETENTION SUTURE,RETENTION SUTURE
DEBRIDEMENT VACUUM DRESSING,DEBRIDEMENT C VACUUM DRESSING
DEBRIDEMENT CHANGE VACCUM DRESSING,CHANGE VACUUM DRESSING WITH DEBRIDEMENT
SET OR FOR TOTAL PARATHYROIDECTOMY WITH AUTOIMPLATATION,SET OR FOR TOTAL PARATHYROIDECTOMY WITH AUTOIMPLATATION
DEBRRIDEMENT,DEBRIDEMENT
COLONOSCOPY HEMORRHOIDECTOMY,EGD COLONOSCOPY HEMORRHOIDECTOMY
EGD CHANGE GASTROSTOMY,EGD CHANGE GASTROSTOMY
OPEN EXTENDED RIGH HEMICOLECTOMY,OPEN EXTENDED RIGH HEMICOLECTOMY
DLC C TK INSERTION,DLC C TK INSERTION
DRESSING WOUND AND DEBRIDEMENT,DRESSING WOUND AND DEBRIDEMENT
SUPRASTERNAL INCISION WITH INCISIONAL BIOPSY,SUPRASTERNAL INCISION WITH INCISIONAL BIOPSY
RT THORACOTOMY WITH INCISIONAL BIOPSY MASS AT SVC,RT THORACOTOMY WITH INCISIONAL BIOPSY MASS AT SVC
VATS DECORTICATION LT LUNG,VATS DECORTICATE LEFT LUNG
ANTERIOR MINITHORACOTOMY WITH PERICARDIAL BIOPSY PLEURO PERICARDIAL WINDOW,ANTERIOR MINITHORACOTOMY WITH PERICARDIAL BIOPSY PLEURO PERICARDIAL WINDOW
LIGATE AVF ANEURYSMECTOMY,ANEURYSMECTOMY LT AVF
PERM CATH AT RT IJV LIGATE LT CUBITAL AVF,PERM CATH AT RT IJV LIGATE LT CUBITAL AVF
TCC RT EJV AVF LT CUBITAL,TCC RT EJV AVF LT CUBITAL
WIDE EXCISION RIGHT BREAST MASS,WIDE EXCISION OF RIGHT BREAST
EGD DILATATION OPTIME30MIN,EGD DILATATION OPTIME30MIN
COLONOSCOPY OPTIME30MIN,COLONOSCOPY OPTIME30MIN
OPEN LT HERNIOPLASTY OPTIME1 5HR,OPEN RT HERNIOPLASTY OPTIME1 5HR
LAPAROSCOPIC LYSIS ADHESION AND HYSTERECTOMY,LAPAROSCOPIC LYSIS ADHESION AND HYSTERECTOMY
LT BCT WITH ALND,LT BCT WITH ALND
WIDE EXCISION LEFT BREAST MASS,WIDE EXCISION OF LEFT BREAST
LAPAROSCOPIC LYSIS ADHESION EL WITH COMPOSITE MESH,LAPAROSCOPIC LYSIS ADHESION EL WITH COMPOSITE MESH
INTRAOPERATIVE COLONOSCOPY OPEN SIGMOIDECTOMY,INTRAOPERATIVE COLONOSCOPY OPEN SIGMOIDECTOMY
ENBLOC TUMOR RESECTION,ENBLOC TUMOR RESECTION
OPEN RT THYROID LOBECTOMY,OPEN RIGHT THYROID LOBECTOMY
PTA AT AVF RIGHT CUBITAL,PTA AT AVF RIGHT CUBITAL
OPEN EXTENDED CHOLECYSTECTOMY,OPEN EXTENDED CHOLECYSTECTOMY
TOTAL THYROIDECTOMY OPEN RT HERNIOPLASTY,TOTAL THYROIDECTOMY OPEN RT HERNIOPLASTY
REPAIR HERNIA,REPAIR HERNIA
RT OPEN THYROIDECTOMY FOLLICULAR NEOPLASM HURTHLE CELL TYPE,RT OPEN THYROIDECTOMY FOLLICULAR NEOPLASM HURTHLE CELL TYPE
TRACHEOSTOMY WITH DIRECT LARYNGOSCOPE BIOPSY,TRACHEOSTOMY WITH DIRECT LARYNGOSCOPE BIOPSY
OPEN ABD WALL HERNIA REPAIR,OPEN ABD WALL HERNIA REPAIR
RT NSM SLNB WITH PREPECTORAL IMPLANT RECONSTRUCTION,RT NSM SLNB WITH PREPECTORAL IMPLANT RECONSTRUCTION
WIDE EXCISON PRONE POSITION,WIDE EXCISON PRONE POSITION
OPEN SPLENECTOMY,OPEN SPLENECTOMY
LAP DIAGNOSTIC BIOPSY,LAP DIAGNOSTIC BIOPSY
EGD WITH REMOVE STENT,EGD WITH REMOVE STENT
ACDF C3 4 5 PEEK PLATE,ACDF C3 4 5 PEAK PLATE
LAMINECTOMY C3 7 C LATERALNESS SCREW,LAMINECTOMY C3 7 C LATERALNESS SCREW
LAMINECTOMY C FIXATION C TUMOR REMOVAL L1 4,LAMINECTOMY C FIXATION C TUMOR REMOVAL L1 4
CORPECTOMY C5 C REMOVE EPIDURAL MASS C ANTERIOR CERVICAL FIXATION C4 6,CORPECTOMY C5 C REMOVE EPIDURAL MASS C ANTERIOR CERVICAL FIXATION C4 6
CRANIOTOMY C TUMORE REMOVA C CLIPPING RT MCA ANEURYSML,CRANIOTOMY C TUMORE REMOVA C CLIPPING RT MCA ANEURYSML
TRACHEOSTOMY C VP SHUNT MEDIUM PRESSURE,TRACHEOSTOMY C VP SHUNT MEDIUM PRESSURE
ANT CERVICAL CORPECTOMY C5 WITH REMOVAL DISC C4 5 C5 6,ANT CERVICAL CORPECTOMY C5 WITH REMOVAL DISC C4 5 C5 6
L4 S1 LAMINECTOMY C PDS FIXATION,LAMINECTOMY C PDS FIXATION L3 4 5 S1
VENTRICULOSTOMY RIGHT SIDE,VENTRICULOSTOMY RIGHT SIDE
VACNB,VACNB
EXCISION AND CAUTRIZATION,EXCISION AND CAUTRIZATION
DEBRIDEMENT C FLAP AT RT BOTTOCK,DEBRIDEMENT C FLAP AT RT BOTTOCK
DEBRIDEMENT C STSG RT LEG AND FOOT,DEBRIDEMENT C STSG RT LEG AND FOOT
MR FUSION PROSTATE BIOPSY,MR FUSION PROSTATE BIOPSY
FLEXIBLE CYSTOCSOPE SURVEILLANCE,FLEXIBLE CYSTOSCOPY SURVEILLANCE
FLEXIBLE CYSTOSCOPE SURVIALLANCE,FLEXIBLE CYSTOSCOPY SURVEILLANCE
DILATE URETHRA WITH FLEXIBLE CYSTOSCOPE,FLEXIBLE CYSTOSCOPY DILATE URETHRA
TURP C CIRCUMCISION,TURP C CIRCUMCISION
LT URETEROSTOS TUBE EXCHANGING UNDER LA,LT URETEROSTOS TUBE EXCHANGING UNDER LA
OPEN URETEROLITHOTOMY,URETEROLITHOTOMY LT OPEN
ANTEGRADE FLEXIBLE CYSTOSCOPE WITH LT URSL,ANTEGRADE FLEXIBLE CYSTOSCOPE WITH LT URSL
LEFT URSL WITH RIGHT RP,LEFT URSL WITH RIGHT RP
URS L,URS L
PENILE PROSTHESIS IMPLANTATION,PENILE PROSTHESIS IMPLANTATION
CYSTOSCOPE UNDER LA,CYSTOSCOPY UNDER LA
EGD WITH STRICTUROPLASTY,EGD WITH STRICTUROPLASTY
MEDIAN STERNOTOMY WITH PERICARDIECTOMY,MEDIAN STERNOTOMY WITH PERICARDIECTOMY
TOTAL THYMECTOMY,TOTAL THYMECTOMY
REMOVE GRAFT DLC RT IJV,REMOVE GRAFT DLC RT IJV
LIGATE AVF WITH TCC LT IJV CENTROS,LIGATE AVF TCC RT IJV CENTROS
TCC RT EJV HEMOFLOW,TCC RT EJV HEMOFLOW
OPEN SUBTOTAL COLECTOMY HIPEC,OPEN SUBTOTAL COLECTOMY HIPEC
ALTIMIER OPERATION,ALTIMIER OPERATION
CYSTOSCOPE WITH EXCISIONAL BIOPSY PENILE MASS,CYSTOSCOPE WITH EXCISIONAL BIOPSY PENILE MASS
LAP SIGMOIDECTOMY LC MRI TRUS BIOPSY,LAP SIGMOIDECTOMY LC MRI TRUS BIOPSY
REMOVA CHEMOPORT,REMOVE CHEMOPORT
LAP LAR CAA,LAP LAR CAA
LAP AR WEDGE S6,LAP AR WEDGE S6
EGD WITH COLONOSCOPE,EGD WITH COLONOSCOPY
EGD COLONOSCOPY TATTOOING POST EMR EMR,EGD COLONOSCOPY TATTOOING POST EMR EMR
SURVEILLANCE COLONOSCOPE,SURVEILLANCE COLONOSCOPY
FLEX URS WITH LASER LITHOTRIPSY,RT FLEX URS WITH LASER LITHOTRIPSY
ANAL DILATE,ANAL DILATE
LT BCT WITH SLNB WITH EXCISION R5 MASS,LT BCT WITH SLNB WITH EXCISION R5 MASS
OPEN COMPLETION LEFT THYROIDECTOMY WITH LEFT CND AND FROZEN SECTION LYMPH NODE LEVEL 3 AT LEFT SIDE LEFT MRND,OPEN COMPLETION LEFT THYROIDECTOMY WITH LEFT CND AND FROZEN SECTION LYMPH NODE LEVEL 3 AT LEFT SIDE LEFT MRND
TOTAL TOETVA AUS WITH TRIRADS 5,TOTAL TOETVA AUS WITH TRIRADS 5
WEDGE LIVER SEGMENT7 RESECTION,WEDGE LIVER SEGMENT7 RESECTION
OPEN LEFT LOWER PARATHYROIDECTOMY LEFT UPPER PARATHYROIDECTOMY,OPEN LEFT LOWER PARATHYROIDECTOMY LEFT UPPER PARATHYROIDECTOMY
OPEN REVISION NECK UNDER GA,OPEN REVISION NECK UNDER GA
INCISIONAL BIOSY AT LT NECK,INCISIONAL BIOSY AT LT NECK
OPEN TOTAL THYROIDECTOMY UNCONTROLLED,OPEN TOTAL THYROIDECTOMY UNCONTROLLED
STEREOTACTIC WIRE LOCALIZATION WIDE EXCISION O FLEFT BREAST,STEREOTACTIC WIRE LOCALIZATION WIDE EXCISION O FLEFT BREAST
EXCISION LESION L2,EXCISION LESION L2
RIGHT MASTECOTMY WITH ALND,RT MASTECTOMY WITH ALND
RT MASTECTOMY WITH TRAM FLAP,RT MASTECTOMY WITH TRAM FLAP
ERCP WITH STENT SPHINCTEROTOMY,ERCP WITH STENT SPHINCTEROTOMY
LAP RHC C RFA HEMORRHOIDOPLASTY,LAP RHC C RFA HEMORRHOIDOPLASTY
LAPAROSCOPIC GASTROJETJUNOSTOMY,LAPAROSCOPIC GASTROJETJUNOSTOMY
AVBG RT THIGH,AVBG LT THIGH
LAMINECTOMY WITH PDS FIXATION L3 5 S1,L3 4 LAMINECTOMY WITH L3 S1 PDS FIXATION
RIGHT FRONTAL CRANIOTOMY WITH TUMOR REMOVAL,RT PTERIONAL CRANIOTOMY WITH TUMOR REMOVAL
LT VP SHUNT OFF EVD,LT VP SHUNT OFF EVD
RT VP SHUNT C TRACHEOSTOMY,VP SHUNT C TRACHEOSTOMY
TPS L2 4 WITH DECOMPRESSION,TPS L2 4 WITH DECOMPRESSION
REVISE VP SHUNT,REVISE RT VP SHUNT
VENTRICULOSTOMY,VENTRICULOSTOMY
DEBRIDEMENT I D BIOPSY,DEBRIDEMENT I D BIOPSY
ENDOSCOPIC TUMOR REMOVAL C COBATOR C BIOPSY,ENDOSCOPIC TUMOR REMOVAL C COBATOR C BIOPSY
TRACHEOSTOMY UNDER GA CASE PROLONG INTUBATION,TRACHEOSTOMY UNDER GA CASE PROLONG INTUBATION
RT LN BIOPSY,RT LN BIOPSY
OPEN BIOPSY OF LARYNX OR TRACHEA,OPEN BIOPSY OF LARYNX OR TRACHEA
RT TYMPANOMASTOIDECTOMY,LT TYMPANOMASTOIDECTOMY
TRACHEOSTOMY DL BIOPSY CYSTOSCOPY อ สุทธิรัตน์,TRACHEOSTOMY DL BIOPSY CYSTOSCOPY อ สุทธิรัตน์
FACIAL NERVE DECOMPRESSION,FACIAL NERVE DECOMPRESSION
VP SHUNT OFF EVD,RT VP SHUNT OFF EVD
ESS GA,ESS GA
TYMPANOMASTOIDECTOMY RT EAR,LT TYMPANOMASTOIDECTOMY
ORIF WITH PAS AT RT ZYGOMA,ORIF WITH PAS AT RT ZYGOMA
INTERMAXILLARY FIXATION IMF,INTERMAXILLARY FIXATION IMF
DRESSING WD DONOR SITE[RT LEG] AND CHANGE VAC DRESSING [LT LEG],DRESSING WD DONOR SITE[RT LEG] AND CHANGE VAC DRESSING [LT LEG]
LAP RT URETEROLITHOTOMY RT ADRENALECTOMY,LAP RT URETEROLITHOTOMY RT ADRENALECTOMY
MRI TRUS FUSION PROSTATE BIOPSY,MR FUSION PROSTATE BIOPSY
FLEXIBLE CYSTOSCOPE SURVEILLANCE,FLEXIBLE CYSTOSCOPY SURVEILLANCE
LAP PARTIAL NEPHRECTOMY LT,LAP PARTIAL NEPHRECTOMY
CHANG LT DJ STENT RT AP,CHANG LT DJ STENT RT AP
CYSTOLITHOTRIPSY,CYSTOLITROTRIPSY
COLONOSCOPY FOR TISSUE BIOPSY,COLONOSCOPY FOR TISSUE BIOPSY
COLONO WITH BX,COLONO WITH BX
REMOVE CHEMOPORT REMNANT CHEMOR PORT INSERTION,REMOVE CHEMOPORT REMNANT CHEMOR PORT INSERTION
EGD COLONOSCOPY OPTIME 30 MIN,EGD COLONOSCOPY OPTIME 30 MIN
MICRODOCHECTOMY RT BREAST,MICRODOCHECTOMY AT RT BREAST
LAP AR TAH WITH BSO,LAP AR TAH WITH BSO
EGD COLONOSCOPE EXCISIONAL RECTAL POLYP,EGD COLONOSCOPE EXCISIONAL RECTAL POLYP
ANEURYSMECTOMY WITH REPAIRED BRACHIAL ARTERY,ANEURYSMECTOMY REPAIRED BRACHIAL ARTERY
AVBG FOREARM,AVBG LT FOREARM
TCC AT LT FEMORAL,TCC AT LT FEMORAL
RT VATS MEDIASTINAL LN BIOPS,RT VATS MEDIASTINAL LN BIOPS
OPEN RT THORACOTOMY WITH WEDGE EXCISION OR INCISIONAL BIOPSY RLL,OPEN RT THORACOTOMY WITH WEDGE EXCISION OR INCISIONAL BIOPSY RLL
RT THORACOTOMY C RUL LOBECTOMY,RT THORACOTOMY C RUL LOBECTOMY
STERNAL DEBRIDEMENT WITH PECTORELIS MAJOR FLAP,STERNAL DEBRIDEMENT WITH PECTORELIS MAJOR FLAP
THORACOTOMY C RT LOWER LOBECTOMY,THORACOTOMY C RT LOWER LOBECTOMY
CHANGE VACUUM DRESSING RETENTION SUTURE,CHANGE VACUUM DRESSING RETENTION SUTURE
RE EXCISION OF LT BREAST,WIDE EXCISION OF LEFT BREAST
EXCISSIONAL DEBRIDEMENT,EXCISIONAL DEBRIDEMENT
EGD OPD CASE OPTIIME15MIN,EGD OPD CASE OPTIIME15MIN
EGD COLONOSCOPY OPTIME1 HR,EGD COLONOSCOPY OPTIME1 HR
LAPAROSCOPIC ENDOSCOPIC WEDGE GASTRECTOMY,LAPAROSCOPIC ENDOSCOPIC WEDGE GASTRECTOMY
EGD COLONOSCOPY OPTIME45MIN,EGD COLONOSCOPE OPTIME45MIN
EXCISION R1,EXCISION R1
LT MASTECTOMY ALND,LT MASTECTOMY ALND
LT BCT WITH SLNB,LEFT BCT WITH SLNB
LAPAROSCOPIC LYSIS ADHESION,LAPAROSCOPIC LYSIS ADHESION
EXCISON LT BREAST MASS,EXCISION LT BREAST MASS
LAPAROSCOPIC RIGHT ADRENALECTOMY OPEN,LAPAROSCOPIC RIGHT ADRENALECTOMY OPEN
WIDE EXCISION WITH SLNB,WIDE EXCISION WITH SLNB
OPEN RHC OC,OPEN RHC OC
LAPAROSCOPIC LIVER 2 3 SEGMENTECTOMY,LAPAROSCOPIC LIVER 2 3 SEGMENTECTOMY
TOETVA ISTHMECTOMY RT LOBECTOMY,TOETVA ISTHMECTOMY RT LOBECTOMY
RIGHT ALND,RIGHT ALND
BILATERAL MASTECTOMY WITH RIGHT SLNB,BILATERAL MASTECTOMY WITH SLNB
EXCISION RT BREAST MASS UNDER WIRE LOCALIZATION,EXCISION RT BREAST MASS UNDER WIRE LOCALIZATION
ERCP STENT,ERCP STENT
DEBRIDEMENT STSG AT RT FOOT,DEBRIDEMENT STSG AT RT FOOT
AMPUTATION RT 3RD FINGER,AMPUTATION RT 3RD FINGER
RT OPENED THYROIDECTOMY,OPEN RT THYROIDECTOMY
EL EN BLOC RESECTION,EN BLOC RESECTION
MICRODOCHECTOMYRT BREAST,MICRODOCHECTOMY AT RT BREAST
OPEN LEFT THYROIDECTOMY,OPEN LEFT THYROIDECTOMY
LAMINECTOMY L5 S1 DISECTOMY PDS,LAMINECTOMY L5 S1 DISECTOMY PDS
MIS L4 5 DISSECTOMY C PDS FIXATION,MIS L4 5 DISSECTOMY C PDS FIXATION
LAMINECTOMY C PDS L2345 ADJACENT,LAMINECTOMY C PDS L2345 ADJACENT
CRANIOTOMY RT C REMOVE BLOOD CLOTT,CRANIOTOMY RT C REMOVE BLOOD CLOTT
LAMINECTOMY WITH PDS L4 5 MIS,LAMINECTOMY WITH PDS L4 5
LAMINECTOMY C2 3 WITH PEDICLE SCREW C2 LATERAL MASS C3,LAMINECTOMY C2 3 WITH PEDICLE SCREW C2 LATERAL MASS C3
LT MEDIUM PRESSURE VP SHUNT,LT MEDIUM PRESSURE VP SHUNT
RT CRANIOTOMY WITH CLIPPING ANEURYSM,LT CRANIOTOMY WITH CLIPPING ANEURYSM
ENDOSCOPIC SURGERY WITH TUMOR REMOVAL,ENDOSCOPIC SURGERY WITH TUMOR REMOVAL
LT CRANIECTOMY DECOMPRESSIVE,LT CRANIECTOMY DECOMPRESSIVE
LAP LEFT TAPP,LAP LEFT TAPP
WIDE EXCISION FLAP,WIDE EXCISION FLAP
ORIF WITH K WIRE TENDON REPAIR LT INDEX FINGER,ORIF WITH K WIRE TENDON REPAIR LT INDEX FINGER
ORIF C PLATE SCREW ORBITAL FLOOR RECONSTRUCTION C MESH PLATE,ORIF C PLATE SCREW ORBITAL FLOOR RECONSTRUCTION C MESH PLATE
STSG AT SCALP DONER RT THIGH,STSG AT SCALP DONER RT THIGH
TRAM FLAP COVERAGE RT BREAST DEFECT,TRAM FLAP COVERAGE RT BREAST DEFECT
DEBRIDEMENT STSG RT LEG FOOT DONOR RT THIGH,DEBRIDEMENT STSG RT LEG FOOT DONOR RT THIGH
SCAR REVISION SKIN GRAFT K WIRE FIXATION,SCAR REVISION SKIN GRAFT K WIRE FIXATION
BILATERAL DJ STENT INSERTION,BILAT DJ STENT INSERTION
REPEAT TUR BT,REPEAT TUR BT
MRI FUSION PROSTATE BIOPSY,MR FUSION PROSTATE BIOPSY
CYSTOSCOPE TRUS BX,CYSTOSCOPE TRUS BX
LASER URETHRAL STONE,LASER URETHRAL STONE
RT URS,RT URSL
OPEN RIGHT NEPHRECTOMY,OPEN RIGHT NEPHRECTOMY
SURVILLANCE CYSTOSCOPE,SURVEILLANCE CYSTOSCOPY
EGD COLONOSCOPY OPTIME 45 MIN,EGD COLONOSCOPY OPTIME 30 MIN
EGD COLONSCOPE,EGD COLONOSCOPY
LIMIT AMPUTATION 3RD FINGER,AMPUTATION RT 3RD FINGER
DEBRIDEMENT AMPUTATION RT 2ND TOE,DEBRIDEMENT AMPUTATION RT 1ST TOE
MEDIASTERNOTOMY WITH INCISIONAL BIOPSY,MEDIASTERNOTOMY WITH INCISIONAL BIOPSY
MEDIAN STERNOTOMY C TUMOR REMOVAL,MEDIAN STERNOTOMY C TUMOR REMOVAL
EXCISSION MASS AT LT 4TH RIB,EXCISSION MASS AT LT 4TH RIB
FISTULOGRAM THROMBECTOMY,THROMBECTOMY FISTULOGRAM PTA
CYSTOSCOPE BLADDER IRRIGATION,CYSTOSCOPY IRRIGATE BLADDER
TCC RT IJV EJV VENOGRAM,TCC RT IJV EJV VENOGRAM FV
REVISED TCC RT FV,REVISE TCC AT RT FV
TB1 LT CUBITAL,TB1 LT CUBITAL
CHANGE PEG,CHANGE PEG
COLONOSCOPE C STENT,COLONOSCOPE C STENT
DOUBLE SET UP COLONOSCOPY WITH LAP SIGMOIDECTOMY,DOUBLE SET UP COLONOSCOPY WITH LAP SIGMOIDECTOMY
EXCISION RECTAL POLYP RECTAL EXAMINATION,EXCISION RECTAL POLYP RECTAL EXAMINATION
CYSTOLITHOLAPAXY LASER LITHOTRIPXY,CYSTOLITHOLAPAXY LASER LITHOTRIPXY
CHEVAR LT RENAL,CHEVAR LT RENAL
TCC AT IJV,TCC AT IJV
COMPLETION RT THYROIDECTOMY,COMPLETION RT THYROIDECTOMY
LAMINECTOMY C1 2 WITH TUMOR REMOVAL,LAMINECTOMY WITH TUMOR REMOVAL
ACDF C34 WITH CORPECTOMY C4,ACDF C34 WITH CORPECTOMY C4
LEFT FRONTAL VP SHUNT,RT FRONTAL VP SHUNT
DISECTOMY L5 S1,DISECTOMY L5 S1
LAMINECTOMY T12 L1 WITH TUMOR REMOVAL,LAMINECTOMY WITH TUMOR REMOVAL
MINICRANIOTOMY WITH REMOVE HEMATOMA,MINICRANIOTOMY WITH REMOVE HEMATOMA
L3 5 LAMINECTOMY WITH PDS FIXATION,LAMINECTOMY WITH PDS FIXATION L4 5
LAMINECTOMY WITH PDS FIXATION L4 5 S1,LAMINECTOMY WITH PDS FIXATION L4 5
BIFRONTAL RE CRANIOTOMY WITH TUMOR REMOVAL,BIFRONTAL CRANIOTOMY WITH TUMOR REMOVAL
LAMINECTOMY C DISCECTOMY AND PDS FIXATION L3 4 5,LAMINECTOMY C DISSECTOMY C PDS FIXATION L3 4 5
CRANIOPLASTY C SHUNT,CRANIOPLASTY C VP SHUNT
LEFT CRANIOTOMY WITH BRAIN ABSCESS EXCISION,LEFT CRANIOTOMY WITH BRAIN ABSCESS EXCISION
SAUCERIZATION,SAUCERIZATION
OTHER INCISION OF SKIN AND SUBCUTANEOUS TISSUE,OTHER INCISION OF SKIN AND SUBCUTANEOUS TISSUE
RIGHT SUBMANDIBULECTOMY,LT SUBMANDIBULECTOMY
OTHER SEPTOPLASTY,OTHER SEPTOPLASTY
FOL C OFF ET TUBE TRACHEOSTOMY,FOL OFF TUBE TRACHEOSTOMY
NASAL ENDOSCOPY DL BIOPSY RT TONSILLECTOMY,NASAL ENDOSCOPY DL BIOPSY RT TONSILLECTOMY
ENDOSCOPIC MEDIAL MAXILLECTOMY,ENDOSCOPIC MEDIAL MAXILLECTOMY
LT ENDOSCOPIC TYMPANOPLASTY TRAGAL PERICHONDRIUM,LT ENDOSCOPIC TYMPANOPLASTY TRAGAL PERICHONDRIUM
TONSILLECTOMY PALATAL SURGERY,TONSILLECTOMY PALATAL SURGERY
TONSILLECTMY GA,TONSILLECTMY GA
DISE BSP UVULECTOMY WITH RF NOSE,DISE BSP UVULECTOMY WITH RF NOSE
STOP BLEEDING,STOP BLEEDING
WIDE EXCISION WITH FLAP,WIDE EXCISION WITH LOCAL FLAP
CLOSED REDESION,CLOSED REDESION
OPEN GRAFT AND CHANGE VAC,OPEN GRAFT AND CHANGE VAC
BKA,BKA
ORIF C K WIRE FIXATION,ORIF C K WIRE FIXATION
TVC MASS > >> DL C BIOPSY,TVC MASS > >> DL C BIOPSY
OPEN BY PASS FROM FA TO P3,OPEN BY PASS FROM FA TO P3
PERM INSERTION,PERM INSERTION
PERM CATH INSERTION OPTIME 30 MIN,PERM CATH INSERTION OPTIME 30 MIN
RT THORACOTOMY WITH TUMOR RESECTION,RT THORACOTOMY WITH TUMOR RESECTION
VATS WITH BLEBECTOMY RT LUNG,VATS WITH LOBECTOMY RT LUNG
VATS WITH WEDGE RESECTION LUL CONVERT OPEN,VATS WITH WEDGE RESECTION LUL CONVERT OPEN
WEDGE RESECTION LUL,WEDGE RESECTION LUL
OPEN LT THORACOTOMY WITH PERICARDIAL WINDOW,OPEN LT THORACOTOMY WITH PERICARDIAL WINDOW
LT THORACOTOMY WITH PERICARDIAL WINDOW,OPEN LT THORACOTOMY WITH PERICARDIAL WINDOW
EXCISION AT RIGHT ARM OPTIME 1 5HR,EXCISION AT RIGHT ARM OPTIME 1 5HR
REVISE LT KNEE STUMP OP TIME 1 HR,REVISE LT KNEE STUMP OP TIME 1 HR
NEEDLE LOCALIZED EXCISION LT BREAST,NEEDLE LOCALIZED EXCISION RT BREAST
EXCISION BREAST MASS RT,EXCISION RT BREAST MASS
NEEDLE LOCALIZED EXCISION LT,NEEDLE LOCALIZE EXCISION LUOQ
NEEDLE LOCALIZED EXCISION LT BREAST OPTIME 2 HR,NEEDLE LOCALIZED EXCISION LT BREAST OPTIME 2 HR
LAP DISTAL GASTECTOMY,LAP DISTAL GASTECTOMY
OPEN HERNIA REPAIR RIGHT,OPEN HERNIA REPAIR RIGHT
LAP SPLEENECTOMY,LAP SPLEENECTOMY
OPEN TOTAL THYROIDECTOMY BILAT CND,OPEN TOTAL THYROIDECTOMY WITH BILATERAL CND
WIDE EXCISION SLNB,WIDE EXCISION SLNB
RIGHT NSM SLNB SUBPECTORAL IMPLANT WITH TITANIUM MESH,RIGHT NSM SLNB SUBPECTORAL IMPLANT WITH TITANIUM MESH
WIRE LOCALIZED EXCISION RT BREAST,WIRE LOCALIZED EXCISION RIGHT BREAST MASS
MICRODOCHECTOMY WITH WIDE EXCISION RT BREAST,MICRODOCHECTOMY WITH WIDE EXCISION RT BREAST
EXCISION LESION,EXCISION LESION L2
RT MICRODOCHECTOMY WITH EXCISION LESION,RT MICRODOCHECTOMY WITH EXCISION LESION
RIGHT MRM LEFT PROPHYLAXIS MASTECTOMY,RIGHT MRM LEFT PROPHYLAXIS MASTECTOMY
COMPLETION TRANSAXILLARY LT THYROIDECTOMY,COMPLETION TRANSAXILLARY LT THYROIDECTOMY
LAP VENTRAL RECTOPLEXY BLADDER SLING,LAP VENTRAL RECTOPLEXY BLADDER SLING
OPEN TOTAL PARATHYROIDECTOMY WITH AUTOTRANSPLANTATION TO RIGHT FOREARM MEDIAN STERNOTOMY,OPEN TOTAL PARATHYROIDECTOMY WITH AUTOTRANSPLANTATION TO RIGHT FOREARM
RT TOTEVA,RT TOETVA
RT BCT WITH SLND,RT BCT WITH SLND
LEFT MASTECTOMY WITH ALND,LEFT MASTECTOMY WITH ALND
LEFT CENTRAL QUANDRECTOMY WITH SLNB,LEFT CENTRAL QUANDRECTOMY WITH SLNB
STERNAL WIRE REMOVE WITH STERNUM DEBRIDEMENT,STERNAL WIRE REMOVE WITH STERNUM DEBRIDEMENT
RT THORACOTOMY C DECORTICATE LUNG,RT THORACOTOMY C DECORTICATE LUNG
THORACOTOMY WITH PERICARDIAL WINDOW,OPEN LT THORACOTOMY WITH PERICARDIAL WINDOW
RT THORACOTOMY C PERICARDIAL WINDOW,RT THORACOTOMY C PERICARDIAL WINDOW
EXPLORE LAP,EXPLORE LAP
EGD * SUSPECTED CA ESOPHAGUS,EGD * SUSPECTED CA ESOPHAGUS
REVISION OF IMPLANT OF RIGHT BREAST,REVISION OF IMPLANT OF RIGHT BREAST
EXCISION MASS AT RT SIDE OF BACK,EXCISION MASS AT RT SIDE OF BACK
OFF TANKOFF,OFF TANKOFF
OPEN HERNIOPLASTY RT SIDE,OPEN RT HERNIOPLASTY
TOTAL TOETVA WITH CND,TOTAL TOETVA WITH CND
OPEN TOTAL PARATHYROIDECTOMY WITH AUTOTRANSPLANT TO LT FOREARM,OPEN TOTAL PARATHYROIDECTOMY WITH AUTOTRANSPLANTATION TO RIGHT FOREARM
CHANGE VAC RT BKA,CHANGE VAC RT BKA
DEBRIDEMENT OF LT FOOT STUMP,DEBRIDEMENT OF LT FOOT STUMP
RT MASTECTOMY C AXILLARY LN BIOPSY L1 L12 EXCISION,RT MASTECTOMY C AXILLARY LN BIOPSY L1 L12 EXCISION
SUPINE LT PCNL RIRS,SUPINE PCNL RIRS
EGD WITH DILATION OF ESOPHAGUS,EGD WITH DILATION OF ESOPHAGUS
EXCISION OR DESTRUCTION OF BREAST TISSUE NOT OTHERWISE SPECIFIED,EXCISION OR DESTRUCTION OF BREAST TISSUE NOT OTHERWISE SPECIFIED
LEFT BREAST EXCISION,EXCISION LT BREAST
OPEN TOTAL THYROIDECTOMY WITH PROPHYLACTIC CND,OPEN TOTAL THYROIDECTOMY WITH PROPHYLACTIC CND
OPEN REPAIR HERNIA GYNE ทำ SO ต่อ SET เป็น CASE สุดท้าย,OPEN REPAIR HERNIA GYNE ทำ SO ต่อ SET เป็น CASE สุดท้าย
TRANSVAGINAL LAPAROSCOPIC CHOLECYSTECTOMY,TRANSVAGINAL LAPAROSCOPIC CHOLECYSTECTOMY
LAMINECTOMY L3 4 5 PDS FIXATION,LAMINECTOMY C PDS FIXATION L3 4 5 S1
ACDF C6 7 WITH ANTERIOR PLATE AND SCREW FIXATION,ACDF C56 WITH ANTERIOR PLATE AND SCREW FIXATION
REPAIR RT TEMPORAL MUSCLE,REPAIR RT TEMPORAL MUSCLE
LAMINECTOMY WITH PDS FIXATION L4 5 WIH DISCECTOMYL4 5,L4 5 LAMINECTOMY WITH DISCECTOMY PDS FIXATION TLIF
T11 VERTEBRECTOMY EXPANDABLE CAGE WITH T9 L1 PDS FIXATION,T11 VERTEBRECTOMY EXPANDABLE CAGE WITH T9 L1 PDS FIXATION
LAMINECTOMY WITH PDS SCREW L3 4 5,LAMINECTOMY WITH PDS SCREW L3 4 5
DISCECTOMY C LAMINECTOMY L2 3 4 5 PDS,DISCECTOMY C LAMINECTOMY L2 3 4 5 PDS
LAMINECTOMY WITH TUMOR REMOVAL T11 12,LAMINECTOMY WITH TUMOR REMOVAL
DRESSING WOUND DEBRIDEMENT,DRESSING WOUND AND DEBRIDEMENT
OPEN LEFT LYMPH NODE FROZEN SECTION COMPLETION THYROIDECTOMY AND LEFT MRND,OPEN LEFT LYMPH NODE FROZEN SECTION COMPLETION THYROIDECTOMY AND LEFT MRND
EXCISION AND RELEASE SCAR,EXCISION AND RELEASE SCAR
RADICAL ORCHIECTOMY RT,RT RADICAL ORCHIECTOMY
LEFT ORCHIECTOMY,LEFT ORCHIECTOMY
FIEXCIBLE CYSTOSCOPY,FLEXIBLE CYSTOSCOPY
BILATERAL FLEX URSL,BILATERAL FLEX URSL
SURVEILLANCE CYSTO OFF DJ STENT,SURVEILLANCE CYSTO OFF DJ STENT
CYSTOSCOPE WITH DILATE URETHRA,CYSTOSCOPE WITH DILATE URETHRA
MR FUSION PROSTATE BIOSY UNDER GA,MR FUSION PROSTATE BIOSY UNDER GA
RT PCNL WITH LT DJ STENT REMOVAL,RT PCNL WITH LT DJ STENT REMOVAL
EXCISION PENILE MASS,EXCISION PENILE MASS
URETEROLITHOTOMY RT,URETEROLITHOTOMY RT
RT RP DJ STENT,RT RP DJ STENT
BILAT ORCHIECTOMY LT RP DJ STENT,BILAT ORCHIECTOMY LT RP DJ STENT
CYSTOSCOPE TRUS BX TUR BT,CYSTOSCOPE TRUS BX TUR BT
SURVIELLANCE COLONOSCOPY,SURVEILLANCE COLONOSCOPY
DLC TO TCC LEFT IJV,DLC TO TCC RT IJV
ANEURYSMECTOMY WITH TCC LT IJV CENTROS,ANEURYSMECTOMY WITH TCC LT IJV CENTROS
REVISE TCC RT FV CENTROS 36 CM,REVISE TCC RT FV CENTROS 36 CM
LIGATE AVF PERM CATH,LIGATE AVF PERM CATH
EVAR HELIFIX,EVAR HELIFIX
PTA LEFT LEG,PTA LEFT LEG
AVF AT MID FOREARM ANEURYSMECTOMY,AVF AT MID FOREARM ANEURYSMECTOMY
SEGMENTAL GRAFT RESECTION,SEGMENTAL GRAFT RESECTION LT
SURVILLANCE EGD COLONOSCOPY,SURVIELLANCE EGD COLONOSCOPE
CAPD,CAPD
INTERSPHINCTERIC DRAINAGE,INTERSPHINCTERIC DRAINAGE
TUMOR RESECTION LAR,TUMOR RESECTION LAR
LIS EXCISION,EXCISION LIS
RT LOOP TRANSVERSE COLOSTOMY,RT LOOP TRANSVERSE COLOSTOMY
EGD C COLONOSCOPE,EGD C COLONOSCOPE
EGD COLONSOCOPY,EGD COLONOSCOPY
HEMORRHOIDECTOMY : ใช้ LIGASURE,LIGASURE HEMORRHOIDECTOMY
RT BELOW KNEE AMPUTATION OP TIME 1 1 5 HR,RT BELOW KNEE AMPUTATION OP TIME 1 1 5 HR
CHEM OPORT INSERTION,CHEMO PORT INSERTION
AMPUTATION 2ND 4TH TOE RT FOOT,AMPUTATION 2ND 4TH TOE RT FOOT
FEEDING GASTROSTOMY,FEEDING GASTROSTOMY
COMPLETION LT THYROIDECTOMY,COMPLETION RT THYROIDECTOMY
LEFT OPEN HERNIA REPAIR,LEFT OPEN HERNIA REPAIR
TRUS BIOPSY EGD COLONOSCOPY,TRUS BIOPSY EGD COLONOSCOPY
R4 R5 T SYMPATHECTOMY,R4 R5 SYMPATHECTOMY
OPEN REPAIR HERNIA,OPEN REPAIR HERNIA
RE SUTURE,RESUTURE
OPEN TOTAL PARATHYROIDECTOMY WITH AUTOTRANSPLANT,OPEN TOTAL PARATHYROIDECTOMY WITH AUTOTRANSPLANT
DIVERTING LOOP COLOSTOMY,DIVERTING LOOP COLOSTOMY
LT TEP,LT TEP
OPE LT THYROIDECTOMY,OPEN LEFT THYROIDECTOMY
RIGHT LAP TEP,RIGHT LAP TEP
REVISE GRAFT,REVISE AV GRAFT
RT URS FLEXIBLE,LT FLEXIBLE URSL
SUBOCCIPITAL CRANIECTOMY FOR RELEASE PRESSURE,SUBOCCIPITAL CRANIECTOMY FOR RELEASE PRESSURE
SUBOCCIPITAL CRANIECTOMY W TUMOR REMOVAL,SUBOCCIPITAL CRANIECTOMY C TUMOR REMOVAL
TRANSPHENOIDAL HYPHOPHYSECTOMY,TRANSPHENOIDAL HYPHOPHYSECTOMY
LAMINECTOMYWITH PDS FIXATION,LAMINECTOMYWITH PDS FIXATION
ACDF C456 WITH PEEK PLATE,ACDF C3456 WITH PEEK PLATE
LT CRANECTOMY WITH REMOVE CLOT WITH LT FRONTAL LOBECTOMY,LT CRANECTOMY WITH REMOVE CLOT WITH LT FRONTAL LOBECTOMY
TPS L4 5 WITH DECOMPRESSION,TPS L2 4 WITH DECOMPRESSION
LAMINECTOMY L4 S1 WITH PDS FIXATION,MIS L4 S1 LAMINECTOMY WITH PDS FIXATION
LAMINECTOMY WITH PDS FIXATION L4 5 TURKEY,LAMINECTOMY WITH PDS FIXATION TURKEY
REVISE PEDICULAR SCREWS,REVISE PEDICULAR SCREWS
CRANIOTOMY WITH IRRIGATION,CRANIOTOMY WITH IRRIGATION
PEDICULAR SCREWS FIXATION T 11 L3,PEDICULAR SCREWS FIXATION L2 5
LT CRANIOTOMY CTUMOR REMOVAL,LT CRANIOTOMY CTUMOR REMOVAL
DISSECTOMY L3 4 PDS L3 4 5,DISSECTOMY L3 4 PDS L3 4 5
ACDF C3 6 WITH PEEK PLATE SCREW,ACDF WITH PEEK AND PLATE SCREW C5 6 7
LT DECOMPRESSIVE CRANIECTOMY,LT CRANIECTOMY DECOMPRESSIVE
PTA LEFT ARM,PTA LT ARM
PTA RIGHT PERONEAL A,PTA RIGHT PERONEAL A
LIGATE AVBG WITH TCC RT IJV HEMOFLOW,LIGATE AVBG WITH TCC RT IJV HEMOFLOW
RT VATS WITH RUL WEDGE RESECTION,RT VATS WITH RUL WEDGE RESECTION
VATS RIGHT DECORTICATON,VATS DECORTICATE RIGHT LUNG
RT HERNIOTOMY,RT HERNIOTOMY
COLONOSCOPE LAP WITH WITHOUT COLONOPLASTY COLOECTOMY,COLONOSCOPE LAP WITH WITHOUT COLONOPLASTY COLOECTOMY
REVISE STUMP,REVISED STUMP
DEBRIDE RT GROIN,DEBRIDE RT GROIN
THORACOTOMY,THORACOTOMY
TK INSERTION UNDER LA,TK INSERTION UNDER LA
OPEN LAR DIVERTING LOOP COLOSTOMY,OPEN LAR DIVERTING LOOP COLOSTOMY
PERM CATH RTIJV,PERM CATH RTIJV
EXCISION MASS AT R12 L4 L9 R9,EXCISION MASS AT R12 L4 L9 R9
EXCISION BREAST MASS : R8 R9 L2 L3 L7 L8,EXCISION BREAST MASS : R8 R9 L2 L3 L7 L8
EXPLORE WOUND LEFT BK STUMP,EXPLORE WOUND LEFT BK STUMP
RT TOETVA คนไข้ OPEN THYROIDECTOMY ขอตัดสินใจอีกครั้งตอน ADMIT,RT TOETVA คนไข้ OPEN THYROIDECTOMY ขอตัดสินใจอีกครั้งตอน ADMIT
SINGLE PORT LAPAROSCOPIC APPENDECTOMY,SINGLE PORT LAPAROSCOPIC APPENDECTOMY
OPEN GASTROSTOMY INSERTION,OPEN GASTROSTOMY INSERTION
OPEN CHOLECYSTECTOYMY S2 WEDGE LIVER RESECTION,OPEN CHOLECYSTECTOYMY S2 WEDGE LIVER RESECTION
EGD SCOPE,EGD SCOPE
RIGHT OPEN HERNIA REPAIR,OPEN HERNIA REPAIR RIGHT
OPEN TOTAL THYROIDECTOMY WITH BILATERAL PROPHYLACTIC CND WITH RIGHT MRND WITH LEFT LN BIOPSY > FROZEN,OPEN TOTAL THYROIDECTOMY WITH BILATERAL PROPHYLACTIC CND WITH RIGHT MRND WITH LEFT LN BIOPSY > FROZEN
EGD C BIOPSY,EGD BIOPSY
OPEN RT LOWER PARATHYROIDECTOMY RT THYROIDECTOMY,OPEN RT LOWER PARATHYROIDECTOMY RT THYROIDECTOMY
RE EXPLORE WOUND DRAINAGE,RE EXPLORE WOUND DRAINAGE
EXCISION OF RIGHT BREAST MASS BILATERAL MAMMOREDUCTION,EXCISION OF RIGHT BREAST MASS BILATERAL MAMMOREDUCTION
1 EXCISION LIPOMA ท่าตะแคง 2 OPEN RT HERNIOPLASTY,1 EXCISION LIPOMA ท่าตะแคง 2 OPEN RT HERNIOPLASTY
1 EVACUATE HEMATOMA LEFT BREAST 2 EXCISION SKIN REDUNDANT OF RIGHT BREATS,1 EVACUATE HEMATOMA LEFT BREAST 2 EXCISION SKIN REDUNDANT OF RIGHT BREATS
BILATERAL MRM BILATERAL TISSUE EXPANDER,BILATERAL MRM BILATERAL TISSUE EXPANDER
EXCISION OF RIGHT BREAST MASS WITH INTRAOP FROZEN SECTION THEN MASTECTOMY WITH SLNB,EXCISION OF RIGHT BREAST MASS WITH INTRAOP FROZEN SECTION THEN MASTECTOMY WITH SLNB
EXCISION LT BREAST MASS WITH INTRAOP US,EXCISION LT BREAST MASS WITH INTRAOP US
WIDE EXCISION COLONOSCOPY,WIDE EXCISION COLONOSCOPY
CLOSURE ILLEOSTOMY,EL CLOSURE ILEOSTOMY
CERVICAL LYMPH NODE BIOPSY,CERVICAL LYMPH NODE BIOPSY
SPHINCTER SAVING FISTULA SURGERY,SPHINCTER SAVING FISTULA SURGERY
LAP LAR LOOP PROXIMAL TRANSVERSE COLOSTOMY,LOOP PROXIMAL TRANSVERSE COLOSTOMY
LAP EXTENDED RHC WITH VENTRAL RECTOPEXY,LAP EXTENDED RHC WITH VENTRAL RECTOPEXY
EC BX,EC BX
AVF LT ARM,AVF LT ARM
ANEURYSMECTOMY RT UPPER ARM,ANEURYSMECTOMY RIGHT UPPER ARM
BILATERAL AKA,BILATERAL AKA
ANGIOGRAM BOTH LEGS,ANGIOGRAM BOTH LEGS
LIGATE BRANCH OF LT CEPHALIC VEIN,LIGATE BRANCH OF CEPHALIC VEIN
LEFT TB2,LEFT TB2
TCC LT EJV,TCC LT EJV
TCC AT RT CFV,TCC AT RT CFV
ACDF C5 6 7 WITH PEEK PLATE,ACDF C5 6 7 WITH PEEK PLATE
TB1 RT,RT TB1
REVISE AVF LT FOREARM,REVISE AVBG LT FOREARM
REVISE TCC RT EJV,REVISE TCC RT IJV
DLC TO TCC RT IJV AVF LT WRIST,DLC TO TCC RT IJV AVF LT WRIST
TB2 WITH DLC RT IJV,TB2 WITH DLC RT IJV
LIGATE AVF ANEURYSMECTOMY TCC RT IJV AVF RT CUBITAL,LIGATE AVF ANEURYSMECTOMY TCC RT IJV AVF RT CUBITAL
FISLULOGRAM,FISTULOGRAM
REVISION TCC RIGHT IJV,REVISION TCC RIGHT IJV
EVAR TEVAR,EVAR TEVAR
VAT WITH BIOPSY WITH PLEURODESIS,VAT WITH BIOPSY WITH PLEURODESIS
VATS OPEN WITH LEFT LOWER LUNG LOBECTOMY,VATS OPEN WITH LEFT LOWER LUNG LOBECTOMY
MINITHORACOTOMY WITH DECORTICATION,LT THORACOTOMY WITH DECORTICATION
EXCISION WITH NEEDLE LOCALIZATION LT BREAST,EXCISION WITH NEEDLE LOCALIZATION LT BREAST
WOUND DRESSING AND IRRIGATION,WOUND DRESSING AND IRRIGATION
NONEXICISIONAL DEBRIDEMENT,EXCISIONAL DEBRIDEMENT
LIGATE CEPHALIC BRANCH REMOVED TCC,LIGATE CEPHALIC BRANCH REMOVED TCC
ACDF C5 6 WITH PEEK PLATE,ACDF C5 6 7 WITH PEEK PLATE
DL C ESOPHAGOSCOPY C BX,DL C ESOPHAGOSCOPY C BX
TRACHOSTOMY,TRACHEOSTOMY
LEFT ENDOSCOPIC TUMOR REMOVAL,ENDOSCOPIC TUMOR REMOVAL
LT ESS SEPTOPLASTY,LT FESS SEPTOPLASTY
T BSP SEPTOPLASTY RF NOSE GA,T BSP SEPTOPLASTY RF NOSE GA
REPAIR LOBULE BOTH EARS,REPAIR LOBULE BOTH EARS
DL BIOPSY RT TONSILLECTOMY,DL BIOPSY RT TONSILLECTOMY
WIDE EXCISION STSG,WIDE EXCISION STSG
UPPER BLEPHAROPLASTY,UPPER BLEPHALOPLASTY
REPAIR TENDON,REPAIR TENDON
EXCISION AT LIP,EXCISION AT LIP
ABDOMINALPLASTY,ABDOMINALPLASTY
WIDE EXCISION C FLAP STSG C VACUUM D S,WIDE EXCISION C FLAP STSG C VACUUM D S
UPPER CORRECTION,UPPER CORRECTION
SURVEILLANCE EGD COLONOSCOPY REMOVE CHEMOPORT,SURVEILLANCE EGD COLONOSCOPY REMOVE CHEMOPORT
TRUS,TRUS
VASECTOMY UNDER LA,VASECTOMY UNDER TIVA
CYSTOSCOPE TRY RETAIN FOLEY CYSTOSTOMY,CYSTOSCOPE TRY RETAIN FOLEY CYSTOSTOMY
LT RETROGRADE PYELOGRAM LT URS LT DJ STENT UNDER GA,LT RETROGRADE PYELOGRAM LT URS LT DJ STENT UNDER GA
URETHERAL DILATATION,URETHRAL DILATION
CIRCUMCISOION UNDER IV SEDATION,CIRCUMCISOION UNDER IV SEDATION
EXCISION URACHUS,EXCISION URACHUS
TRUS BIOPSY BILATERAL ORHIECTOMY,TRUS BIOPSY BILATERAL ORHIECTOMY
SINGLE STAGE REPAIR,SINGLE STAGE REPAIR
RT DJ STENT INSERTION UNDER FLUOROSCOPY,RT DJ STENT INSERTION UNDER FLUOROSCOPY
RT DJ STENT REMOVAL UNDER LA,RT DJ STENT REMOVAL UNDER LA
FLEX CYSTOSOCPE,FLEX CYSTOSCOPE
RIGHT OPEN PARTIAL NEPHRECTOMY,RIGHT OPEN PARTIAL NEPHRECTOMY
VISUAL URETHOTOMY,VISUAL URETHOTOMY
LAP RT NEPHROURETERECTOMY WITH BLADDER CUFF EXCISION,LAP RT NEPHROURETERECTOMY WITH BLADDER CUFF EXCISION
TUR BT URS C BX,TUR BT URS C BX
LT DJ INSERTION UNDER TIVA,LT DJ INSERTION UNDER TIVA
LT MINICRANIOTOMY C REMOVE CLOT,LT MINICRANIOTOMY C CLOT REMOVAL
ENDOSCOPIC TRANSPHENOID C REMOVE TUMOR,ENDOSCOPIC TRANSPHENOID C REMOVE TUMOR
RT FRONTAL MINICRANIOTOMY WITH CLOT IRRIGATION,RT FRONTAL MINICRANIOTOMY WITH CLOT IRRIGATION
LT VP SHUNT MEDIUM PRESSURE,LT MEDIUM PRESSURE VP SHUNT
LT MINICRANIOTOMY WITH IRRIGATE,LT MINICRANIOTOMY WITH IRRIGATE
TRACHEAOSTOMY,TRACHEOSTOMY
PARTIAL GLOSSECTOMY LT AND SND LEVEL 1 4,PARTIAL GLOSSECTOMY LT AND SND LEVEL 1 4
DL STOP BLEEDING,STOP BLEEDING
EXCISION OF DEEP CERVICAL LYMPH NODE LT,EXCISION OF DEEP CERVICAL LYMPH NODE
TRACHEOSTOMY DL TELESCOPE NASOPHARYNX,TRACHEOSTOMY DL TELESCOPE NASOPHARYNX
CORRECTION U L,CORRECTION U L
CORRECTURE EYELID,U L EYELID CORRECTURE
ESCHARECTOMY WITH STSG,ESCHARECTOMY WITH STSG
FLEXIBLE CYSTO OFF LT DJ STENT,FLEXIBLE CYSTO OFF LT DJ STENT
CYSTOSCOPY OFF RT DJ STENT,CYSTOSCOPY OFF DJ STENT
CLOSURE AVF LEFT UPPER ARM,CLOSURE AVF LEFT UPPER ARM
URATHRAL DILATION,URETHRAL DILATION
URS C DJ STENT LT,URS C DJ STENT LT
OPEN RADICAL CYSTECTOMY WITH ILEAL CONDUIT,RADICAL CYSTECTOMY WITH ILEAL CONDUIT
LT ORCHIECTOMY,LEFT ORCHIECTOMY
LAP RADICAL CYSTECTOMY WITH ILEAL CONDUIT,RADICAL CYSTECTOMY WITH ILEAL CONDUIT
COLONOSCOPY LIFT,COLONOSCOPY LIFT
EUA,EUA
OPEN LAR WITH LOOP PROXIMAL TRANSVERSE COLOSTOMY WITH WEDGE BLADDER CYSTECTOMY WITH ILEAL CONDUIT,OPEN LAR WITH LOOP PROXIMAL TRANSVERSE COLOSTOMY WITH WEDGE BLADDER CYSTECTOMY WITH ILEAL CONDUIT
LOOP COLOSTOMY,LOOP COLOSTOMY
RFA,RFA
EGD COLONOSCOPY TRANSANAL EXCISION,EGD COLONOSCOPY TRANSANAL EXCISION
RFA HEMORRHOIDOPALSTY,RFA HEMORRHOIDOPLASTY
TK,TK
FISTULOGRAM BALLOON,BALLOON PTA FISTULOGRAM
SFA TO ATA BYPASS,SFA TO ATA BYPASS
FLEXIBLE CYSTOSCOPY DILATE URETHRA RETAIN FOLEY CATHETER,FLEXIBLE CYSTOSCOPY DILATE URETHRA RETAIN FOLEY CATHETER
RT CRANIOTOMY WITH CLOT REMOVAL,RIGHT CRANIOTOMY WITH REMOVE CLOT
RAY AMPUTATION,RAY AMPUTATION
OPEN TOTAL TOETVA,OPEN TOTAL TOETVA
EXCISIONAL DB LT FOOT,EXCISIONAL DB LT FOOT
EGD STENT,EGD STENT
LC WEDGE S3 LIVER LESION SIZE 7MM,LC WEDGE S3 LIVER LESION SIZE 7MM
LT MASTECTOMY WITH LT ALND WITH EXCISION RT BREAST MASS,LT MASTECTOMY WITH LT ALND WITH EXCISION RT BREAST MASS
LAP DIAGNOSIS THEN OPEN TOTAL GASTRECTOMY WITH SPLENECTOMY,LAP DIAGNOSIS THEN OPEN TOTAL GASTRECTOMY WITH SPLENECTOMY
EL WITH CHANGE VACCUUM DRESSING,EL WITH CHANGE VACCUUM DRESSING
WATER SOLUBLE CONTRAST,WATER SOLUBLE CONTRAST
SET OR FOR TOTAL THYROIDECTOMY WITH LN LV2 EXCISION FROZEN LT MRND 15 3 64,SET OR FOR TOTAL THYROIDECTOMY WITH LN LV2 EXCISION FROZEN LT MRND 15 3 64
ALTEMEIER OPERATION,ALTEMEIER'S OPERATION
FLEXIBLE SIGMOIDOSCOPY,FLEXIBLE SIGMOIDOSCOPY
BILATERAL MASTECTOMY WITH SLNB IMMEDIATE IMPLANT RECONSTRUCTION,ENDOSCOPIC BILATERAL MSTECOMY SLNB WITH IMPLANT RECONSTRUCTION
RT AKA,RT AKA
RT BURR HOLE IRRIGATION DRAINAGE,RT BURR HOLE IRRIGATION DRAINAGE
LAMINECTOMY C PDS FIXATION L3 5,LAMINECTOMY C PDS FIXATION L3 4 5 S1
LAMINECTOMY BW PDS FIXATION L 345,LAINECTOMY W PDS FIXATION L 2345
ACDF C 345,ACDF C 345
LAMINECTOMY T10 T9 11 PDS FIXATION,LAMINECTOMY T10 T9 11 PDS FIXATION
C ARM PEDICLE SCREW,C ARM PEDICLE SCREW
DECOMPRESSIVE LAMINECTOMY L4 5,DECOMPRESSIVE LAMINECTOMY L4 5
ACDE C5 7,ACDE C5 7
OPEN CHOLECYSTECTOMY C IOC,OPEN CHOLECYSTECTOMY C IOC
L4 5 LAMINECTOMY C PDS FIXATION,LAMINECTOMY C PDS FIXATION L4 5 MIS
OPEN DRAINAGE,OPEN DRAINAGE
R2 SYMPATHECTOMY,R4 5 SYMPATHECTOMY
COLONOSCOPE WITH BIOPSY,COLONOSCOPY WITH BIOPSY
EXCISION MASS BILAT R9 R10 L2 L9 L10,EXCISION MASS BILAT R9 R10 L2 L9 L10
PALIATIVE SIGMOID COLOSTOMY,PALIATIVE SIGMOID COLOSTOMY
LAP RT TEP TAPP,LAP RT TEP TAPP
WIDE EXCISION OF RIGHT BREAST SLNB,WIDE EXCISION OF RIGHT BREAST
LAMINECTOMY L5S1 C PDS FIZATION WITH L3 TUMOR REMOVAL,LAMINECTOMY L5S1 C PDS FIZATION WITH L3 TUMOR REMOVAL
THORACOSCOPIC ESOPHAGECTOMY GASTRIC TUBE RECONSTRUCTION,THORACOSCOPIC ESOPHAGECTOMY GASTRIC TUBE RECONSTRUCTION
LIGATE AVF RIGHT UPPER ARM C TCC RT IJV,LIGATE AVF LT UPPER ARM C TCC RT IJV
OPEN REPAIR DIAPHRAGMATIC HERNIA,OPEN REPAIR DIAPHRAGMATIC HERNIA
DB C SUTURE WOUND,DB C SUTURE WOUND
BIFRONTAL CRANIOTOMY C REPAIR BASE OF SKULL,BIFRONTAL CRANIOTOMY C REPAIR BASE OF SKULL
L45 LAMINECTOMY WITH PDS SCREW FIXATION,LAMINECTOMY WITH PEDICULAR SCREW FIXATION L45S1
EXCISION SKULL LESION,EXCISION SKULL LESION
L45 LAMINECTOMY C PDS FIXATION,LAMINECTOMY C PDS FIXATION L2345
RT BURR HOLE,TWO BURR HOLE
RT VP SHUNT [MEDIUM PRESSURE],RT VP SHUNT [MEDIUM PRESSURE]
LAMINECTOMY L1 5 C PDS,TPS C LAMINECTOMY L4 5
DISCECTOMY C PDS L4 5 S1,DISCECTOMY C PDS L4 5 S1
VENTICULOSTOMY,VENTRICULOSTOMY
ACDF C2 3,ACDF C2 3
TOTAL THYROIDECTOMY D L C BIOPSY RT BOT,TOTAL THYROIDECTOMY D L C BIOPSY RT BOT
TOTAL GRAFT REMOVAL TCC RT IJV,TOTAL GRAFT REMOVAL TCC RT IJV
BILAT UPPER BLEPHALOPLASTY,BILAT UPPER BLEPHALOPLASTY
STSG RT ARM,STSG RT ARM
LAP ORCHIECTOMY RT,LAP ORCHIECTOMY RT
CYSTOSCOPY TRUS C BX,CYSTOSCOPE TRUS BX
OFF RT RJ STENT,OFF RT RJ STENT
FLEXIBLE CYSTOSOCPE,FLEXIBLE CYSTOSCOPY
OPEN RIGHT RADICAL NEPHRECTOMY WITH WEDGE IVC,OPEN RIGHT RADICAL NEPHRECTOMY WITH WEDGE IVC
CYSTOSCOPE WITH BIOPSY,CYSTOSCOPE WITH BIOPSY
LGIB,LGIB
EGD COLONOSCOPY IPD CASE,EGD COLONOSCOPY IPD CASE
ANAL DILATATION,ANAL DILATATION
LIGATE AVBG,LIGATE AVBG
TCC RT IJV EJV,TCC RT EJV LT IJV
TCC LT FV CENTROS,TCC LT FV CENTROS
PTA RIGHT CIA EIA FEMEROPOPLITEAL BYPASS,PTA RIGHT CIA EIA FEMEROPOPLITEAL BYPASS
AMPUTATION LT INDEX FINGER,AMPUTATION LT INDEX FINGER
RT PA TO PTA BYPASS,RT PA TO PTA BYPASS
LIGATE BRANCH *2 AVF LT WRIST,LIGATE AVF LT BRANCH *2
BALLOON DILATATION LT SFA,BALLOON DILATATION LT SFA
LAP PERITONEAL WINDOW,PERITONEAL WINDOW
VENOUS STRIPPING AT RT GSV,VENOUS STRIPPING AT RT GSV
DECORTICATION,DECORTICATION
PLEURECTOMY WITH DECORTICATION,PLEURECTOMY WITH DECORTICATION
RT VAT BLEBECTOMY WITH PLEURECTOMY,RT VAT BLEBECTOMY WITH PLEURECTOMY
OPEN LAR C HAARTMAN END COLOSTOMY,OPEN LAR C HAARTMAN END COLOSTOMY
OPEN HENIOPLASTY,OPEN RT HERNIOPLASTY
LT BCT C ACLN,LT BCT C ACLN
EXCISION UNDER WIRE LOCALIZATION,WIRE LOCALIZATION WIDE EXCISION
EX[LOR WOUND ANGIOGRAM,EX[LOR WOUND ANGIOGRAM
EXCISION AT R1,EXCISION AT R3
BILATERAL OPEN HERNIOPLASTY,OPEN BILATERAL HERNIOPLASTY
LAPAROSCOPIC LT ADRENALECTOMY,LAPAROSCOPIC LT ADRENALECTOMY
RE EXPLOR C TEMPORARY CLOSURE,RE EXPLOR C TEMPORARY CLOSURE
AMPUTATION 4TH FINGER,AMPUTATION 4TH FINGER
LAPAROSCOPIC WEDGE TUMOR RESECTION,LAPAROSCOPIC WEDGE TUMOR RESECTION
REVISED AVBG RT FOREARM,REVISE AVF RT FOREARM
TRANSMETATARSAL AMPUTATION,TRANSMETATARSAL AMPUTATION
WIDE EXCISION DB,WIDE EXCISION
TK REMOVAL,TK REMOVAL
OPEN TOTAL THYROIDECTOMY RIGHT CND,OPEN TOTAL THYROIDECTOMY RIGHT CND
OPEN TOTAL THYROIDECTOMY CENTRAL NODE,OPEN TOTAL THYROIDECTOMY CENTRAL NODE
SUBTOTAL PARATHYROIDECTOMY,OPEN SUBTOTAL PARATHYROIDECTOMY
RE EXPLOR LAP SECOND LOOK,RE EXPLOR LAP SECOND LOOK
BILATERAL MRND,BILATERAL MRND
BRAUN LOOP JEJUNOJUNOSTOMY,BRAUN LOOP JEJUNOJUNOSTOMY
REVISE STUMP VACUUM DRESSING,REVISE STUMP VACUUM DRESSING
OPEN LHC WITH OPEN S6 SEGMENTECTOMY,OPEN LHC WITH OPEN S6 SEGMENTECTOMY
OPEN TOTAL PARATHYROIDECTOMY WITHOUT AUTOTRANSPLANTATION MEDIAN STERNOTOMY,OPEN TOTAL PARATHYROIDECTOMY WITHOUT AUTOTRANSPLANTATION MEDIAN STERNOTOMY
WIDE EXCISION BILATERAL MAMMOREDUCTION TECHNIQUE,WIDE EXCISION BILATERAL MAMMOREDUCTION TECHNIQUE
RT VATS RUL BLEBECTOMY PLEURECTOMY,RT VATS RUL BLEBECTOMY PLEURECTOMY
RT VATS PLEURODESIS REPAIR AIR LEAKAGE,RT VATS PLEURODESIS REPAIR AIR LEAKAGE
OPEN RT POSTERIOR SEGTIONECTOMY,OPEN RT POSTERIOR SECTIONECTOMY
DEBRDIEMENT,DEBRIDEMENT
EXPLORE WOUND EGD,EXPLORE WOUND EGD
DRESSING WOUND WOUND IRRIGATION,DRESSING WOUND WOUND IRRIGATION
EGD COLONOSCOPE EXCISIONAL BIOPSY RT GROIN MASS,EGD COLONOSCOPE EXCISIONAL BIOPSY RT GROIN MASS
ELECTRODISSICATION AND CURETTAGE,ELECTRODISSICATION AND CURETTAGE
DEBRIDEMENT RIGHT FOOT,DEBRIDEMENT RT FOOT
EXCISIONAL DEBRIDEMENT LT HEEL,EXCISIONAL DEBRIDEMENT LT HAND
DEBRIDEMENT VAC DRESSING,DEBRIDEMENT C VACUUM DRESSING
DEBRIDEMENT C VAC DRESSING RT LEG,DEBRIDEMENT C VAC DRESSING RT LEG
AMPUTATION RT BIGTOE,AMPUTATION RT BIGTOE
NLE BOTH BREAST,NLE BOTH BREAST
OPEN LIVER SEGMENT 8 RESECTION,OPEN LIVER SEGMENT 8 RESECTION
WOUND IRRIGATION AND DRESSING,WOUND DRESSING AND IRRIGATION
LC เริ่ม 9 00น,LC เริ่ม 9 00น
OPEN RIGHT ADRENALECTOMY,LAP RIGHT ADRENALECTOMY
LAPAROSCOPIC APPENDECTOMY LC EGD COLONOSCOPY,LAPAROSCOPIC APPENDECTOMY LC EGD COLONOSCOPY
LEFT UPPER PARATHYROIDECTOMY WITH 4 GLANDS EXPLORATION LEFT THYROID LOBECTOMY,LEFT UPPER PARATHYROIDECTOMY WITH 4 GLANDS EXPLORATION LEFT THYROID LOBECTOMY
FROZEN SECTION BILATERAL NECK LYMPH NODES WITH COMPLETION THYROIDECTOMY BILAT MRND,FROZEN SECTION BILATERAL NECK LYMPH NODES WITH COMPLETION THYROIDECTOMY BILAT MRND
PALLIATIVE RT MASTECTOMY,PALLIATIVE MASTECTOMY
LEFT SSM SLNB WITH IMMEDIATE IMPLANT RECONSTRUCTION,LEFT SSM SLNB WITH IMMEDIATE IMPLANT RECONSTRUCTION
OPEN LT LOBECTOMY,OPEN LT LOBECTOMY
PARATHYROIDECTOMY,PARATHYROIDECTOMY
OPENED GASTRECTOMY,OPENED GASTRECTOMY
EXPLOR LAP WITH GASTROJEJUNOSTOMY,EXPLOR LAP WITH GASTROJEJUNOSTOMY
PTA STENT LEFT PA ENDARTERECTOMY,PTA STENT LEFT PA ENDARTERECTOMY
EXTENDED RT HEMICOLECTOMY,EXTENDED RT HEMICOLECTOMY
L4 5 LAMINECTOMY WITH DISCECTOMY PDS FIXATION,L4 5 LAMINECTOMY WITH DISCECTOMY PDS FIXATION TLIF
C5 CORPECTOMY WITH TUMOR REMOVAL WITH MESH GRAFT WITH PLATE AND SCREW FIXATION,C5 CORPECTOMY WITH TUMOR REMOVAL WITH MESH GRAFT WITH PLATE AND SCREW FIXATION
EXPLOR LAP SPLENECTOMY,EXPLOR LAP SPLENECTOMY
EUA INTERSPHINCTERIC DRAINANGE,INTERSPHINCTERIC DRAINAGE
RT MASTECTOMY,RIGHT MASTECTOMY
REVISION OF IMPLANT OF BREAST,REVISION OF IMPLANT OF RIGHT BREAST
LEFT MASTECTOMY ALND,LT MASTECTOMY ALND
OPEN REPAIR HERNIA RT,OPEN HERNIA REPAIR RIGHT
LEFT FEMORAL ANGIOGRAM,LT FEMORAL ANGIOGRAM
ANGIOPLASTY WITH STENT,ANGIOPLASTY WITH STENT
OPEN LT THYROIDECTOMY,OPEN LEFT THYROIDECTOMY
LEFT CREANIECTOMY WITH TUMOR REMOVAL REMOVE PLATE AND WOUND DEBRIDEMENT,LEFT CREANIECTOMY WITH TUMOR REMOVAL REMOVE PLATE AND WOUND DEBRIDEMENT
CRANIOTOMY WITH CYST FENESTRATIONWITH VP SHUNT,CRANIOTOMY WITH CYST FENESTRATIONWITH VP SHUNT
LT BURHOLE WITH IRRIGATION,BURR HOLE WITH IRRIGATION
SUBLABIAL TRANSSPHENOID TUMOR REMOVAL,SUBLABIAL TRANSPHENOID TUMOR REMOVAL
LAMINECTOMY T12 WITH TUMOR REMOVAL,LAMINECTOMY WITH TUMOR REMOVAL
LAMINECTOMY C2 WITH TUMOR REMOVAL,LAMINECTOMY WITH TUMOR REMOVAL
LAMINECTOMY L3 WITH NERVE ROOT DECOMPRESSION,LAMINECTOMY L3 4 WITH NERVE ROOT DECOMPRESSION
LT VATS LUL BLEBECTOMY PLEURECTOMY,LT VATS LUL BLEBECTOMY PLEURECTOMY
DEBRIDEMENT C STSG AT LEFT ARM AND NECK,DEBRIDEMENT C STSG AT LEFT ARM AND NECK
RIGID CYSTOSCOPE RETAIN FOLEY'S CATH,RIGID CYSTOSCOPE RETAIN FOLEY'S CATH
BILAT URS,BILAT URS
CYSTOSCOPY C RETAIN DJ STENT,CYSTOSCOPY C RETAIN DJ STENT
FLEXIBLE CYSTSOCPY DILATE URETHRA,FLEXIBLE CYSTOSCOPY DILATE URETHRA
TRUS BIOSPY,TRUS BIOPSY
SURVEILLANCE COLONOSCOPY R O RECURRENT,SURVEILLANCE COLONOSCOPY R O RECURRENT
4 COLONOSCOPY,COLONOSCOPY
CHEMOPRT INSERTION,CHEMOPORT INSERTION
INCISION OR EXCISION OF PERIANAL TISSUE,INCISION OR EXCISION OF PERIANAL TISSUE
THORACOSCOPIC ASSIST LAP ESOPHAGOGASTRECTOMY,THORACOSCOPIC ASSIST LAP ESOPHAGOGASTRECTOMY
LAPAROSCOPIC LAR DLC,LAPAROSCOPIC LAR DLC LC
LAP SUBTOTAL COLECTOMY RECTOPLEXY,LAP SUBTOTAL COLECTOMY RECTOPLEXY
ANEURYSMECTOMY WITH TCC RT IJV HEMOFLOW,ANEURYSMECTOMY TCC LT IJV HEMOFLOW
REMOVE AVBG WITH TCC RT IJV PALINDROME,REMOVE AVBG WITH TCC RT IJV PALINDROME
INSERTION OF ENDOTRACHEAL TUBE,INSERTION OF ENDOTRACHEAL TUBE
ENBLOC RESECTION GASTRIC GIST FEEDING JEJUNOSTOMY,ENBLOC RESECTION GASTRIC GIST FEEDING JEJUNOSTOMY
COLONO ถึงแค่ LESION,COLONO ถึงแค่ LESION
OPEN DISTAL PANCREATECOMY WITH SPLENIC PRESERVATION WITH EGD,OPEN DISTAL PANCREATECOMY WITH SPLENIC PRESERVATION WITH EGD
FROZEN SECTION RIGHT LN WITH MRND,FROZEN SECTION RIGHT LN WITH MRND
SUTURE WOUND AT INCISION SITE,SUTURE WOUND AT INCISION SITE
COLONOSCOPY C BIOPSY,COLONOSCOPY C BIOPSY
LC APPENDECTOMY,LAP APPENDECTOMY
EL C EN BLOC RESECTION,EL C EN BLOC RESECTION
BILE DUCT RESECTION WITH ROUX EN Y HEPATICOJEJUNOSTOMY LN RESECTION,BILE DUCT RESECTION WITH ROUX EN Y HEPATICOJEJUNOSTOMY LN RESECTION
EXCISIONAL DB DRESSING WOUND,EXCISIONAL DB DRESSING WOUND
LC EGD FOR REMOVE STENT,LC EGD REMOVE STENT
STEREOTACTIC WIRE LOCALIZATION OF RIGHT BREAST,STEREOTACTIC WIRE LOCALIZATION OF RIGHT BREAST
EXCISION OF LEFT BREAST,WIDE EXCISION OF LEFT BREAST
BILATERAL SKIN SPARING MASTECTOMY WITH IMPLANTATION REDUCTION MASTECTOMY TECHNIQUE,BILATERAL SKIN SPARING MASTECTOMY WITH IMPLANTATION REDUCTION MASTECTOMY TECHNIQUE
RT BCT C ALND,RT BCT C ALND
RIGHT CRANIECTOMY WITH REMOVE TUMOR,RIGHT CRANIECTOMY WITH REMOVE TUMOR
ACDF C5 7 C6 7 WITH ANTERIOR PLATE SCREW FIXATION,ACDF C56 WITH ANTERIOR PLATE AND SCREW FIXATION
TRANSSPHENOID APPROACH C TUMOUR REMOVAL,RE TRANSSPHENOID APPROACH C TUMOR REMOVAL
ACDF C5 6 WITH ANTERIOR PLATE SCREW FIXATION,ACDF C56 WITH ANTERIOR PLATE AND SCREW FIXATION
L4 S1 LAMINECTOMY PDS FIXATION,L4 S1 LAMINECTOMY PDS FIXATION
L2 3 LAMINECTOMY WITH L2 5 PDS FIXATION,LAMINECTOMY WITH PDS FIXATION L4 5
FRONTAL CRANIECTOMY C TUMOR REMOVAL C CRANIOPLASTY,FRONTAL CRANIECTOMY C TUMOR REMOVAL C CRANIOPLASTY
PARTIAL GLOSSECTOMY LT C LT SND 1 3 C PRIMARY CLOSURE,PARTIAL GLOSSECTOMY LT C LT SND 1 3 C PRIMARY CLOSURE
FESS,FESS
TRACHEOSTOMY C DL BX GA,TRACHEOSTOMY C DL BX GA
CERVICAL LN EXCISION UNDER LA,CERVICAL LN EXCISION UNDER LA
FACIAL NERVE EXPORATION RT,FACIAL NERVE EXPORATION RT
DEBRIDEMENT WITH FLAP,DEBRIDEMENT WITH FLAP
DEBRIDEMENT STSG RT FOOT,DEBRIDEMENT STSG AT RT FOOT
WIDE EXCISION LEFT HEEL C DELAY RECONSTRUCTION C COMPLETE LEFT GROIN NODE DISSECTION,WIDE EXCISION LEFT HEEL C DELAY RECONSTRUCTION C COMPLETE LEFT GROIN NODE DISSECTION
CYSTOSCOPE C TUF,CYSTOSCOPE C TUF
RT V P SHUNT OFF EVD,RT VP SHUNT OFF EVD
BIFRONTAL CRANIOTOMY WITH REMOVE TUMOR,BIFRONTAL CRANIOTOMY WITH TUMOR REMOVAL
MICROSCOPIC ENDONASAL TRANSPHENOID APPROACH WITH TUMOR REMOVAL,ENDOSCOPIC ENDONASAL TRANSSPHENOID APPROACH WITH TUMOR REMOVAL
LT BURR HOLE C IRRIGATION,LT BURRHOLE C IRRIGATION
LAMINECTOMY C5 C SPINAL CORD DECOMPRESSION C POSTERIOR CERVICAL FIXATION,LAMINECTOMY C5 C SPINAL CORD DECOMPRESSION C POSTERIOR CERVICAL FIXATION
LAMINECTOMY L3 4 4 5 C DECOMPRESSIVE C TRANSPEDICULAR SCREW,LAMINECTOMY L3 4 4 5 C DECOMPRESSIVE C TRANSPEDICULAR SCREW
LAMINECTOMY T10 11 WITH RELEASE LIGAMENTUM FLAVUM WITH TPS L4 5 WITH DECOMPRESSION,LAMINECTOMY T10 11 WITH RELEASE LIGAMENTUM FLAVUM WITH TPS L4 5 WITH DECOMPRESSION
CRANIOTOMY C CLIPPING ANEURYSM RT PCOM,CRANIOTOMY C CLIPPING ANEURYSM RT PCOM
DEBRIDEMENT STSG LT LEG,DEBRIDEMENT STSG LT LEG
MEATOTMY WITH CYSTOSCOPE,MEATOTMY WITH CYSTOSCOPE
URS BILAT C LITHOTRIPSY,URS BILAT C LITHOTRIPSY
CYSTO WITH BILAT DJ STENT WITH BILAT RP UNDER FLU,CYSTO WITH BILAT DJ STENT WITH BILAT RP UNDER FLU
CA CERVIX ADVANCE STAGE C AKI C GROOS HEMATURIA C OBSTRUCTIVE UROPATHY,CA CERVIX ADVANCE STAGE C AKI C GROOS HEMATURIA C OBSTRUCTIVE UROPATHY
FLEXIBLE URS BX,FLEXIBLE URS
FLEXIBLE CYSTOSCOPY SURVEILLNACE,FLEXIBLE CYSTOSCOPY SURVEILLANCE
LT HEMICOLECTOMY,LAP RT HEMICOLECTOMY
TRANSAXILLARY LT THYROIDECTOMY,TRANSAXILLARY LT THYROIDECTOMY
DEBRIDEMENT DRESSING WOUND,DRESSING WOUND AND DEBRIDEMENT
DEBRIDEMENT RT LEG ANKLE,DEBRIDEMENT RT LEG ANKLE
AMPUTATION 2ND TOE RT FOOT WITH DEBRIDEMENT,AMPUTATION 2ND TOE RT FOOT WITH DEBRIDEMENT
RAY AMPUTATION WITH CLOSE STUMP,RAY AMPUTATION WITH CLOSE STUMP
REVISE STUMP LT LEG,REVISE STUMP LT LEG
CHANGE VAC C SHOE LACE,CHANGE VAC C SHOE LACE
CHANGE VACUMM DRESSING SHOE LANCE CLOSURE RT LEG,CHANGE VACUMM DRESSING SHOE LANCE CLOSURE RT LEG
DB LEFT HEEL DB AND RESUTURE WOUND AT LT GROIN,DB LEFT HEEL DB AND RESUTURE WOUND AT LT GROIN
RT FEMORAL ANGIOGRAM,LT FEMORAL ANGIOGRAM
TCC RT IJV UNDER MAC,TCC RT IJV UNDER LA
EVAR WITH RIGHT IIA EMBOLIZATION,EVAR WITH RIGHT IIA EMBOLIZATION
TCC RT OR LT IJV PALINDROME,TCC RT OR LT IJV PALINDROME
PTA WITH DCB,PTA WITH DCB
LT INTERNAL ILAC EMBOLIZATION,LT INTERNAL ILAC EMBOLIZATION
LT FEMORAL ANGIOGRAPHY,LT FEMORAL ANGIOGRAM
REVISE AVF TCC,REVISE AVF TCC
OPEN C WEDGE RESECTION RUL MASS,OPEN C WEDGE RESECTION RUL MASS
LAP NEPHROURETERCTOMY WITH BLADDER CUFF EXCISION,LAP RT NEPHROURETERECTOMY WITH BLADDER CUFF EXCISION
EXCHANGE LEFT URETEROTOMY TUBE,EXCHANGE LEFT URETEROTOMY TUBE
DIVERTED LOOP COLOSTOMY WITH DISTAL IRRIGATION,DIVERTED LOOP COLOSTOMY WITH DISTAL IRRIGATION
OPEN SIGMOIDECTOMY WEDGE LIVER RESECTION S6 PARAAORTIC LN RESECTION,OPEN SIGMOIDECTOMY WEDGE LIVER RESECTION S6 PARAAORTIC LN RESECTION
ANEURYSMECTOMY C AVF LEFT CUBITAL,ANEURYSMECTOMY AVF LT CUBITAL
REVISE TCC RIGHT IJV,REVICE TCC RIGHT IJV
LIGATE AVBG WITH TCC RT IJV CENTROS,LIGATE AVBG WITH TCC RT IJV CENTROS
BALLOON ANGIOPLASTY RIGHT CFA C SFA C ANGIOGRAM RIGHT BTK RT FOREFOOT AMPUTATION,BALLOON ANGIOPLASTY RIGHT CFA C SFA C ANGIOGRAM RIGHT BTK RT FOREFOOT AMPUTATION
CMT INSERTION,CMT INSERTION
RT VAT RLL WEDGE RESECTION,RT VAT RLL WEDGE RESECTION
LT THORACOTOMY WITH PDA LIGATION,LT THORACOTOMY WITH PDA LIGATION
COMPLETE EXTENDED CHOLECYSTECTOMY,COMPLETE EXTENDED CHOLECYSTECTOMY
ERPC,ERPC
EGD NJ TUBE INSERTION,EGD NJ TUBE INSERTION
DRESSING WOUND RE SUTURE,DRESSING WOUND RE SUTURE
LAP WEDGE LIVER RESECTION,WEDGE LIVER RESECTION
DB UNDER TIVA,DB UNDER TIVA
DRESSING WOUND C DB,DRESSING WOUND C DB
COLONOSCOPY LAP AR ILEOSTOMY,COLONOSCOPY LAP AR ILEOSTOMY
DB C D S WOUND,DB C D S WOUND
LT COMPLETION THYROIDECTOMY,COMPLETION RT THYROIDECTOMY
COMPLETE TOTAL THYROIDECTOMY,OPEN TOTAL THYROIDECTOMY
2ND TOE DIP AMPTATION,2ND TOE DIP AMPTATION
COLONOSCOPY FLEXIBLE CYTOSCOPY,COLONOSCOPY FLEXIBLE CYTOSCOPY
BALLOON ANGIOPLASTY C PERM CATH LEFT IJV,BALLOON ANGIOPLASTY C PERM CATH LEFT IJV
DRESSING WOUND WITH SHOELACE PROCEDURE,DRESSING WOUND WITH SHOELACE PROCEDURE
TCC RT IJV WITH ANEURYSMECTOMY,ANEURYSMECTOMY WITH TCC RT IJV
LAMINECTOMY T1 3 WITH TUMOR REMOVAL,LAMINECTOMY WITH TUMOR REMOVAL
CRANIOTOMY WITH REPAIRED DURA,CRANIOTOMY WITH REPAIRED DURA
RT VP SHUNT MEDIUM PRESSURE,LT MEDIUM PRESSURE VP SHUNT
BURR HOLE RT,TWO BURR HOLE
EL COLOSTOMY,EL COLOSTOMY
EGD WITH IRRIGATION,EGD WITH IRRIGATION
EXPLORE LAPAROTOMY,EXPLORE LAPAROTOMY
DEBRIDEMENT WITH BONE NIPPING RT FOOT INCISIONAL BIOPSY AT HEAD,DEBRIDEMENT WITH BONE NIPPING RT FOOT INCISIONAL BIOPSY AT HEAD
OPEN AR DLI,OPEN AR DLI
DB BK,DB BK
EXCISION RT MASS,EXCISION MASS
NEEDLE LOCALIZE EXCISION LT BREAST,NEEDLE LOCALIZED EXCISION RT BREAST
MINITHORACOTOMY WITH REMOVE CHEMOPORT,MINITHORACOTOMY WITH REMOVE CHEMOPORT
REEXCISION WITH SLNB,REEXCISION WITH SLNB
REWIDE EXCISION MASTECTOMY LT BREAST,REWIDE EXCISION MASTECTOMY LT BREAST
WOUND DRESSING C IRRIGATION,WOUND DRESSING AND IRRIGATION
BIOPSY OF SOFT TISSUE,BIOPSY OF ORAL SOFT TISSUE
OPEN COMPLETION RT THYROIDECTOMY,OPEN COMPLETION RIGHT THYROIDECTOMY
LAP TAPP LT SIDE,LAP TAPP LT SIDE
MEDIAN STERNOTOMY WITH THYMECTOMY,MEDIAN STERNOTOMY WITH THYMECTOMY
STSG @ RT BKA STUMP,STSG @ RT BKA STUMP
DL BX GA,DL BX GA
DL WITH BIOPSY,DL WITH BIOPSY
WIDE EXCISION TONSIL AND BASE OF TONGUE WITH RT SND1 3 WITH ALT FREE FLAB WITH TRACHEOSTOMY,WIDE EXCISION TONSIL AND BASE OF TONGUE WITH RT SND1 3 WITH ALT FREE FLAB WITH TRACHEOSTOMY
ENDOSCOPIC SEPTOPLASTY RF IT,ENDOSCOPIC SEPTOPLASTY WITH RF IT
RT VP SHUNT REMOVE EVD,RT VP SHUNT REMOVE EVD
CRANIOTOMY WITH CLIPPING ANEURYSM,LT CRANIOTOMY WITH CLIPPING ANEURYSM
LT RETROSIGMOID SOC WITH CAVERNOMA REMOVAL,LT RETROSIGMOID SOC WITH CAVERNOMA REMOVAL
RT FOREFOOT AMPUTATION,FOREFOOT AMPUTATION
LAMINECTOMY T10 T11,LAMINECTOMY T10 T11
TPS L2 5 WITH DECOMPRESSION,TPS L2 4 WITH DECOMPRESSION
CRANIOTOMY WITH OPTIC N DECOMPRESSION,CRANIOTOMY WITH OPTIC N DECOMPRESSION
RT OCCIPICAL CRANIOTOMY WITH TUMOR REMOVAL,OP : RT OCCIPITAL CRANIOTOMY WITH TUMOR REMOVAL
LAMINECTOMY T10 11,LAMINECTOMY T10 11
DISSECTOMY L5 S1 PDS L3 4 5 S1,DISSECTOMY L5 S1 PDS L3 4 5 S1
CRANIOTOMY WITH GUIDED BIOPSY UNDER NAVIGATOR,CRANIOTOMY WITH GUIDED BIOPSY UNDER NAVIGATOR
ACDF C3 4,ACDF C3 4
C4 5 LAMINECTOMY WITH TUMOR REMOVAL,LAMINECTOMY WITH TUMOR REMOVAL
EXPLORE WOUND RIGHT GROIN,EXPLORE WOUND RIGHT GROIN
AMPUTATION LEFT BIG TOE,AMPUTATION OF RT BIG TOE
COMPLETION RT TRANSAXILLARY THYROIDECTOMY,COMPLETION TRANSAXILLARY LT THYROIDECTOMY
T8 9 LAMINECTOMY WITH TUMOR REMOVAL,LAMINECTOMY WITH TUMOR REMOVAL
LAMINECTOMY FIXATION L4 5,LAMINECTOMY FIXATION L4 5
C1 2 LAMINECTOMY WITH SCREW FIXATION,C1 2 LAMINECTOMY WITH SCREW FIXATION
LAMINECTOMY PDS FIXATION L4 5 S1,L4 S1 LAMINECTOMY PDS FIXATION
TPS T12 L4,TPS T12 L4
ACDF C 45 PEEK PLATE SCREW,ACDF C 45 PEEK PLATE SCREW
LAMINECTOMY C7 WITH LATERAL MASS SCREW C7 T1,LAMINECTOMY WITH LATERAL MASS SCREW C34567
VP SHUNT CRANIOPLASTY,CRANIOPLASTY C VP SHUNT
LAMINECTOMY L1 WITH FIXATION T11 L3,LAMINECTOMY L1 WITH FIXATION T11 L3
T11 L5 LAMINECTOMY PDS FIXATION,L4 S1 LAMINECTOMY PDS FIXATION
OTHER CERVICAL BIOPSY,OTHER CERVICAL BIOPSY
OPEN BILAT NEPHRECTOMY,OPEN BILAT NEPHRECTOMY
SUBOCCIPITAL CRANIECTOMY WITH CYST EXCISION,SUBOCCIPITAL CRANIECTOMY WITH CYST EXCISION
FLEXIBLE URETHROSCOPY,FLEXIBLE URETEROSCOPE
CYSTOSCOPE CLOT REMOVAL,CYSTOSCOPE C CLOT REMOVAL
RADICAL INGULINAL LEFT ORCHIDECTOMY,RADICAL INGULINAL LEFT ORCHIDECTOMY
RETAIN FOLEY CATH CYSTOSCOPY,CYSTOSCOPY RETAINED FOLEY CATH
CLOSURE HARTMAN'S,CLOSURE HARTMANN
OFF TCC RT IJV UNDER LA,TCC RT IJV UNDER LA
PTA STENT DCB,PTA STENT DCB
VATS DECORTICATION RT,VATS DECORTICATION
EXPLORE WOUND REVISE STUMP,EXPLORE WOUND REVISE STUMP
DB LT LEG,DB LT LEG
RIGHT MRM,RIGHT MRM
EXPLORE LAPROTOMY WITH ADHESIOLYSIS,EXPLORE LAPROTOMY WITH ADHESIOLYSIS
RT MASTECTOMY WITH SLNB EXCISION LT NIPPLE POLYP,RT MASTECTOMY WITH SLNB EXCISION LT NIPPLE POLYP
PALLIATIVE MASTECTOMY LT BREAST,PALLIATIVE MASTECTOMY LT BREAST
OPEN TOTAL THYROIDECTOMY WITH PROPHYLACTIC CENTRAL NECK DISSECTION,OPEN TOTAL THYROIDECTOMY WITH PROPHYLACTIC BILATERAL CENTRAL NECK DISSECTION
CYSTOOSCOPE,CYSTOSCOPE
LAMINECTOMY C2 5 TOTAL TUMOR REMOVAL,LAMINECTOMY C2 5 TOTAL TUMOR REMOVAL
I D UNDER GA,I D UNDER GA
RADICAL NECK DISSECTION UNILATERAL RT,RADICAL NECK DISSECTION UNILATERAL
BILATERAL GOIN NODE DISSECTION,BILATERAL GOIN NODE DISSECTION
CYSTOSCOPY STOP BLEEDING,CYSTOSCOPY STOP BLEEDING
CYSTOVCOPE,CYSTOSCOPE
CYSTOSOFPE,CYSTOSCOPE
SURVELIIANCE CYSTO,SURVEILLANCE CYSTO
LT DJ STENT REMOVAL UNDER LA,RT DJ STENT REMOVAL UNDER LA
CIRCUMCISION WITH VASECTOMY,VASECTOMY WITH CIRCUMCISION
OPEN DRAINAGE OF RT KIDNEY ABSCESS,OPEN DRAINAGE OF RT KIDNEY ABSCESS
CHANGE RT DJ STENT แบบปี,CHANGE LT DJ STENT แบบปี
COLONOSCOPY EL,EGD COLONOSCOPY
REPAIR LEAKAGE WITH ANAL DILATION,REPAIR LEAKAGE WITH ANAL DILATION
OPEN AR WITH IOUS,OPEN AR WITH IOUS
LT COMPLETION TRANAXILLARY THYROIDECTOMY,COMPLETION TRANSAXILLARY LT THYROIDECTOMY
TCC RIGHT FEMORAL VEIN,TCC RIGHT FEMORAL VEIN
BIALTERAL MASTECOTOMY SLNB,BIALTERAL MASTECOTOMY SLNB
LAPAROSCOPIC DIAGNOSIS WITH INCISIONAL BIOPSY,LAPAROSCOPIC DIAGNOSIS WITH INCISIONAL BIOPSY
COMPLETION TRANSAXILLA RT THYROIDECTOMY,COMPLETION TRANSAXILLARY LT THYROIDECTOMY
AXILLARY NODE DISSECTION,AXILLARY NODE DISSECTION
LAP TOTAL PELVIC EXENTERATION WITH LC,LAP TOTAL PELVIC EXENTERATION WITH LC
LAP LAR CAA APR,LAP LAR CAA APR
EXCISION OF HEMORRHOIDS LIGASURE POST OP ADMIT,EXCISION OF HEMORRHOIDS LIGASURE POST OP ADMIT
EXCISIONAL INCISIONAL BIOPSY AT RT SHOULDER,EXCISIONAL INCISIONAL BIOPSY AT RT SHOULDER
U S MARKING LUOQ MASS EXCISION NEEDLE LOCALIZED RUOQ CAL EXCISION,U S MARKING LUOQ MASS EXCISION NEEDLE LOCALIZED RUOQ CAL EXCISION
EGD WITH NG INSERTION DOUBLE SET UP OPEN FEEDING JEJUNOSTOMY,EGD WITH NG INSERTION DOUBLE SET UP OPEN FEEDING JEJUNOSTOMY
IRRIGATE WOUND SUTURE,IRRIGATE WOUND SUTURE
WOUND IRRIGATION WND DEBRIDEMENT,WOUND IRRIGATION WND DEBRIDEMENT
SEGMENTAL GRAFT REMOVAL,SEGMENTAL GRAFT REMOVE
REVISE TCC LT CFV,REVISE TCC LT IJV
THROMBECTOMY FISTULOGRAM,THROMBECTOMY FISTULOGRAM PTA
CLOSURE DISTAL COLOSTOMY WITH DISTAL IRRIGATION WITH EXCISION NODULE,CLOSURE DISTAL COLOSTOMY WITH DISTAL IRRIGATION WITH EXCISION NODULE
BILAT URS WITH RP WITH DJ STENT,BILAT URS WITH RP WITH DJ STENT
CYSTOSCOPE RP DJ STENT,CYSTOSCOPY RT RP DJ STENT
DEBRIDE WITH CYSTOSCOPY WITH RETROGRADE URETHROGRAM,DEBRIDE WITH CYSTOSCOPY WITH RETROGRADE URETHROGRAM
CYSTOSCOPE WITH IRRIGATION UNDER SEDATION,CYSTOSCOPE WITH IRRIGATION UNDER SEDATION
RIGHT VASECTOMY,RIGHT VASECTOMY
TURBT UNDER GA,TURBT UNDER GA
CYSTOSCOPY BILATERAL RP,CYSTOSCOPY BILATERAL RP
CYSTOSCOPE BIOSY,CYSTOSCOPE BIOSY
DJ STENT EXVHANGING,DJ STENT EXCHANGING
DJ STENT EXCHANGING YEARLY,DJ STENT EXCHANGING YEARLY
CYSTOSCOPY TUR BT UNDER IV SEDATION,CYSTO TUR BT UNDER IV SEDATION
ELETROCAUTERY URETHRAL THEN CYSTOSCOPE,ELETROCAUTERY URETHRAL THEN CYSTOSCOPE
CYSTOSCOPE WITH RETAIN FOLEY,CYSTOSCOPE WITH RETAIN FOLEY
RADICAL LEFT ORCHIECTOMY,RADICAL LEFT ORCHIECTOMY
TAE LIS,TAE LIS
MICRODISSECTOMY,MICRODISSECTOMY
STAPLE HEMORRHIODECTOMY,STAPLE HEMORRHIODECTOMY
APR C REPAIR VENTRAL HERNIA S3 SACRECTOMY,APR C REPAIR VENTRAL HERNIA S3 SACRECTOMY
ELECTROCAUTERIZATION,ELECTROCAUTERIZATION
OPEN ANTERIOR RESECTION,OPEN ANTERIOR RESECTION
TRANSACRAL LAR,TRANSACRAL LAR
LAP AR WITH OPEN WEDGE LIVER RESECTION IOUS,LAP AR WITH OPEN WEDGE LIVER RESECTION IOUS
LAP SIGMOIDECTOMY CONVERT TO OPEN COLOSTOMY,LAP SIGMOIDECTOMY CONVERT TO OPEN COLOSTOMY
PERM LT CFV,PERM LT CFV
ANEURYSMECTOMY LT ARM TCC RT IJV [ LT IJV],ANEURYSMECTOMY LT ARM TCC RT IJV [ LT IJV]
BILAT RFA WITH RT SSV LIGATION WITH DISTAL SCLEROTHERAPY,BILAT RFA WITH RT SSV LIGATION WITH DISTAL SCLEROTHERAPY
AVF RT WRIST นอกเวลา,AVF RT WRIST นอกเวลา
AMPUTATION LT THUMB,AMPUTATION LT THUMB
TCC TO PERM RT IJV,TCC TO PERM RT IJV
TRANSBRACHIAL STENTING,TRANSBRACHIAL STENTING
VENOGRAPHY BALLOON VENOPLASTY,VENOGRAM BALLOON VENOPLASTY
PROCTOSCOPE BX,PROCTOSCOPE BX
EXCISION BREAST MASS AT R9 L8,EXCISION BREAST MASS AT R9 L8
EGD OPENED WEDGE STOMACH WEDGE DIAPHRAGM REMOVED PERITRONEAL NODULE,EGD OPENED WEDGE STOMACH WEDGE DIAPHRAGM REMOVED PERITRONEAL NODULE
LAP LAR C DLI,LAP LAR C DLI
RESUTURE SKIN OF LEFT BREAST,RESUTURE SKIN OF LEFT BREAST
LT OPEN HERNIOPLASTY,OPEN LT HERNIOPLASTY
I D DEBRIDEMENT,I D DEBRIDEMENT
LEFT HERNIA REPAIR,LEFT HERNIA REPAIR
ANEURYSMECTOMY REPAIR LT BRACHIAL ARTERY,ANEURYSMECTOMY REPAIRED BRACHIAL ARTERY
DEBRIDGEMENT C RESUTURE,DEBRIDGEMENT C RESUTURE
RTIGHT FRONTAL CRANIOTOMY WITH REMOVE TUMOR UNDER NAVIGATION,RT FRONTAL CRANIOTOMY WITH REMOVE TUMOR UNDER NAVIGATION
MIS L4 5 PDS FIXATION,MIS L4 5 PDS FIXATION
LT OCCIPITAL CRANIOTOMY WITH TUMOR REMOVAL,LT OCCIPITAL CRANIOTOMY C TUMOR REMOVAL
ACDF C4 5 DIVA,ACDF C3 5 DIVA
LAMINECTOMY WITH PDS FIXATION L234,LAMINECTOMY WITH PDS FIXATION L4 5
LATERAL MASS C4 6,LATERAL MASS C4 6
FLEX CYSTO WITH DILATE ด้วย TIEMAM,FLEX CYSTO WITH DILATE ด้วย TIEMAM
LAMINECTOMY C PDS FIXATION T12 L2,LAMINECTOMY L1 C PDS FIXATION T11 L3
LT RETROSIGMOID CRANIOTOMY WITH TUMOR REMOVAL MONITORING CN7,LT RETROSIGMOID CRANIOTOMY WITH TUMOR REMOVAL MONITORING CN7
SUBTOTAL MAXILLECTOMY C SKIN GRAFT,SUBTOTAL MAXILLECTOMY C SKIN GRAFT
FESS SEPTOTURBINOPLASTY NAVIGATOR,FESS SEPTOTURBINOPLASTY NAVIGATOR
FR NOSE TONSILLECTOMY BSP MODIFIED CAPSO,TONSILLECTOMY BSP MODIFIED CAPSO
ENDOSCOPIC MEDIAL WALL FLOOR ORBITAL DECOMPRESSION,ENDOSCOPIC MEDIAL WALL FLOOR ORBITAL DECOMPRESSION
STSG RT AMPUTATED BIG TOE UNDER SPINAL BLOCK 11 00น,STSG RT AMPUTATED BIG TOE UNDER SPINAL BLOCK 11 00น
SCALP RECONSTRUCTION ROTATIONAL FLAP,SCALP RECONSTRUCTION ROTATIONAL FLAP
NV FLAP RT 2 ND FINGER AND CLOSE STUMP RT 3RD FINGER UNDER BPB,NV FLAP RT 2 ND FINGER AND CLOSE STUMP RT 3RD FINGER UNDER BPB
DB SUTURE WOUND RT HAND UNDER LA,DB SUTURE WOUND RT HAND UNDER LA
WIDE EXCISION AT LT NASAL ALAR,WIDE EXCISION AT LT NASAL ALAR
BROW LIFT,BROW LIFT
STSG DONOR FROM LEFT THIGH,STSG DONOR FROM LEFT THIGH
CLOSED REDUCTION NASAL SEPTUM UNDER GA,CLOSED REDUCTION NASAL SEPTUM UNDER GA
LAP RT NEPHRECTOMY OPEN,LAP RT NEPHRECTOMY OPEN
LAMINECTOMY WITH PDS FIXATION L2345 MIS SCREW,L3 4 5 LAMINECTOMY WITH PDS FIXATION MIS SCREW
OPEN BIOPSY AT S1,OPEN BIOPSY AT S1
LAMINECTOMY L2 4 WITH PDS FIXATION,LAMINECTOMY WITH PDS FIXATION L4 5
LAMINECTOMY WITH PDS FIXATION T11 12,LAMINECTOMY T10 T9 11 PDS FIXATION
BILAT FESS WIHT MICRODEBRIDER WITH NAVIGATOR,BILAT FESS WITH MICRODEBRIDER WITH NAVIGATOR
RT ENDOSCOPIC FAT PLUG MYRINGOPLASTY,ENDOSCOPIC FAT PLUG MYRINGOPLASTY
TONSIILLECTOMY BSP RF NOSE GA,TONSILLECTOMY BSP RF NOSE
D L C BIOIPSY,D L C BIOIPSY
WIDE EXCISION FOM LT C LT MRND C LT NASOLABIAL FLAP,WIDE EXCISION FOM LT C LT MRND C LT NASOLABIAL FLAP
MODIFIED RADICAL MASTOIDECTOMY RT,RT MODIFIED RADICAL MASTOIDECTOMY
STSG RT LEG UNDER SPINAL BLOCK,STSG RT LEG UNDER SPINAL BLOCK
REVISION LT EAR,REVISION LT EAR
WIDE LOCAL EXCISION LOCAL FLAP RT ALAR UNDER GA,WIDE LOCAL EXCISION LOCAL FLAP RT ALAR UNDER GA
CLOSED REDUCTION K WIRE,CLOSED REDUCTION K WIRE
WIDE EXCISION WITH FOREHEAD FLAP COVERAGE,WIDE EXCISION WITH FOREHEAD FLAP COVERAGE
CAPSULECTOMY BOTH BREASTS,CAPSULECTOMY BOTH BREASTS
PTA RT AVF LT AVF,PTA RT AVF LT AVF
CYSTOSCOPY TUF UNDER TIVA,CYSTOSCOPY TUF UNDER TIVA
CYSTOSCOPE WITH DILATE URETHRAL,CYSTOSCOPE WITH DILATE URETHRA
TUR BT DILATE URETHRA,TUR BT DILATE URETHRA
FLEXIBLE URETEROSCOPE WITH RE TUR BT,FLEXIBLE URETEROSCOPE WITH RE TUR BT
BILAT URS WITH DJ STENTS,BILAT URS WITH DJ STENTS
REVIES RT DJ STENT,REMOVE RT DJ STENT
CYSTO ใส่ FOLEY,CYSTO ใส่ FOLEY
FLEXIBLE CYSTOSCOPE WITH DILATE,FLEXIBLE CYSTOSCOPE WITH DILATE
OPEN URETEROURETEROSTOMY,OPEN URETEROURETEROSTOMY
TUR BT RT URS L,TUR BT RT URS L
TRUS BX WITH TUR P UNDER SB GA,TRUS BX WITH TUR P UNDER SB GA
OFF DJ STENT CHANGE BILAT DJ STENT UNDER GAIV,OFF DJ STENT CHANGE BILAT DJ STENT UNDER GAIV
DEBRIDMENT WITH CYSTOS SUPRAPUBICCYSTOSTOMY UNDER GA,DEBRIDMENT WITH CYSTOS SUPRAPUBICCYSTOSTOMY UNDER GA
CYSTO CHANGE FOLEY ใช้ GUIDEWIRE,CYSTO CHANGE FOLEY ใช้ GUIDEWIRE
TUIP WITH TURBT,TUIP WITH TURBT
IMPLANT REMOVAL BOTH BREAST,BREAST IMPLANT REMOVAL
ANEURYSMECTOMY เหลือ STUMP PROXIMAL,ANEURYSMECTOMY เหลือ STUMP PROXIMAL
REVISED TCC AT RIGHT IJV,REVISED TCC AT RIGHT IJV
LIGATE BRANCH OF LT CEPHALIC VEIN FISTULOGRAM PTA,LIGATE BRANCH OF LT CEPHALIC VEIN FISTULOGRAM PTA
VENOGRAM TCC RT IJV LT IJV RT CFV,VENOGRAM TCC RT IJV LT IJV RT CFV
BILAT ENARTERECTMY OF COMMON FEMORAL ARTERY WITH CERAB WITH ANGIOPLASTY RIGHT LEG,BILAT ENARTERECTMY OF COMMON FEMORAL ARTERY WITH CERAB WITH ANGIOPLASTY RIGHT LEG
BALLOON ANGIOPLASTY RT SFA C PA CROSS OVER,BALLOON ANGIOPLASTY RT SFA C PA CROSS OVER
VATS THYMECTOMY,VATS THYMECTOMY
RAY AMPUTATION RT BIG TOE,AMPUTATION OF RT BIG TOE
RETENTION SUTURE DEBRIDEMENT,RETENTION SUTURE DEBRIDEMENT
DEBRIDEMENT RE EXTENSION SUTURE,RETENTION SUTURE DEBRIDEMENT
DEBRIDEMENT RETENSION SUTURE,RETENTION SUTURE DEBRIDEMENT
DB C VAC,DB C VAC
DS C RETENSION SUTURE,DS C RETENSION SUTURE
DS C RETENTION SUTURE,DS C RETENSION SUTURE
DRESSING WOUND RT LEG LT FOOT,DRESSING WOUND RT LEG LT FOOT
ACDF C567 PEEK PLATE C567,ACDF C567 PEEK PLATE C567
LAMINECTOMY WITH PDS FIXATION L45S1 MIS,MIS L4 S1 LAMINECTOMY WITH PDS FIXATION
LAMINECTOMY WITH FIXATION L2345,LAMINECTOMY WITH FIXATION L2345
LAMINECTOMY L3 4 4 5,LAMINECTOMY PDS L3 4 4 5
LAMINECTOMY WITH PDS L4 5 MIS WITH REMOVE TALOV CYST,LAMINECTOMY WITH PDS L4 5 MIS WITH REMOVE TALOV CYST
REVISE GRAFT PEDICLE,REVISE GRAFT PEDICLE
LAMINECTOMY WITH TUMOR REMOVAL UNDER FLU,LAMINECTOMY WITH TUMOR REMOVAL UNDER FLU
LT OCCIPITAL CRANIOTOMY WITH RE CLIPPING ANEURYSM WITH REMOVE CLOT,LT OCCIPITAL CRANIOTOMY WITH RE CLIPPING ANEURYSM WITH REMOVE CLOT
DRESSING WOUND WITH SUTURE,DRESSING WOUND WITH SUTURE
CRANIOTOMY WITH REMOVE BLOOD CLOT,CRANIOTOMY RT C REMOVE BLOOD CLOTT
U S GUIDED VABB,U S GUIDED VABB
LEFT MASTECTOMY WTIH SLNB,LEFT MASTECTOMY WITH SLNB
LIPOSUCTION OF AXILLARY BREAST TISSUE,LIPOSUCTION OF AXILLARY BREAST TISSUE
VABB OF LEFT BREAST,VAE OF LEFT BREAST
OPEN TOTAL THYROIDECTOMY WITH BILAT CND WITH 4 GLANDS PARATHYROID EXPLORATION AND PARATHYROIDECTOMY,OPEN TOTAL THYROIDECTOMY WITH BILAT CND WITH 4 GLANDS PARATHYROID EXPLORATION AND PARATHYROIDECTOMY
REEXCISION RT BREAST,EXCISION LT BREAST
DRESSING WOUND RT LEG,DRESSING WOUND RT LEG
RT SUBOCCIPITAL CRANIOTOMY C MICROVASCULAR DECOMPRESSION,LT SUBOCCIPITAL CRANIOTOMY C MICROVASCULAR DECOMPRESSION
IVC FILTER REMOVAL,REMOVE IVC FILTER
LIGATE AVF LT CUBITAL ใหญ่มากกกก,LIGATE AVF LT CUBITAL ใหญ่มากกกก
LIGATE LT AVF ANEURYSMECTOMY,LIGATE LT AVF ANEURYSMECTOMY
RT DLC TO TCC,RT DLC TO TCC
OFF TCC RT IJV TCC LT IJV CENTROS,OFF TCC RT IJV TCC LT IJV CENTROS
AVF LT CUBITAL เส้นอยู่ LATERAL มาก,AVF LT CUBITAL เส้นอยู่ LATERAL มาก
AVF LT WRIST UNDER,AVF LT WRIST UNDER LA
LIGATE AVF TCC RT IJV,LIGATE AVF TCC RT LT IJV
DLC TO IJV,DLC RT IJV
RETVISE TCC RT IJV,REVISE TCC RT IJV
FISTOLUGRAM PTA INFLOW,FISTOLUGRAM PTA INFLOW
OPEN DECORTICATED LT CHEST,OPEN DECORTICATED LT CHEST
VATS RT APICAL BLEBECTOMY C PLEURECTOMY RT,VATS RT APICAL BLEBECTOMY C PLEURECTOMY RT
ใช้ DERMABOND WITH GOMCO DAYCASE,ใช้ DERMABOND WITH GOMCO DAYCASE
RT MRM,RT MRM
LT MRM WITH CHEST WALL RESECTION AND RECONSTRUCTION,LT MRM WITH CHEST WALL RESECTION AND RECONSTRUCTION
EXCISIONAL BX LT THYROID BED RT CERVICAL NODE GR 2,EXCISIONAL BX LT THYROID BED RT CERVICAL NODE GR 2
WIDE EXCISION MASS WITH LOCAL FLAP COVERAGE UNDER SB,WIDE EXCISION MASS WITH LOCAL FLAP COVERAGE UNDER SB
OPEN TOTAL THYROIDECTOMY WITH LN LEVEL 6 DISSECTION,OPEN TOTAL THYROIDECTOMY WITH LN DISSECTION
RESECTION 3 METASTATIC LN,RESECTION 3 METASTATIC LN
OPEN TOTAL THYROIDECTOMY WITH BILAT CND,OPEN TOTAL THYROIDECTOMY WITH BILATERAL CND
OPEN WEDGE S4A B,OPEN WEDGE S4A B
EXCISION LIPOMA AT BACK,EXCISION LIPOMA AT BACK
RIGHT MASTECTOMY WITH SLNB WITH PROPHYLAXIS LT MASTECTOMY,RT TOTAL MASTECTOMY WITH SLNB WITH PROPHYLAXIS LT MASTECTOMY
SUBTOTAL MASTECTOMY SLNB,SUBTOTAL MASTECTOMY
PROPHYLAXIS MASTECTOMY,LEFT PROPHYLAXIS MASTECTOMY
BILAYERAL BURR HOLE WITH IRRIGATION,BILATERAL BURR HOLE WITH IRRIGATION
LAMINECTOMY WITH PDS FIXATION MIS L5 S1 [ L4 5],MIS L4 S1 LAMINECTOMY WITH PDS FIXATION
MIS C TLIF L4 L5,MIS TLIF L4 L5
REMOVED LP SHUNT,REMOVED LP SHUNT
RIGHT FRONTAL PROGRAMMABLE VP SHUNT,RT FRONTAL PROGRAMABLE VP SHUNT
OPEN RIGHT UPPER PARATHYROIDECTOMY UNDER GA,OPEN RIGHT UPPER PARATHYROIDECTOMY UNDER GA
LT ENDOSCOPIC TUMOR REMOVAL WITH NAVIGATOR EXTERNAL APP,LT ENDOSCOPIC TUMOR REMOVAL WITH NAVIGATOR EXTERNAL APP
TRACHEOSTOMY DL TELE,TRACHEOSTOMY DL TELE
REVISION BILATERAL FESS,REVISION BILATERAL FESS
LEFT SPHENOIDOTOMY,LEFT SPHENOIDOTOMY
EXCISION OF LESION OF MAXILLARY SINUS WITH OTHER APPROACH,EXCISION OF LESION OF MAXILLARY SINUS WITH OTHER APPROACH
ABDOMINAL WALL DEFECT RECONSTRUCTION WITH RT ALT FREE FLAP WITH STSG FROM LT THIGH,ABDOMINAL WALL DEFECT RECONSTRUCTION WITH RT ALT FREE FLAP WITH STSG FROM LT THIGH
SUBCUTANEOUS EXCISION,SUBCUTANEOUS EXCISION
FACELIFTING,FACE LIFTING
MASS REMOVAL SMALL MASS,MASS REMOVAL SMALL MASS
SET OR FOR TRUS BX UNDER TIVA,SET OR FOR TRUS BX UNDER TIVA
RT URS WITH DJ STENT,LT URS L WITH DJ STENT
CYSTOSCOPE CYSTOSTOMY,CYSTOSCOPE CYSTOSTOMY
REZUM UNDER TIVA,REZUM UNDER TIVA
CYSTOSCOPY REMOVE JJ STENT,CYSTOSCOPY REMOVE DJ STENT
CIRCUMCISION WITH VASECTOMY UNDER TIVA,CIRCUMCISION WITH VASECTOMY UNDER TIVA
AVBG LT UPPER ARM DOUBLE LOOP TCC RT IJV,AVBG LT UPPER ARM DOUBLE LOOP TCC RT IJV
RT TOE AMPUTATION WITH DEBRIDEMENT OF LT BIG TOE,RT BIG TOE AMPUTATION WITH DEBRIDEMENT
PERITONIUM WINDOW,PERITONIUM WINDOW
AVBG RT UPPERARM DOUBLE LOOP,AVBG LT UPPERARM DOUBLE LOOP
LT FOREARM BRACHIOBRACHIAL AVBG,LT FOREARM BRACHIOBRACHIAL AVBG
LT SNUFFBOX AVF,LT SNUFFBOX AVF
LAP SUBTOTAL COLOECTOMY,LAP SUBTOTAL COLECTOMY
CHOMEPORT INSERTION,CHEMOPORT INSERTION
PENILE AUGMENTATION,PENILE AUGMENTATION
REMOVE SIGMOID FLAP I D,REMOVE SIGMOID FLAP I D
INTERVAL OPEN APPENDECTOMY,INTERVAL LAP APPENDECTOMY
COLONOSCOPY SURVEILLANCE,SURVEILLANCE COLONOSCOPY
CYSTOGRAM UNDER LA,CYSTOGRAM UNDER LA
TRUS BX 22 25 CORES,TRUS BX 22 25 CORES
DILATE WITH RIGID CYSTOSCOPY,DILATE WITH RIGID CYSTO
TURP UNDER SB,TURP UNDER SB
CYSTOSOPE,CYSTOSCOPE
LAR,LAR
CYSTOSCOPY WITH OFF RT DJ STENT,CYSTOSCOPE WITH OFF DJ STENT
LT FLEXIBLE URS L WITH DJ STENT,LT FLEXIBLE URS L WITH DJ STENT
RADICAL CYSTECTOMY PELVIC LYMPHADENECTOMY,RADICAL CYSTECTOMY PELVIC LYMPHADENECTOMY
CYSTOSCOPY WITH RETAIN FOLEY CATH UNDER TIVA,CYSTOSCOPY WITH RETAIN FOLEY CATH UNDER TIVA
TUF STOP BLEED,TUF STOP BLEED
TUR BT WITH RT DJ STENT,TUR BT WITH RT DJ STENT
CYSTOSCOPY WITH OFF DJ STENT,CYSTOSCOPE WITH OFF DJ STENT
EC EXCISION RESIDUAL TUMOR,EC EXCISION RESIDUAL TUMOR
LAP SIGMIODECTOMY,LAP SIGMOIDECTOMY
LAPAROSCOPIC LAR CAA,LAPAROSCOPIC LAR
DIVERT LOOP PROXIMAL TRANSVERSE COLOSTOMY,LOOP PROXIMAL TRANSVERSE COLOSTOMY
LT BRACHIOCEPHALIC AVF CUBITAL,LT BRACHIOCEPHALIC AVF CUBITAL
REVISE LT BRACHIOCEPHALIC,REVISE LT BRACHIOCEPHALIC
SECONDARY TCC INSERTION AT RT IJV,SECONDARY TCC INSERTION AT RT IJV
VENOUS STRIPPING STAB AVULSION AT LT LEG,VENOUS STRIPPING STAB AVULSION RT LEG
EXTEND SCREW TO L1,EXTEND SCREW TO L1
BALLOON VENOPLASTY RT FOREARM,BALLOON VENOPLASTY RT FOREARM
TCC RT IJV RT EJV,TCC RT EJV LT IJV
REMOVE PORT A,REMOVE PORT A
PERM CATH INSERTION RT IJV,PERM CATH INSERTION RT IJV
BALLOON ANGIOPLASTY RT UPPER ARM,BALLOON ANGIOPLASTY RT UPPER ARM
PTA STENT RT LEG,PTA STENT RT LEG
RT BELOW KNEE AMPUTATION,RT BELOW KNEE AMPUTATION
AVF RT WRIST เส้นเล็กมาก,AVF RT WRIST เส้นเล็กมาก
TCC RT IJV CENTROS LA,TCC RT IJV CENTROS
DL TO TCC RT IJV,DLC TO TCC RT IJV
REVISED,REVISED
RT PTA,PTA RT
INSERTION PERM CATH,PERM CATH INSERTION
HYBRID VATS DECORTICATION RIGHT CHEST ON DOUBLE LUMEN TUBE,HYBRID VATS DECORTICATION RIGHT CHEST ON DOUBLE LUMEN TUBE
OPEN THYROIDECTOMY RT,OPEN RT THYROIDECTOMY
RFA STAB AVULSION LT LEG,RFA STAB AVULSION LT LEG
LAMINECTOMY C5 T1 TUMOR REMOVAL LATERAL MASS SCREW C5 7,LAMINECTOMY C5 T1 TUMOR REMOVAL LATERAL MASS SCREW C5 7
LAMINECTOMY WITH PDS FIXATION L345 [ MIS],MIS L4 S1 LAMINECTOMY WITH PDS FIXATION
LEFT PTERIONAL CRANIOTOMY WITH REMOVE TUMOR,LEFT PARIETAL CRANIOTOMY WITH REMOVE TUMOR
LT PROGRAMMABLE VP SHUNT REMOVE OLD VP SHUNT,LT PROGRAMMABLE VP SHUNT REMOVE OLD VP SHUNT
LT PROGRAMABLE VP SHUNT,PROGRAMABLE LP SHUNT
U D BELL'PALSY HYPOTHYROID,U D BELL'PALSY HYPOTHYROID
SUTURE TRACHEOSTOMY WOUND,SUTURE TRACHEOSTOMY WOUND
CLOSE FISTULA,CLOSURE FISTULA
MICRO DL EXCISION GA,MICRO DL EXCISION GA
RF LA,RF LA
ENDOSCOPIC SEPTOTURBINOPLASTY NP MASS REMOVAL,ENDOSCOPIC SEPTOTURBINOPLASTY NP MASS REMOVAL
COMPLETE LARYNGECTOMY PMM FLAP RT,COMPLETE LARYNGECTOMY PMM FLAP RT
ENDOSCOPIC RT SPA LIGATION,ENDOSCOPIC SPA LIGATION
MYRINGOTOMY C PE TUBE,LT MYRINGOTOMY C PE TUBE
SEPTOPLASTY WITH RF SODT PALATE,SEPTOPLASTY WITH RF SODT PALATE
1 STAGE REPAIR PARAFFINOMA,1 STAGE REPAIR PARAFFINOMA
VARICOCELECTOMY LT,LT VARICOCELECTOMY
RT RADICAL ORCHIDECTOMY,RT RADICAL ORCHIECTOMY
TRUS BX นอกเวลา,TRUS BX นอกเวลา
WIDE CIRCUMCISION,WIDE CIRCUMCISION
CYSTOSCOPY CHANGE DJ STENT,CYSTOSCOPY WITH CHANGE DJ STENT
LT DJ STENT INSERTION,LT RP DJ STENT INSERTION
LT URSL WITH DJ STENT,LT URS L WITH DJ STENT
ENDOSCOPIC BILAT DCR,ENDOSCOPIC BILAT DCR
STSG AT OCCIPITAL AREA,STSG AT OCCIPITAL AREA
CLOSED REDUCTION OF NASAL BONE,CLOSE REDUCTION NASAL BONE
SUPERFICIAL PAROTIDECTOMY RT,RT SUPERFICIAL PAROTIDECTOMY
EYEBROWPLASTY,EYEBROWPLASTY
WIDE EXSION,WIDE EXCISION
ENDOSCOPIC MEDIAL WALL FLOOR ORBITAL DECOMPRESSION WITH NAVIGATOR,ENDOSCOPIC MEDIAL WALL FLOOR ORBITAL DECOMPRESSION WITH NAVIGATOR
BILAT FULL HOUSE FESS SEPTOPLASTY,BILAT FULLHOUSE FESS SEPTOPLASTY
TRACHESTOMY,TRACHEOSTOMY
CYSTOSCOPE WITH RETAIN FOLEY CATH,CYSTOSCOPE WITH RETAIN FOLEY
RADICAL NEPHROURETERECTOMY WITH BCC,RADICAL NEPHROURETERECTOMY WITH BCC
DILATE WITH TIE MAN,DILATE WITH TIE MAN
RIGID CYSTOSCOPY WITH CLOTTED BLOOD REMOVAL UNDER IV SEDATION,RIGID CYSTOSCOPY WITH CLOTTED BLOOD REMOVAL UNDER IV SEDATION
CYSTO TUR BT UNDER TIVA,CYSTO TUR BT UNDER TIVA
RT URS L DJ STENT UNDER GA,RT URS L DJ STENT UNDER GA
FLEXICLE CYSTOSCOPY,FLEXIBLE CYSTOSCOPY
VASECTOMY UNDER IV SEDATE,VASECTOMY UNDER IV SEDATION
FLEXIBLE CYSTOSCOPE C RETAIN FOLEY,FLEXIBLE CYSTOSCOPE C RETAIN FOLEY
FLEXIBLE CYSTOSCOPE C BLOOD CLOT REMOVAL,FLEXIBLE CYSTOSCOPE C BLOOD CLOT REMOVAL
LT URSL LT DJ STENT,LT URSL LT DJ STENT
CYSTOSCOPE C IRRIGATION UNDER GAIV,CYSTOSCOPE C IRRIGATION UNDER GAIV
EXCISIONAL OF CARUNCLE UNDER IV SEDATION,EXCISIONAL OF CARUNCLE UNDER IV SEDATION
RT URSL ใช้ FLU นอกเวลา 16 00,RT URSL ใช้ FLU นอกเวลา 16 00
LAP RADICAL PROSTECTOMY,LAP RADICAL PROSTATECTOMY
FLEXIBLE CYSTOSCOPE C STOP BLEEDING,FLEXIBLE CYSTOSCOPE C STOP BLEEDING
FLEX CYSTOSCOPY TURBT UNDER GA,CYSTOSCOPY TURBT UNDER GA
RADICAL CYSTECTOMY WITH URETHRECTOMY WITH ILEAL CONDUIT,RADICAL CYSTECTOMY WITH URETHRECTOMY WITH ILEAL CONDUIT
DILATE URETHRA TIE MAN,DILAT E URETHRA TIE MAN B24
COLONOSOCPY,COLONOSCOPY
COLONOSCOPY OPEN AR,COLONOSCOPY OPEN AR
EGD COLONO LIS EXCISION SKIN TAG,EGD COLONO LIS EXCISION SKIN TAG
LEVATOPLASTY,LEVATOPLASTY
EXCISION WITH SECONDARY HEALING STRICTUROPLASTY,EXCISION WITH SECONDARY HEALING STRICTUROPLASTY
OPEN SIGMOIDECTOMY WITH WEDGE LIVER S7,OPEN SIGMOIDECTOMY WITH WEDGE LIVER S7
LAP LAR WITH DLC,LAP LAR WITH DLI
LAPAROSCOPIC LHC,LAPAROSCOPIC RHC
ANEURYSMECTOMY UNDER LT BPB,ANEURYSMECTOMY UNDER LT BPB
TRANSMETATARSAL AMPUTATION RT FOOT,TRANSMETATASAL AMPUTATION RT FOOT
AVF RT WRIST OR SNUFFBOX,AVF RT WRIST OR SNUFFBOX
OPEN REPAIR AAA,OPEN REPAIR AAA
BALLOON ANGIOPLASTY ทำต่อจากเคสแรก,BALLOON ANGIOPLASTY ทำต่อจากเคสแรก
EXCISION PARAFFINAOM นอกเวลา,EXCISION PARAFFINAOM นอกเวลา
LT CRANIOTOMY WITH REMOVE TUMOR,CRANIOTOMY WITH TUMOR REMOVAL
LAMINECTOMY L3 4 WITH PDS FIXATION REDO,L3 4 LAMINECTOMY WITH L3 S1 PDS FIXATION
L4 5 MIS TLIF,MIS TLIF L4 5
LAMINECTOMNY L4 5 C DISSECTOMY C PDS FIXATION,LAMINECTOMY C DISSECTOMY C PDS FIXATION L3 4 5
REVISE SYRINGOPLEURAL SHUNT,REVISE SYRINGOPLEURAL SHUNT
BIFRONTAL CRANIOTOMY C TUMOR REMOVAL,BIFRONTAL CRANIOTOMY WITH TUMOR REMOVAL
LAMINECTOMY? L2 3 4? PDS L2 3 4? 4 5 S1,LAMINECTOMY? L2 3 4? PDS L2 3 4? 4 5 S1
TRANS ORAL ODONTOIDECTOMY WITH C1 2 FUSION,TRANS ORAL ODONTOIDECTOMY WITH C1 2 FUSION
RT TEMPORAL CRANIOTOMY WITH TUMOR REMOVAL,SET OR FOR TEMPORAL CRANIOTOMY WITH TUMOR REMOVAL
REDO CRANIOTOMY WITH TUMOR REMOVAL,CRANIOTOMY WITH TUMOR REMOVAL
REMOVE CRANIOPLASTY,REMOVE CRANIOPLASTY
RF BOT RF NOSE LA,RF BOT RF NOSE LA
FESS TURBINOPLASTY,FESS TURBINOPLASTY
MYRINGOTOMY TRIUNE INSERTION LA,MYRINGOTOMY TRIUNE INSERTION LA
TONSILLECTOMY BSP RF NOSE GA,TONSILLECTOMY BSP RF NOSE
REVISION SCAR REMOVE FB AT LT INDEX,REVISION SCAR REMOVE FB AT LT INDEX
SEPTOPLASTY RF PALATE,SEPTOPLASTY RF PALATE
RT FESS TURBINOPLASTY,FESS TURBINOPLASTY
AWAKE PROPHYLACTIC TRACHEOSTOMY FOB DL BX,AWAKE PROPHYLACTIC TRACHEOSTOMY FOB DL BX
BILAT FESS WITH MICRODEBRIDER WITH NAVIGATORS,BILAT FESS WITH MICRODEBRIDER WITH NAVIGATOR
TRACHESOTMY FOL,TRACHEOSTOMY FOL
DB REPAIR TENDON,REPAIR TENDON
DB AND SUTURE WOUND,DB C SUTURE WOUND
SUTURE WOUND UNDER LOCAL,SUTURE WOUND UNDER LOCAL
LT ALAR RECONSTRUCTION,LT ALAR RECONSTRUCTION
CLOSED REDUCTION NASAL BONE,CLOSE REDUCTION NASAL BONE
WE WITH LOCAL FLAP,WE WITH LOCAL FLAP
WIDE EXCION WITH SCALP FLAP GA,WIDE EXCION WITH SCALP FLAP GA
ORIF C PAS C MMF,ORIF C PAS C MMF
EXCISION ABDOMINALL WALL,EXCISION ABDOMINALL WALL
REMOVAL MASS AT BACK,REMOVAL MASS AT BACK
RT MMA WITH BILAT TURBINOPLASTY,RT MMA WITH BILAT TURBINOPLASTY
PACKING LT MASTOID AIR CELL,PACKING LT MASTOID AIR CELL
LAMINECTOMY L3 5 C PDS FIXATION,LAMINECTOMY C PDS FIXATION L3 4 5 S1
RE CRANIOTOMY WITH REMOVE TUMOR,CRANIOTOMY WITH TUMOR REMOVAL
LAMINECTOMY C PDS FIXATION MIS,LAMINECTOMY C PDS FIXATION L4 5 MIS
PEDICULAR SCREW C7 T1 WITH LAMINECTOMY C7 T1 UNDER NAVIGATION,PEDICULAR SCREW C7 T1 WITH LAMINECTOMY C7 T1 UNDER NAVIGATION
LEFT VP SHUNT UNDER NEVIGATE,LEFT VP SHUNT UNDER NEVIGATE
LAMINECTOMY L2 5 WITH PDS FIXATION,LAMINECTOMY WITH PDS FIXATION L4 5
LARYNGOSCOPY C TELE C EXCISION,LARYNGOSCOPY C TELE C EXCISION
TRACHEOSTOMY MULTIPLE TOOTH EXTRACTION STOP BLEED ทำหลัง TRACHEOSTOMY,TRACHEOSTOMY MULTIPLE TOOTH EXTRACTION STOP BLEED ทำหลัง TRACHEOSTOMY
EXCISION POSTAURICULAR SKIN GRAFT,EXCISION POSTAURICULAR SKIN GRAFT
RF NOSE PALATE,RF NOSE PALATE LA
I D VIA ORAL CAVITY UNDER LA,I D VIA ORAL CAVITY UNDER LA
ANTERIOR PALATOPLASTY RF NOSE GA,ANTERIOR PALATOPLASTY RF NOSE GA
TYMPANOMASTOIDECTOMY FACIAL NIMS,LT TYMPANOMASTOIDECTOMY FACIAL NIMS
PARTIAL GLOSSECTOMY LT C LT SND,PARTIAL GLOSSECTOMY LT C LT SND
AMPUTATION 2ND TOE LT RAY AMPUTATION 5TH TOE LT DEBRIDEMENT LT BIG TOE AND LT HEEL,AMPUTATION 2ND TOE LT RAY AMPUTATION 5TH TOE LT DEBRIDEMENT LT BIG TOE AND LT HEEL
MODIFIED CAPSO RF NOSE,MODIFIED CAPSO RF NOSE
WIDE LOCAL EXCISION MASS AT SCALP,WIDE LOCAL EXCISION MASS AT SCALP
EXCISION MASS AT POTERIOR NECK,EXCISION MASS AT POTERIOR NECK
STSG DONOR FROM RT THIGH UNDER GAET,STSG DONOR FROM RT THIGH UNDER GAET
ORIF C IMF,ORIF C IMF
NASAL RECONSTRUCTION,NASAL RECONSTRUCTION
REVISION SKIN GRAFT,REVISION SKIN GRAFT
FULL FACE LIFT GA,FULL FACE LIFT
REVISION CLEFT LIP SCAR,REVISION CLEFT LIP SCAR
DRESSING WOUND C DEBRIDEMENT,DRESSING WOUND AND DEBRIDEMENT
DJ STENT INSERTION,INSERT DJ STENT
LAP LT RADICAL NEPHRECTOMY,LAP RADICAL NEPHRECTOMY
LAP RT NEPHRO URETERECTOMY WITH OPEN BLADDER CUFF EXCISION,LAP RT NEPHROURETERECTOMY WITH BLADDER CUFF EXCISION
FLEXIBLE CYSTOSCOPE TUR BT UNDER GA,FLEXIBLE CYSTOSCOPE TUR BT UNDER GA
SLING,SLING
TONSILLECTOMY STYLOID PROCESS EXCISION BILATERAL GA,TONSILLECTOMY STYLOID PROCESS EXCISION BILATERAL GA
REVISE AVBG TCC AT RT IJV,REVISE AVBG TCC AT RT IJV
ANEURYSMORRHAPHY,ANEURYSMORRHAPHY
STENT AT LT BRACHIAL ARTERY,STENT AT LT BRACHIAL ARTERY
HIGH LIGATION WITH VENOUS STRIPPING WITH PHLEBECTOMY WITH SPJ LIGATION,LT HIGH LIGATION WITH VENOUS STRIPPING WITH PHLEBECTOMY
RT FEMORAL ANGIOGRAM WITH PTA,RT FEMORAL ANGIOGRAM WITH PTA
OFF TCC PTA,OFF TCC PTA
ANEURYSMECTOMY REPAIR LT RADIAL A AVF LT CUBITAL 20 3 66,ANEURYSMECTOMY REPAIR LT RADIAL A AVF LT CUBITAL 20 3 66
AVF RT WRIST เส้นเล็ก,AVF RT WRIST เส้นเล็กมาก
HIGH LIGATION WITH VENOUS STRIPPING WITH PHLEBECTOMY LT LEG,LT HIGH LIGATION WITH VENOUS STRIPPING WITH PHLEBECTOMY
VAT C BLEBECTOMY C PLEURODESIS,VAT C BLEBECTOMY C PLEURODESIS
VATS LINGULAR WEDGE RESECTION WITH PROPHYLAXIS PP WINDOW,VATS LINGULAR WEDGE RESECTION WITH PROPHYLAXIS PP WINDOW
VATS C WEDGE RLL RESECTION,VATS WEDGE RERSECTION OF RUL
VATS SUPERIOR LLL SEGMENTECTOMY LOBECTOMY,VATS SUPERIOR LLL SEGMENTECTOMY LOBECTOMY
VATS REPAIR AIRLEAK BLEBECTOMY C PLEURECTOMY,VATS REPAIR AIRLEAK BLEBECTOMY C PLEURECTOMY
OPEN WEDGE RESECTION,OPEN WEDGE RESECTION
ABDOMINAL TOILET CHANGE VACUUM DRESSING AT ABDOMEN THORACO,ABDOMINAL TOILET CHANGE VACUUM DRESSING AT ABDOMEN THORACO
LIGATED BRANCH AVF LT CUBITAL,LIGATED BRANCH AVF LT CUBITAL
DLC > TCC RT IJV,DLC > TCC AT RT IJV
BIALTERAL SKIN REDUCING MASTECOMY WITH IMPLANT RECONSTRUCTION SLNB,BILATERAL SKIN REDUCING MASTECTOMY WITH IMPLANT RECONSTURCTION DTI
ENDOSCOPIC LEFT MASTECTOMY NSM WITH SLNB WITH IMPLANT RECONSTRUCTION RT BREAST MASS EXCISION R1,ENDOSCOPIC LEFT MASTECTOMY NSM WITH SLNB WITH IMPLANT RECONSTRUCTION RT BREAST MASS EXCISION R1
ULTRAOSUND GUIDED VABB,ULTRAOSUND GUIDED VABB
OPEN FEEDING JEJUNOSTOMY,FEEDING JEJUNOSTOMY
MIROWAVE ABLATION,MICROWAVE ABLATION
T TUBE CHOLANGIOGRAPHY,T TUBE CHOLANGIOGRAPHY
SUTURE WOUND OFF SHOELACE,SUTURE WOUND OFF SHOELACE
SHOERACE SUTURE WOUND,SHOERACE SUTURE WOUND
LC WITH IOC STAND BY INTRAOP ERCP,LC WITH IOC STAND BY INTRAOP ERCP
ABDOMINAL TOILET CHANG VAC DRSSING AT ABDOMEN THORACO,ABDOMINAL TOILET CHANGE VACUUM DRESSING AT ABDOMEN THORACO
OPEN TOTAL THYROIDECTOMY CND LT MRND GASTROSTOMY TRACHEOSTOMY,OPEN TOTAL THYROIDECTOMY CND LT MRND GASTROSTOMY TRACHEOSTOMY
LAPAROSCOPIC APPENDECTOMY,LAPAROSCOPIC APPENDECTOMY
OPEN REMNANT CHOLECYSTECTOMY,OPEN REMNANT CHOLECYSTECTOMY
OPEN CHOLECYSTECTOMY REPIAR CBD,OPEN CHOLECYSTECTOMY REPIAR CBD
DB CHANGE DRESSING,DB CHANGE DRESSING
OPEN LEFT HERNIOPLASTY WITH UMBILICAL HERNIA REPAIR,OPEN LEFT HERNIOPLASTY WITH UMBILICAL HERNIA REPAIR
OPEN TOTAL THYROIDECTOMY CND,OPEN TOTAL THYROIDECTOMY
OPEN RIGHT LOWER PARATHYROIDECTOMY UPPER GLAND,OPEN RIGHT UPPER AND LOWER PARATHYROIDECTOMY
OPEN RIGHT PARATHYROIDECTOMY UNDER GA,OPEN RIGHT UPPER PARATHYROIDECTOMY UNDER GA
LIGATED AVF,LIGATE AVF
OPEN TOTAL THYROIDECTOMY WITH SUBTOTAL PARATHYROIDECTOMY,OPEN TOTAL THYROIDECTOMY WITH SUBTOTAL PARATHYROIDECTOMY
LEFT LOWER AND RIGHT LOWER PARATHYROIDECTOMY,LEFT LOWER AND RIGHT LOWER PARATHYROIDECTOMY
OPEN TTD LN LEVEL 6 DISSECTION,OPEN TTD LN LEVEL 6 DISSECTION
RIGHT BCT SLNB WIRE LOCALIZATION WITH INTRAOP SPECIMEN X RAY,RIGHT BCT SLNB WIRE LOCALIZATION WITH INTRAOP SPECIMEN X RAY
LEFT MASTECTOMY SLNB WITH RIGHT PROPHYLAXIS MASTECTOMY,RIGHT MASTECOTMY WITH SLNB LEFT PROPHYLAXIS MASTECTOMY
ENDOSCOPIC RIGHT MASTECTOMY WITH IMPLANT RECONSTRUCTION,ENDOSCOPIC RIGHT MASTECTOMY WITH IMPLANT RECONSTRUCTION
EXPLORE LAP WITH SMALL BOWEL RESECTION,EXPLORE LAP WITH SMALL BOWEL RESECTION
LT CRANIOPLASTY,LEFT CRANIOPLASTY
RT RETROSIGMOID SOC WITH REMOVE TUMOR,RIGHT RETRSIGMOID SOC WITH TUMOR REMOVAL
RT RETROSIGMOID CRANIOTOMY C TUMOR REMOVAL UNDER NEUROMONITORING,RT RETROSIGMOID CRANIOTOMY C TUMOR REMOVAL UNDER NEUROMONITORING
LAMINECTOMY WITH PDS FIXATION L2 L5 MIS,MIS L4 S1 LAMINECTOMY WITH PDS FIXATION
PEDICULAR SCREWS FIXATION L2345S1,PEDICULAR SCREWS FIXATION L2 5
LAMINECTOMY C PDS FIXATIONL45S1 MIS,LAMINECTOMY C PDS FIXATION L4 5 MIS
MEDIAN SUBOCCIPITAL CRANIECTOMY C POSTERIOR FOSSA DECOMPRESSION,MEDIAN SUBOCCIPITAL CRANIECTOMY C POSTERIOR FOSSA DECOMPRESSION
RE EXPLORE RT FRONTOPARIETAL C CLOT REMOVAL,RE EXPLORE RT FRONTOPARIETAL C CLOT REMOVAL
LAMINECTOMY C PDS FIXATION L2 5 MIS,LAMINECTOMY C PDS FIXATION L4 5 MIS
LAMINECTOMY W PDS FIXATION L2 3 MIS SCREW,L3 4 5 LAMINECTOMY WITH PDS FIXATION MIS SCREW
LAMINECTOMY W PDS FIXATION L2345 PRODORTH,LAMINECTOMY WITH PDS FIXATION L345S1 PRODORTH
LAMINECTOMY L234 WITH PDS FIXATION L2 5,LAMINECTOMY WITH PDS FIXATION L4 5
RT FRONTAL CRANIOTOMY C TUMOR REMOVAL UNDER NAVIGATION,RT FRONTAL CRANIOTOMY WITH REMOVE TUMOR UNDER NAVIGATION
MYRINGOTOMY TRIUNE INSERTION,MYRINGOTOMY TRIUNE INSERTION LA
MICRO DL EXCISION,MICRO DL C EXCISION
ENDOSCOPIC LT NASAL BIOPSY FROZEN SECTION,ENDOSCOPIC LT NASAL BIOPSY FROZEN SECTION
REVISION UPPER BLEPHALOPLASTY,REVISION UPPER BLEPHALOPLASTY
LT ENDOCOPIC TYMPANOPLASTY TEMPORALIS FASCIA,RT ENDOSCOPIC TYMPANOPLASTY TEMPORALIS FASCIA
TONSILLECTOMY WITH COBLATOR RF NOSE,TONSILLECTOMY WITH COBLATOR RF NOSE
MIS TLIF L4 5 WITH PDS FIXATION,MIS TLIF L4 5 WITH PDS FIXATION
CYSTOSCOPY URETEROSCOPY RT TUR BT,CYSTOSCOPY URETEROSCOPY RT TUR BT
URETEROSCOPY,URETHROSCOPY
TUR BT น่าจะ TIVA ได้,TUR BT น่าจะ TIVA ได้
RT URSL FLEXIBLE,LT FLEXIBLE URSL
RFA HEMOROIDECTOMY,RFA HEMOROIDECTOMY
EUA WITH EC,EUA WITH EC
LAP OPEN RHC,LAP OPEN RHC
LIS UNDER LA,LIS UNDER LA
STRICTULOPLASTY,STRICTUROPLASTY
ALTIMEIER'S OPERATION,ALTEMEIER'S OPERATION
LIFT DRAINAGE,LIFT DRAINAGE
HIGH LIGATION WITH VENOUS STRIPPING PHLEBECTOMY LT LEG,HIGH LIGATIOIN WITH VENOUS STRIPPING RT LEG PHLEBECTOMY
ANGIOGRAM EMBOLEC REPAIR LT LEG,ANGIOGRAM EMBOLEC REPAIR LT LEG
BALLOON VENOPLASTY LT,BALLOON VENOPLASTY
REVISED AVF LT RADIOCEPHALIC,REVISED AVF LT RADIOCEPHALIC
RT NLE,RT NLE
VATS WITH REPAIR DIAPHRAGMATIC DEFECT,VATS WITH REPAIR DIAPHRAGMATIC DEFECT
PERICARDIAL DRAINAGE DRESSING WOUND RT LEG LT FOOT WITH RETENTION SUTURE,PERICARDIAL DRAINAGE DRESSING WOUND RT LEG LT FOOT WITH RETENTION SUTURE
EXCHANGE TCC RT IJV CENTROS,EXCHANGE TCC RT IJV CENTROS
TCC FV AND OFF TCC RT IJV,TCC FV AND OFF TCC RT IJV
LIGATION LT AVF ANEURYSMECTOMY UNDER GA WITH LMA,LIGATION LT AVF ANEURYSMECTOMY UNDER GA WITH LMA
BALLOON ANGIOPLASTY LT,BALLOON ANGIOPLASTY
TCC INSERTION AT LEFT IJV,TCC INSERTION AT RT IJV
VENOUS STRIPPING SPJ LIGATION STAB AVULSION BOTH LEGS,VENOUS STRIPPING SPJ LIGATION STAB AVULSION BOTH LEGS
PROXIMALIZATION BRACHIOCEPHALIC AVF,PROXIMALIZATION BRACHIOCEPHALIC AVF
TCC REMOVAL WITH BALLOON VENOPLASTY,TCC REMOVAL WITH BALLOON VENOPLASTY
AVBG LT FOREARM UNDER,AVBG RT FOREARM UNDER LA
SUPERFICAILIZATION,SUPERFICIALIZATION
LIGATE AVF ANEURYSMECTOMY LT,LIGATE LT AVF ANEURYSMECTOMY
TCC RT OR LT IJV OR RT FV CENTROS,TCC RT OR LT IJV OR RT FV CENTROS
LEFT TB1,LEFT TB1
TOTAL GRAFT REMOVE WITH REPAIRED BRACHIAL ARTERY,TOTAL GRAFT REMOVE WITH REPAIRED BRACHIAL ARTERY
INSERT TCC RT IJV,INSERT TCC RT IJV
BALLOON ANGIOPLASTY TCC LT IJV CENTROS,BALLOON ANGIOPLASTY TCC LT IJV CENTROS
TCC LT IJV CENTROS LIGATE AVF,LIGATE AVF TCC RT IJV CENTROS
LIGATE CEPHALIC BRANCH REMOVE TCC RT IJV,LIGATE CEPHALIC BRANCH REMOVED TCC
AORTOGRAPHY RELINING STENT RT LIMB,AORTOGRAPHY RELINING STENT RT LIMB
RE POSITION TCC RT IJV,RE POSITION TCC RT IJV
AVF LT WRIST ต่อสูง,AVF LT WRIST ต่อสูง
DLC TO TCC RT CFV,DLC TO TCC RT CFV
PTA RT AVBG,PTA RT AVBG
VAT C REPAIR AIRLEAK C PLEURODESIS,VAT C REPAIR AIRLEAK C PLEURODESIS
WEDGE RESECTION SEGMENT 4B5,WEDGE RESECTION SEGMENT 4B5
OPEN CHOLCYSTECTOMY REPAIR CBD,OPEN CHOLECYSTECTOMY REPIAR CBD
VAT C PLEURAL DRAIN RT CHEST,VAT C PLEURAL DRAIN RT CHEST
TRANSMETATARSAL AMPUTATION 1ST2ND3RD RT FOOT,TRANSMETATARSAL AMPUTATION 1ST2ND3RD RT FOOT
EDB,EDB
CHANGE VACUUM DESSING,CHANGE VAC DRESSING
NASAL ENDOSCOPY OFF PACKING SPA LIGATION,NASAL ENDOSCOPY OFF PACKING SPA LIGATION
LEFT TRANSORAL ENDOSCOPIC UPPER AND LOWER PARATHYROIDECTOMY UNDER GA,LEFT TRANSORAL ENDOSCOPIC UPPER AND LOWER PARATHYROIDECTOMY UNDER GA
OPEN TOTAL THYROIDECTOMY WITH RIGHT PARATHYROIDECTOMY WITH ATX TO RIGHT FOREARM,OPEN TOTAL THYROIDECTOMY WITH RIGHT PARATHYROIDECTOMY WITH ATX TO RIGHT FOREARM
LIFT CORE OUT FISTULA,LIFT CORE OUT FISTULA
EXCISION MASS AT LT PART OF NECK,EXCISION MASS AT LT PART OF NECK
TOTAL MASTECTOMY WITH SLNB,BCS WITH SLNB TOTAL MASTECTOMY
VABB OF LEFT BREAST MASS,VAE OF LEFT BREAST MASS
REDUCTION MAMMOPLASTY RIGHT BREAST LIPOSUCTION LIPOFILLING LEFT BREAST,REDUCTION MAMMOPLASTY RIGHT BREAST LIPOSUCTION LIPOFILLING LEFT BREAST
ENDOSCOPIC WIDE EXCISION OF LEFT BREAST SLNB,ENDOSCOPIC WIDE EXCISION OF LEFT BREAST SLNB
CHANGE VAC DRESSING TRACHEOSTOMY,CHANGE VAC DRESSING TRACHEOSTOMY
SEGMENTAL GRAFT REMOVAL LT UPPER ARM,SEGMENTAL GRAFT REMOVAL LT UPPER ARM
REMOVE BULLET RT LOWER BACK,REMOVE BULLET RT LOWER BACK
ACDF C4 5 C ANTERIOR PLAT SCREW FIXATION,ACDF C4 5 C ANTERIOR PLAT SCREW FIXATION
ACDF C 5 6 PEEK PLATE,ACDF C4 5 6 7 PEEK PLATE
L2 S1 LAMINECTOMY C PDS FIXATION,L4 S1 LAMINECTOMY PDS FIXATION
L2 S1 LAMINACTOMY C PDS FIXATION,L4 S1 LAMINECTOMY PDS FIXATION
ABDOMINAL TOILET WITH RETENTION SUTURE,ABDOMINAL TOILET WITH RETENTION SUTURE
TOTAL THYROIDECTOMY CENTRAL NECK DISSECTION,TOTAL THYROIDECTOMY CENTRAL NECK DISSECTION
ENDOSCOPIC TUMOR REMOVAL WITH COBLATOR,ENDOSCOPIC TUMOR REMOVAL WITH COBLATOR
RF NOSE CAUTERY,RF NOSE CAUTERY
UPPER BLEP,UPPER BLEP
REVISION OPEN RHINOPLASTY,REVISION OPEN RHINOPLASTY
EXCISION AND EC,EXCISION AND EC
ORIF LT ZYGOMA,ORIF LT ZYGOMA
CYSTOSCOPY BILAT RP DJ STENT,CYSTOSCOPY BILAT RP DJ STENT
LAP URETEROLITHOTOMY RT,LAP URETEROLITHOTOMY LT
OFF DJ STENT UNDER SEDATE,OFF DJ STENT UNDER SEDATE
DILATE TIE MAN,DILATE TIE MAN
MRI FUSHION BX,MRI FUSION BX
FLEXIBLE CYSTOTSCOPY SURVEILLANE,FLEXIBLE CYSTOSCOPY SURVEILLANCE
EXCISION SCROTAL FLAP,EXCISION SCROTAL FLAP
LAP ADRENALECTOMY RT WITH LT DJ STENT,LAP ADRENALECTOMY RT WITH LT DJ STENT
BANDING LT BASILIC VEIN,BANDING LT BASILIC VEIN
TEVAR CAROTID SUBCLAVIAN BYPASS,TEVAR CAROTID SUBCLAVIAN BYPASS
ANGIOGRAM BALLOON ANGIOPLASTY RT RENAL ARTERY,ANGIOGRAM BALLOON ANGIOPLASTY RT RENAL ARTERY
LT BB TRANSPOSITION TB2,LT BB TRANSPOSITION
DLC TO TCC AT LT CFV,DLC TO TCC AT LT CFV
SUTURE WOUND LT LEG,SUTURE WOUND RT LEG
ANEURYSMECTOMY WITH PRIMARY REPAIR AT LT RADIAL ARTERY,ANEURYSMECTOMY WITH PRIMARY REPAIR AT LT RADIAL ARTERY
HL WITH VS OF LT LEG,HL WITH VS LT LEG
LASER CYSTOLITHOTRIPSY WITH TUR P,LASER CYSTOLITHROTRIPSY WITH TURP
TCC RTR IJV HEMOFLOW,TCC RT IJV HEMOFLOW
REMOVE AVBG LEFT ARM,REMOVE AVBG LEFT ARM
DB NIP BONE,DB NIP BONE
MUCOSECTOMY,MUCOSECTOMY
RT HERNIORHAPHY,RT HERNIORHAPHY
EXCISONAL BIOPSY,EXCISIONAL BIOPSY
LEFT URS BIOPSY,LEFT URS BIOPSY
CYSTOSCOPY CYSTOGRAPHY,CYSTOSCOPY CYSTOGRAPHY
BILATERAL HIGH LIGATION WITH VENOUS STRIPING WITH PHLEBECTOMY,BILATERAL HIGH LIGATION WITH VENOUS STRIPPING WITH MULTIPLE PHLEBECTOMY
BILAT FULLHOUSE FESS NAVIGATOR,BILAT FULLHOUSE FESS NAVIGATOR
D L C BX ใส่MLT,D L C BX ใส่MLT
LT MYRINGOTOMY PE TUBE INSERTION LA,RT MYRINGOTOMY PE TUBE INSERTION LA
SKIN GRAFT AT PERINEUM,SKIN GRAFT AT PERINEUM
EXCISION AT UPPER LIP,EXCISION AT UPPER LIP
CANALIZATION RT EAR FULL THICKNESS SKIN GRAFT,CANALIZATION RT EAR FULL THICKNESS SKIN GRAFT
ABDOMINOPLASTY,ABDOMINALPLASTY
WIDE EXCISSION,WIDE EXCISION
EXCISSION,EXCISION
LIPOLYSIS,LIPOLYSIS
SUTURE WOUND AT FACE,SUTURE WOUND AT FACE
CLOSED REDUCTION IMF SCREW MANDIBLE LT,CLOSED REDUCTION IMF SCREW MANDIBLE LT
EXCISION AT NECK,EXCISION AT NECK
BILAT RETROGRADE PYELOGRAM DJ STENT,BILAT RETROGRADE PYELOGRAM DJ STENT
BILAT ORCHIECTOMY WITH TRUS BIOPSY,BILAT ORCHIECTOMY WITH TRUS BIOPSY
INCISION AND DRAINAGE OF TONSIL AND PERITONSILLAR STRUCTURES,INCISION AND DRAINAGE OF TONSIL AND PERITONSILLAR STRUCTURES
RIRS,RIRS
CYSTOSCOPE SITH DILATE URETHRA,CYSTOSCOPE SITH DILATE URETHRA
RT FLEX URS OFF DJ STENT,RT FLEX URS OFF DJ STENT
1ST STAGE EXCISION PARAFINOMA นอกเวลา,1ST STAGE EXCISION PARAFFINOMA นอกเวลา
CYSTOSCOPE C RETAIN FOLEY CATH,CYSTOSCOPY RETAINED FOLEY CATH
FLEXIBLE SIGMIDOSCOPY TISSUE BX,FLEXIBLE SIGMIDOSCOPY TISSUE BX
OPEN SIGMOIDECTOMY C WEDGE BLADDER ILEAL CONDUIT,OPEN SIGMOIDECTOMY C WEDGE BLADDER ILEAL CONDUIT
ADVANCEMENT FLAP,ADVANCEMENT FLAP
OPEN LEFT HERNIORRHAPHY,OPEN LEFT HERNIORRHAPHY
TOTAL PELVIC EXENTERATION S3 SACRECTOMY VRAM FLAP LUQ COLOSTOMY LLQ CONDUIT,TOTAL PELVIC EXENTERATION S3 SACRECTOMY VRAM FLAP LUQ COLOSTOMY LLQ CONDUIT
ALTEMEIER,ALTEMEIER
BILATERAL HERNIOPLASTY,OPEN BILATERAL HERNIOPLASTY
LAP LAR POSTERIOR PELVIC EXENTERATION DLC,LAP LAR POSTERIOR PELVIC EXENTERATION DLC
LAPAROSCPIC LAR DLC,LAPAROSCOPIC LAR DLC LC
TRANSANAL TME C DLC,TRANSANAL TME C DLC
PCNL LT,LT PCNL
LEFT WIDE EXCISION WITH ALND,LEFT WIDE EXCISION WITH ALND
LT MASTECTOMY WITH ALND,LEFT MASTECTOMY WITH ALND
LTTOETVA,LTTOETVA
R45 SYMPATHECTOMY,R4 R5 SYMPATHECTOMY
REVISED LT BKA STUMP,REVISED LT BKA STUMP
R4 5 SYMPATECTOMY,R4 5 SYMPATHECTOMY
LC C IOC,LC C IOC
BILATERAL MINI CRANIOTOMY C CLOT REMOVAL,BILATERAL MINI CRANIOTOMY C CLOT REMOVAL
L3 4 5 LAMINECTOMY C PDS FIXATION,LAMINECTOMY C PDS FIXATION L3 4 5 S1
RT PTERIONAL CRANIOTOMY C TUMOR REMOVAL,RT FRONTAL CRANIOTOMY C TUMOR REMOVAL
RT TEMPORAL CRANIECTOMY C CYST REMOVAL,RT TEMPORAL CRANIECTOMY C CYST REMOVAL
LAMINECTOMY C PDS FIXATION L 345 MIS,LAMINECTOMY C PDS FIXATION L4 5 MIS
LAMINECTOMY L4 S1 C PDS FIXATION,L4 S1 LAMINECTOMY PDS FIXATION
MICRODISCECTOMY S5 L1 RT,MICRODISCECTOMY S5 L1 RT
C1 2 FIXATION WITH LAMINECTOMY C3 6 WITH LATERAL MASS SCREW ROD FIXATION,C1 2 FIXATION WITH LAMINECTOMY C3 6 WITH LATERAL MASS SCREW ROD FIXATION
PROLONG INTUBATION > OPERATION TRACHEOSTOMY UNDER GA,PROLONG INTUBATION > OPERATION TRACHEOSTOMY UNDER GA
LAMINECTOMY C PDS FIXATOIN L345 MIS,LAMINECTOMY C PDS FIXATION L4 5 MIS
LAMINECTOMY L4 S1 WITH L5 S1 DISCECTOMY WITH PDS FIXATION,LAMINECTOMY L4 S1 WITH L5 S1 DISCECTOMY WITH PDS FIXATION
ACDF PEEK PLATE SCREW,ACDF C 45 PEEK PLATE SCREW
LAMINECTOMY C NERVE ROOT DECOMPRESSION,LAMINECTOMY L3 4 WITH NERVE ROOT DECOMPRESSION
TUMOR REMOVAL,TUMOR REMOVAL
RT CRANIOTOMY C AVM RESECTION,RT CRANIOTOMY C AVM RESECTION
LAMINECTOMY L2 5 C PDS FIXATION MIS,LAMINECTOMY C PDS FIXATION L4 5 MIS
T SUBOCCIPITAL CRANIOTOMY WITH MICROVASCULAR DECOMPRESSION MVD,T SUBOCCIPITAL CRANIOTOMY WITH MICROVASCULAR DECOMPRESSION MVD
TRACEOSTOMY,TRACHEOSTOMY
ENDOSCOPIC T PLASTY LT LA,RT ENDOSCOPIC T PLASTY LA
EXISION MASS AT POST AURICULAR UNDER LA,EXISION MASS AT POST AURICULAR UNDER LA
LYMPHATIC MALFORMATION OPERATION EXCISION UNDER GA,LYMPHATIC MALFORMATION OPERATION EXCISION UNDER GA
TUMOR REMOVAL WITH LT SUBMANDIBULECTOMY,TUMOR REMOVAL WITH LT SUBMANDIBULECTOMY
RT PAROTID MASS >> OPERATION RT PARTIAL PAROTIDECTOMY GA,RT PAROTID MASS >> OPERATION RT PARTIAL PAROTIDECTOMY GA
DEBRIDEMENT WOUND,DEBRIDEMENT WOUND
L2 3 4 FIXATION,L2 3 4 FIXATION
REDO REVISE PDS C DECOMPRESS RT L4 5,REDO REVISE PDS C DECOMPRESS RT L4 5
ACDF C6 7 C ANTERIOR PLATE SCREW FIXATION,ACDF C4 5 C ANTERIOR PLAT SCREW FIXATION
L4 5 LAMINECTOMY WITH NERVE ROOT DECOMPRESSION PDS FIXATION,L3 5 LAMINECTOMY C NERVE ROOT DECOMPRESSION C PDS FIXATION
TRANSPEDICULAR SCREWS L4 5 WITHLAMINECTOMY L4 5 L5 S11,TRANSPEDICULAR SCREWS L4 5 WITHLAMINECTOMY L4 5 L5 S11
BILATERAL BURR HOLE WITH IRRIGATION AND DRAINAGE,BILATERAL BURR HOLE WITH IRRIGATION AND DRAINAGE
ACDF 5 6 WITH ANTERIOR PLATE SCREW FIXATION,ACDF 5 6 WITH ANTERIOR PLATE SCREW FIXATION
MIS L4 5 PDS FIXATION WITH MICRODISCETOMY,MIS L4 5 PDS FIXATION WITH MICRODISCETOMY
LAMINECTOMY PDS FIXATION T12 L2,L4 S1 LAMINECTOMY PDS FIXATION
LAMINECTOMY C PDS FIXATION L2345S1,LAMINECTOMY C PDS FIXATION L2345
ACDF SCREW FIXATION CERVICAL SPINE,ACDF SCREW FIXATION CERVICAL SPINE
EXCISION CHANGE SHILEY TUBE,EXCISION CHANGE SHILEY TUBE
INISIONAL BIOPSY,INCISION BIOPSY
DEBRIDEMENT AND CURETTAGE,DEBRIDEMENT AND CURETTAGE
REVISION RT FESS,REVISION RT FESS
ENDOSCOPIC SEPTOPLASY WITH POWER TURBINOPLASTY,ENDOSCOPIC SEPTOPLASTY WITH INFERIOR TURBINOPLASTY
LAPLHC SUBTOTAL COLECTOMY,LAP SUBTOTAL COLECTOMY
SUBTOTAL THYROIDECTOMY,SUBTOTAL THYROIDECTOMY
LEFT FESS WITH MICRODEBRIDER,LEFT FESS WITH MICRODEBRIDER
CORRECTION CAPSULECTOMY BOTH BREAST,CORRECTION CAPSULECTOMY BOTH BREAST
EXICISION AT RIGHT EYEBLOW,EXICISION AT RIGHT EYEBLOW
AMPUTATION,AMPUTATION
SUPERFICIAL PAROTIDECTOMY,RT SUPERFICIAL PAROTIDECTOMY
LT PCNL LT DJ STENT,LT PCNL LT DJ STENT
DILATE URETHRA FLEXIBLE CYSTOSCOPY,FLEXIBLE CYSTOSCOPY DILATE URETHRA
LAP URETEROLITHOTOMY RT TRUS BIOPSY,LAP URETEROLITHOTOMY RT TRUS BIOPSY
CYSTOSCOPE CHANG DJ STENT,CYSTOSCOPE C DJ STENT
LEFT EPIDEDYMECTOMY,LEFT EPIDEDYMECTOMY
TURP WITH BILAT RP WTH BILAT DJ,TURP WITH BILAT RP WTH BILAT DJ
LT URS L DJ STENT,LT URSL LT DJ STENT
LT URETEROLITHOTOMY,URETEROLITHOTOMY RT
COLONOSCOPE WITH CECAL MASS EXCISION,COLONOSCOPE WITH CECAL MASS EXCISION
ENDOSCOPIC TYMPANOPLASTY,LT ENDOSCOPIC TYMPANOPLASTY
VENOUS STRIPPING STAB AVULSION LT LEG,VENOUS STRIPPING STAB AVULSION RT LEG
HIGH LIGATION VENOUS STRIPPING RT LEGS,HIGH LIGATION WITH VENOUS STRIPPING LT LEG
TCC RT EJV RT CFV,TCC RT EJV CFV
REVISE TCC AT RT IJV TITAN,REVISE TCC AT RT IJV TITAN
TCC AT RT EJV LT EJV LT CFV,TCC AT RT EJV LT EJV LT CFV
RFA BOTH LEGS STAB AVULSION,RFA BOTH LEGS STAB AVULSION
RFA WITH STAB AVULSION LT LEG,RFA STAB AVULSION LT LEG
RFA STAB AVULSION SCLEROTHERAPY BOTH LEGS,RFA STAB AVULSION SCLEROTHERAPY BOTH LEGS
REVISE TVV RT IJV,REVISE TCC RT IJV
LT VENOGRAM PTA,VENOGRAM PTA
RT VATS C BLEBECTOMY C PLEURODESIS,VAT C BLEBECTOMY C PLEURODESIS
RT THORACOTOMY AND RML LOBECTOMY,RT THORACOTOMY AND RML LOBECTOMY
VATS C WEDGE RESECTION RT LOWER LUNG,VATS C WEDGE RESECTION RT LOWER LUNG
VATS C PLEURODESIS RT,VATS C PLEURODESIS RT
OTHER HERNIA REPAIR,OTHER HERNIA REPAIR
ACDF C 456 PEEK PLATE,ACDF C5 6 PEEK PLATE
LAP ESOPHAGECTOMY,LAP ESOPHAGECTOMY
OPEN TOTAL THYROIDECTMY,OPEN TOTAL THYROIDECTOMY
BILATERAL VENOUS STRIPPING WITH STAB AVULSION,BILATERAL VENOUS STRIPPING WITH STAB AVULSION
REVISETCC LT IJV,REVISE TCC LT IJV
EGD COLONOSCOPEY,EGD COLONOSCOPY
RIGTH BCT SLNB,RIGHT BCT SLNB
RIGHT NSM SLNB WITH IMPLANT RECONSTRUCTION,RIGHT NSM SLNB WITH IMPLANT RECONSTRUCTION
EXPLOR LAP WITH ROUX EN Y HEPATICOJEJUNOSTOMY,EXPLOR LAP WITH ROUX EN Y HEPATICOJEJUNOSTOMY
OPEN COMPLETION PARATHYROIDECTOMY LT SCM FROZEN SECTION เคสแรก** เครียมเครื่อง USG,OPEN COMPLETION PARATHYROIDECTOMY LT SCM FROZEN SECTION เคสแรก** เครียมเครื่อง USG
OPEN RIGHT THYROID LOBECTOMY AND PARATHYROIDECTOMY,OPEN RIGHT THYROID LOBECTOMY AND PARATHYROIDECTOMY
LOCAL WOUND DEBRIDEMENT AND RESUTURE WOUND AT NECK UNDER GA,LOCAL WOUND DEBRIDEMENT AND RESUTURE WOUND AT NECK UNDER GA
WIDE EXCISION AT LARGE RIGHT NECK MASS,WIDE EXCISION AT LARGE RIGHT NECK MASS
OPEN TOTAL PARATHYROIDECTOMY WITH AUTOTRANSPLANTATION TO LEFT FOREARM,OPEN TOTAL PARATHYROIDECTOMY WITH AUTOTRANSPLANTATION TO RIGHT FOREARM
INCISIONAL BIOPSY UNDER GA,INCISIONAL BIOPSY UNDER GA
OPEN TOTAL THYROIDECTOMY WITH LEFT UPPER AND LOWER PARATHYROIDECTOMY,OPEN TOTAL THYROIDECTOMY WITH LEFT UPPER AND LOWER PARATHYROIDECTOMY
OPEN LEFT SUPERFICIAL PAROTIDECTOMY AND OPEN TOTAL THYROIDECTOMY,OPEN LEFT SUPERFICIAL PAROTIDECTOMY AND OPEN TOTAL THYROIDECTOMY
LEFT CENTRAL QUANDRANTECTOMY WITH SLNB,LEFT CENTRAL QUANDRECTOMY WITH SLNB
REMOVE AVBG TCC LT IJV CENTROS,REMOVE AVBG TCC LT IJV CENTROS
AVBG RT FORARM,AVBG LT FOREARM
TCC AT LEFT IJV,TCC LEFT IJV
AVF LT WRIST LA,AVF LT WRIST
LIGATE AVBG TCC LT IJV PALINDROME,LIGATE AVBG TCC LT IJV PALINDROME
LT THORACOTOMY C DECORTICATION C DRAINAGE,LT THORACOTOMY C DECORTICATION C DRAINAGE
OPEN LEFT THORACOTOMY AND LLLOBECTOMY,OPEN LEFT THORACOTOMY AND LLLOBECTOMY
VAT WITH PLEURODESIS,VATS WITH PLEURODESIS
LC OPTIME 1 5HR,LC OPTIME 1 5HR
LAP LEFT TEP OPTIME 1 5HR,LAP LEFT TEP OPTIME 1 5HR
DB AT LT FOOT,DB AT RT FOOT
OPEN DRAINAGE WITH EL,OPEN DRAINAGE WITH EL
LT BREAST MASS EXCISION,EXCISION LT BREAST MASS
WIDE EXCISION LEFT SCALENUS MUSCLE UNDER GA,WIDE EXCISION LEFT SCALENUS MUSCLE UNDER GA
LT TRANSAXILLARY THYROIDECTOMY,TRANSAXILLARY LT THYROIDECTOMY
EXCISION BREAST MASS VABB UNDER LA,EXCISION BREAST MASS VABB UNDER LA
COMPLETION RIGHT THYROIDECTOMY,COMPLETION RT THYROIDECTOMY
WIRE LOCALIZED WIDE EXCISION OF LEFT BREAST,WIRE LOCALIZED WIDE EXCISION OF LEFT BREAST
BILATERAL NEEDLE LOCALIZE EXCISION,BILATERAL NEEDLE LOCALIZE EXCISION
WIDE EXCISION OF LEFT BREAST INFRAMAMMARY INCISION,WIDE EXCISION OF LEFT BREAST INFRAMAMMARY INCISION
DB CYSTOSCOPE CYSTOSTOMY,CYSTOSCOPE CYSTOSTOMY
EARLY LC,EARLY LC
TOTAL TOETVA PARATHYROIDECTOMY,TOTAL TOETVA PARATHYROIDECTOMY
IPOM,IPOM
CONVERT AVF LT FOREARM,CONVERT AVF LT FOREARM
LAPAROSCOPIC SMALL BOWEL TUMOR RESECTION,LAPAROSCOPIC SMALL BOWEL RESECTION
LAMINECTOMY WITH PDS L345 PRODORTH,LAMINECTOMY WITH PDS L345 PRODORTH
LT CRANIECTOMY C TUMOR REMOVAL,LEFT CRANIECTOMY C TUMOR REMOVAL
LAMINECTOMY L3 4 5 MIS WITH PDS FIXATION,L3 4 5 LAMINECTOMY WITH PDS FIXATION MIS SCREW
T12 L3 PEDICULAR FIXATION,T12 L3 PEDICULAR FIXATION
LAMINECTOMY L4 S1 PDS FIXATION,L4 S1 LAMINECTOMY PDS FIXATION
OPEN TOTAL THYROIDECTOMY WITH BILATERAL CND RT MRND RT IJV RESECTION TRACHEOSTOMY,OPEN TOTAL THYROIDECTOMY WITH BILATERAL CND RT MRND RT IJV RESECTION TRACHEOSTOMY
REVISION ENDOSCOPIC TYMPANOPLASTY RT TEMPORALIS FASCIA,RT ENDOSCOPIC TYMPANOPLASTY TEMPORALIS FASCIA
LT SUPERFICIAL PAROTIDECTOMY UNDER GA,LT SUPERFICIAL PAROTIDECTOMY UNDER GA
CA TONGUE PPLAN TRACHEOSTOMY FOR PROTECT AIRWAY,CA TONGUE PPLAN TRACHEOSTOMY FOR PROTECT AIRWAY
STAPLE REMOVAL,STAPLE REMOVAL
DEBRIDEMENT WITH BIOPSY AT WOUND BASE,DEBRIDEMENT WITH BIOPSY AT WOUND BASE
STSG AT LT FOOT DONOR LT THIGH,STSG AT LT FOOT DONOR LT THIGH
CLOSE REDUCTION,CLOSED REDUCTION
BILATERAL ORCHIDECTOMY,BILATERAL ORCHIECTOMY
BILT ORCHIDECTOMY,BILAT ORCHIDECTOMY
TRUS BIOPSY TUR P,TRUS BIOPSY TUR P
TUR BT AT BLADDER NECK 1 O'CLOCK,TUR BT AT BLADDER NECK 1 O'CLOCK
RT URS WITH RT RPใช้ FLU,RT URS WITH RT RPใช้ FLU
TUR STOP BLEED,TUF STOP BLEED
LEFT HYDROCELCECTOMY,LEFT HYDROCELCECTOMY
LT DJ STENT UNDER SA,LT DJ STENT UNDER SA
REVISE AVF RT FOREARM OR AVF RT CUBITAL,REVISE AVF RT FOREARM OR AVF RT CUBITAL
EGD COLONOSCOPY RFA HEMORRHOIDPLASTY,EGD COLONOSCOPY THEN RFA HEMORRHOIDOPLASTY
LAPAROSCOPIC TOTAL COLECTOMY,LAPAROSCOPIC SUBTOTAL COLECTOMY
LAP LAR CAA WITH PROTECTIVE COLOSTOMY,LAP LAR CAA WITH PROTECTIVE COLOSTOMY
COLONOSCOPY WITH COLONIC STENT,COLONOSCOPY WITH COLONIC STENT
EGD COLONOSCOPY OPTIME 45MIN,EGD COLONOSCOPY OPTIME 45MIN
COLONOSCOPY POLYPECTOMY,COLONOSCOPY POLYPECTOMY
INCISION DRAIN,INCISION DRAIN
VASECTOMY UNDER TIVA LA,VASECTOMY UNDER TIVA
SURVEILLANCE EGD COLONOSCOPE,SURVIELLANCE EGD COLONOSCOPE
COLONOSCOPY TATTOOING,COLONOSCOPY TATTOOING
SURVEILLANCE CYSTOSCOPE,SURVEILLANCE CYSTOSCOPY
FLEXIBLE CYSTOSCOPE DILATE URETHRA,FLEXIBLE CYSTOSCOPY DILATE URETHRA
RT OPEN URETEROLITHOTOMY,URETEROLITHOTOMY RT
URETHRAL DILATION WITH RIGID CYSTOSCOPY,URETHRAL DILATION WITH RIGID CYSTO
LAP LEFT PARTIAL NEPHRECTOMY,LAP PARTIAL NEPHRECTOMY
URS WITH OFF DJ STENT BOTH SIDE,URS WITH OFF DJ STENT BOTH SIDE
EGD COLONOSCOPY OTHER ENDOSCOPY OF SMALL INTESTINE,COLONOSCOPY OTHER ENDOSCOPY OF SMALL INTESTINE
INTERSPHINCTERIC DRAINAGE WITH FISTULOTOMY,INTERSPHINCTERIC DRAINAGE WITH FISTULOTOMY
PRE SACRAL DRAINAGE,PRE SACRAL DRAINAGE
GASTRECTOMY,GASTRECTOMY
OPEN AR WITH CYSTECTOMY WITH ILEAL CONDUIT,OPEN AR WITH CYSTECTOMY WITH ILEAL CONDUIT
DLC TO TCC RT IJV OFF TK CATHETER,DLC TO TCC RT IJV OFF TK CATHETER
LIGATE AVF LT CUBITAL TCC RT IJV PALINDROME,LIGATE AVF LT CUBITAL TCC RT IJV PALINDROME
AVBG AT RT UPPER ARM,AVBG AT RT UPPER ARM
DLC TO TCC RT IJV UNDER LA,DLC TO TCC RT IJV UNDER LA
REVISE AVBG AVF,REVISE AVBG AVF
BALLOON ANGIOPLASTY TCC RT IJV,BALLOON ANGIOPLASTY TCC RT IJV
REVISE TCC RT FV CENTROS OR PALINDROME,REVISE TCC RT FV CENTROS OR PALINDROME
REVISE TCC RT IJV CENTROSE,REVISE TCC RT IJV CENTROS
THROMBECTOMY TCC RT IJV,THROMBECTOMY TCC RT IJV
TB2 RT ARM TCC FV,TB2 RT ARM TCC FV
VENOUS STRIPPING LT LEG,VENOUS STRIPPING LT LEG
LOWER LAMINECTOMY L4 5 WITH REMOVED DISC,LOWER LAMINECTOMY L4 5 WITH REMOVED DISC
RT THORACOTOMY WITH PLEUROPERICARDIAL WINDOW LN BIOPSY,RT THORACOTOMY WITH PLEUROPERICARDIAL WINDOW LN BIOPSY
LT VATS C BLEBECTOMY C PLEURODESIS,VAT C BLEBECTOMY C PLEURODESIS
NEEDLE LOCALIZED EXCISION LT BREAST WITH LT AXILLARY LN SAMPLING,NEEDLE LOCALIZED EXCISION LT BREAST WITH LT AXILLARY LN SAMPLING
INCISIONAL BIOPSY UNDER LA,EXCISIONAL BIOPSY UNDER GA
TOTAL PARATHYROIDECTOMY WITH AUTOTRANSPLANT LT ARM,OPEN TOTAL PARATHYROIDECTOMY WITH AUTOTRANSPLANT
COMPLETION LT TRANSAXILLAR THYROIDECTOMY,COMPLETION TRANSAXILLARY LT THYROIDECTOMY
EXCISION MASS AT LEFT FOREARM UNDER BRACHIAL BLOCK GA,EXCISION MASS AT LEFT FOREARM UNDER BRACHIAL BLOCK GA
EXCISIONAL BIOPSY LN UNDER SB TIVA,EXCISIONAL BIOPSY LN UNDER SB TIVA
SUTURE ABDOMINAL WOUND,SUTURE ABDOMINAL WOUND
ERCP WITH REMOVE STENT WITH EST LC,ERCP WITH REMOVE STENT WITH EST LC
OPEN TOTAL THYROIDECTOMY C CND,OPEN TOTAL THYROIDECTOMY
PERCUTANEOUS EXCISION VABB,PERCUTANEOUS EXCISION
VACUUM BIOPSY LT BREAST MASS L12,VACUUM BIOPSY LT BREAST MASS L12
WIDE EXCISION RT BREAST,WIDE EXCISION OF RIGHT BREAST
ULTRASOUND GUIDED VABB,ULTRAOSUND GUIDED VABB
RFA RT LEG WITH STAB AVULSION,RFA RT LEG WITH STAB AVULSION
ACDF C4567 PEEK PLATE,ACDF C4567 PEEK PLATE
L4 5 LAMINECTOMY WITH DISECTOMY PDS FIXATION,L4 5 LAMINECTOMY WITH DISCECTOMY PDS FIXATION TLIF
LAMINECTOOMY C PDS FIXATION L4 5 L5 S1,LAMINECTOMY C PDS FIXATION L3 4 5 S1
LAMINECTOMY L4 S1 C PDS FIXATION MIS,LAMINECTOMY C PDS FIXATION L4 5 MIS
INCISIONAL BX LA,INCISIONAL BX
LEFT MIDDLE MEATAL ANTROSTOMY,LEFT MIDDLE MEATAL ANTROSTOMY
TOTAL LARYNGECTOMY WITH DL WITH BILATERAL MRND LT PMM FLAP,TOTAL LARYNGECTOMY WITH DL WITH BILATERAL MRND LT PMM FLAP
FACIAL NERVE DECOMPRESSION REPAIR,FACIAL NERVE DECOMPRESSION
TRAHCEOSTOMY,TRACHEOSTOMY
RADICAL NECK DISSECTION BILATERAL,RADICAL NECK DISSECTION BILATERAL
DEBRIDEMENT ON RT FACE,DEBRIDEMENT ON RT FACE
EXCISSION AT LT PREAURICULAR,EXCISSION AT LT PREAURICULAR
REMOVE FB FOREHEAD FLAP,REMOVE FB FOREHEAD FLAP
WIDE EXCISION WITH LOCAL FLAP AT UPPR LIP,WIDE EXCISION WITH LOCAL FLAP AT UPPR LIP
FLAP DETACHMENT,FLAP DETACHMENT
STAPLER HEMORRHOIDECTOMY,STAPLE HEMORRHIODECTOMY
SUTURE WOUND C VACUUM D S RT LEG,SUTURE WOUND C VACUUM D S RT LEG
SURVELLIANCE COLONOSCOPY,SURVEILLANCE COLONOSCOPY
TRAN ANAL EXCISION,TRAN ANAL EXCISION
COLONOSCOPY WITH BX,COLONOSCOPY WITH BX
REMOVED PORT A,REMOVE PORT A
BILATERALL URS DJ STENT,BILATERALL URS DJ STENT
CYSTOSCOPE BIOPSY,CYSTOSCOPE BIOSY
ORIF WITH PLATE AND SCREW ON MANDIBLE MAXILLAR ZYGOMA WITH MMF,ORIF WITH PLATE AND SCREW ON MANDIBLE MAXILLAR ZYGOMA WITH MMF
OFF DJ,OFF DJ
OPEN LEFT NEPHRECTOMY,OPEN BILAT NEPHRECTOMY
CYSTOSCOY OPEN CYSTOSTOMY,CYSTOSCOPY OPEN CYSTOSTOMY
CYSTOSCOPY LT URS BIOPSY,TRUS BIOPSY CYSTOSCOPY
INTERNAL URETHROTOMY,INTERNAL URETHROTOMY
TURP WITH LASER VC,LASER VC WITH TURP
BILAT DJ STENT WITH RP,BILAT DJ STENT WITH RP
DJ STENT SYNDROME,DJ STENT SYNDROME
CHAGE RIGHT DJ STENT WITH LEFT RP,CHAGE RIGHT DJ STENT WITH LEFT RP
LT VP SHUNT TRACHEOSTOMY,VP SHUNT C TRACHEOSTOMY
LT ENDOSCOPIC TUMOR REMOVAL,ENDOSCOPIC TUMOR REMOVAL
DISE TONSILLECTOMY BSP UVULECTOMY RF NOSE GA,TONSILLECTOMY BSP UVULECTOMY RF NOSE GA
REPAIR NASAL VALVE USE EAR CARTILAGE BOTH SIDES UNDER GA,REPAIR NASAL VALVE USE EAR CARTILAGE BOTH SIDES UNDER GA
UNILATERAL THYROID LOBECTOMY RT,UNILATERAL THYROID LOBECTOMY
DIAGNOSTIC PROCEDURES ON ESOPHAGUS,DIAGNOSTIC PROCEDURES ON ESOPHAGUS
RT ENDOSCOPIC TUMOR REMOVAL,ENDOSCOPIC TUMOR REMOVAL
DEBIDEMENT SUTURE,DEBIDEMENT SUTURE
STSG RT LEG DONOR RT THIGH,STSG RT LEG DONOR RT THIGH
RE SUTURE EAR LOBE,RE SUTURE EAR LOBE
K WIRE FIXATION,K WIRE FIXATION
FRONTAL SLING,FRONTAL SLING
STSG RT LEG WITH VAC DRESSING,STSG RT LEG WITH VAC DRESSING
OPEN REDUCTION NASAL BONE,OPEN REDUCTION NASAL BONE
STST LT FOOT,STSG LT FOOT
SMALL BOWEL RESECTION,SMALL BOWEL RESECTION
ELECTROCAUTARY,ELECTROCAUTARY
ORIF WITH PLATE AND SCREW AT MANDIBLE,ORIF WITH PLATE AND SCREW AT MANDIBLE
DILATE URETHRA TUR BT,TUR BT DILATE URETHRA
CYSTOSCOPY CYSTOLITHOTOMY,CYSTOSCOPY CYSTOLITHOTOMY
CYSTOSCOPE WITH DOUBLE J STENT OPEN REPAIR URETER WITH FLUOROSCOPIC,CYSTOSCOPE WITH DOUBLE J STENT OPEN REPAIR URETER WITH FLUOROSCOPIC
CIRCUMCISIN UNDER IV SEDATION,CIRCUMCISOION UNDER IV SEDATION
LT DJ STENT REMOVAL,REMOVE LT DJ STENT
LEFT PERCUTANEOUS NEPHROSTOMY WITH FRAGMENTATION,LEFT PERCUTANEOUS NEPHROSTOMY WITH FRAGMENTATION
TURP UNDER SPINAL BLOCK,TURP UNDER SPINAL BLOCK
TUR P TRUS C BX,TUR P TRUS C BX
MEATOTOMY WITH FLEXIBLE CYSTO UNDER LA,MEATOTOMY WITH FLEXIBLE CYSTO UNDER LA
URETHROSCOPY UNDER LA,URETHROSCOPY UNDER LA
CYSTOSCOPY TAMPON TEST,CYSTOSCOPY TAMPON TEST
RT DJ STENT,RT RP DJ STENT
MRI TURS FUSION BIOPSY,MRI TRUS FUSION BIOPSY
EXPLOR REMOVE FB,EXPLOR REMOVE FB
EL C INCISIONAL BX LN AT RT ILIAC A,EL C INCISIONAL BX LN AT RT ILIAC A
OPEN TOTAL PARATHYROIDECTOMY WITH AT TO LEFT FOREARM UNDER GA,OPEN TOTAL PARATHYROIDECTOMY WITH ATX TO LEFT FOREARM
COLONOSCOPY C BX,COLONOSCOPY C BX
RT OPEN LOBECTOMY,RT OPEN LOBECTOMY
EL C CHANGE VAC DRESSING,CHANGE VAC DRESSING
OPEN HERNIOPLASTY RT,OPEN RT HERNIOPLASTY
EXCISION RT BREAST MASS R10,EXCISION RT BREAST MASS
LAP LT TAPP,LAP LEFT TAPP
RT TAPP,RT TAPP
EGD SURVIELLANCE COLONOSCOPE,SURVIELLANCE EGD COLONOSCOPE
OPEN REPAIR UMBILICAL HERNIA,OPEN REPAIR UMBILICAL HERNIA
RETAIN NG TUBE UNDER FLUOROSCOPY,RETAIN NG TUBE UNDER FLUOROSCOPY
PTA LT EIA SFA STENT,PTA LT EIA SFA STENT
LAP IPOM TCC RT IJV REMOVE TK,LAP IPOM TCC RT IJV REMOVE TK
FISTULOGRAM PTR LT AVF,FISTULOGRAM PTR LT AVF
BUR HOLE WITH IRRIGATION RT,BURR HOLE WITH IRRIGATION
LATERAL MASS SCREW C3 6 WITH LAMINECTOMY C3 6,LATERAL MASS SCREW C LAMINECTOMY C4 5 6
RT SUBOCCIPITAL CRANIECTOMY WITH TUMOR REMOVAL WITH VENTICULOSTOMY,SUBOCCIPITAL CRANIECTOMY WITH TUMOR REMOVAL WITH VENTRICULOSTOMY
LAMINECTOMY L2 WITH PDS SCREW FIXATION L1 3,LAMINECTOMY L2 WITH PDS SCREW FIXATION L1 3
TPS L4 S1 WITH LAMINECTOMY,TPS L4 S1 WITH LAMINECTOMY
LAMINECTOMY WITH PDS FIXATION L5 S1 PRODORTH,LAMINECTOMY WITH PDS FIXATION L345S1 PRODORTH
HEMILAMINECTOMY L4 WITH CYST REMOVAL,HEMILAMINECTOMY L4 WITH CYST REMOVAL
TRANSPHINODAL PITUTOMY TUMOR REMOVAL,TRANSPHINODAL PITUTOMY TUMOR REMOVAL
EXCISION MASS AT NECK,EXCISION MASS AT RT NECK
LEFT RETROSIGMOID SUBOCCIPITAL CRANIECTOMY WITH TUMOR REMOVAL,LEFT RETROSIGMOID SUBOCCIPITAL CRANIECTOMY WITH TUMOR REMOVAL
SUBOCCIPITAL CRANIECTOMY WITH MASS REMOVAL,SUBOCCIPITAL CRANIECTOMY WITH MASS REMOVAL
ACDF C5 6 WITH PEEK PLATE AND SCREW FIXATION,ACDF C5 6 WITH PEEK PLATE AND SCREW FIXATION
LAMINECTOMY WITH PDS L3 4 5 S1,LAMINECTOMY WITH PDS SCREW L3 4 5
EXPLORATION WITH MASS REMOVAL,EXPLORATION WITH MASS REMOVAL
ACDF C4 5 6 7 LEVEL WITH PEEK PLATE,ACDF C4 5 6 7 LEVEL WITH PEEK PLATE
DISECTOMY L 45 PDS TURKEY,DISECTOMY L 45 PDS TURKEY
L3 S1 PDS FIXATION WITH L5 S1 DISECTOMY,L3 S1 PDS FIXATION WITH L5 S1 DISECTOMY
V P SHUT,V P SHUT
EXCISION LESION R1 L5 R12 NLE LT BREAST,EXCISION LESION R1 L5 R12 NLE LT BREAST
OPEN THYROID CYST RESECTION WITH ISTHMUSECTOM,OPEN THYROID CYST RESECTION WITH ISTHMUSECTOM
MICROWAVE ABLATION THERAPY UNDER LA,MICROWAVE ABLATION THERAPY UNDER LA
MICROWAVE ABLATION THYROID NODULES UNDER LA,MICROWAVE ABLATION THYROID NODULES UNDER LA
DOUBLE BYPASS,DOUBLE BYPASS
EXCISIONAL DB LT ORCHIDECTOMY,EXCISIONAL DB LT ORCHIDECTOMY
OPEN RIGHT UPPER AND LOWER PARATHYROIDECTOMY WITH OPEN LEFT THYROID LOBECTOMY UNDER GA,OPEN RIGHT UPPER AND LOWER PARATHYROIDECTOMY WITH OPEN LEFT THYROID LOBECTOMY UNDER GA
CHANGE VAC DRESSING AT ABDOMEN,CHANGE VAC DRESSING AT ABDOMEN
RAY AMPUATATION RIGHT BIG TOE,AMPUTATION RIGHT BIG TOE
STEREOTACTIC GUIDED WIRE LOCALIZATION WIDE EXCISION OF LEFT BREAST,STEREOTACTIC WIRE LOCALIZATION WIDE EXCISION O FLEFT BREAST
BILATERAL NIPPLE SPARING MASTECTOMY WITH IMMEDIATE IMPLANT RECONSTRUCTION,BILATERAL NIPPLE SPARING MASTECTOMY WITH IMMEDIATE IMPLANT RECONSTRUCTION
RE WIDE EXCISION OF RIGHT BREAST,WIDE EXCISION OF RIGHT BREAST
WIRE LOCALIZATION EXCISION WITH INTRAOP FROZEN SECTION,WIRE LOCALIZATION EXCISION WITH INTRAOP FROZEN SECTION
BILATERAL SKIN SPARING MASTECTOMY WITH IMMEDIATE IMPLANT RECONSTUCTION,BILATERAL NIPPLE SPARING MASTECTOMY WITH IMMEDIATE IMPLANT RECONSTRUCTION
DEBRIDEMENT BIOPSY,DEBRIDEMENT I D BIOPSY
CYSTOSCOPY WITH BX UNDER LA,CYSTOSCOPY WITH BX UNDER LA
COLONOSCOPY WITH SUBTOTAL COLECTOMY WITH URETERIC STENT,COLONOSCOPY WITH SUBTOTAL COLECTOMY WITH URETERIC STENT
ABDOMINAL CLOSURE WITH OFF PACKING TEMPORARY CLOSURE,ABDOMINAL CLOSURE WITH OFF PACKING TEMPORARY CLOSURE
RT FRONTAL VENTRICULOSTOMY FOR INTRATHECCAL IV ATB,RT FRONTAL VENTRICULOSTOMY FOR INTRATHECCAL IV ATB
ACDF C5 6 REDO,ACDF C5 6 REDO
LAMINECTOMY L4 C PDS FIXATION L3 5,LAMINECTOMY C PDS FIXATION L2345
TRANSPHENOIDAL TUMOR REMOVAL,TRANSPHENOIDAL TUMOR REMOVAL
RT SUBOCCIPITAL CRANIOTOMY WITH MICROVASCULAR DECOMPRESSION MVD,T SUBOCCIPITAL CRANIOTOMY WITH MICROVASCULAR DECOMPRESSION MVD
LEFT CRANIOTOMY REMOVE TUMOR,LEFT CRANIOTOMY REMOVE TUMOR
LAMINECTOMY L2 WITH PDS FAXATION L2345,LAMINECTOMY L2 WITH PDS FAXATION L2345
LAMINECTOMY L5 DECOMPRESS LT S1 ROOT,LAMINECTOMY L5 DECOMPRESS LT S1 ROOT
LAMINECTOMY WITH PDS FIXSTION L345,LAMINECTOMY WITH PDS FIXATION L4 5
RT PROGRAMMABLE VP SHUNT OFF OLD VP SHUNT,RT PROGRAMMABLE VP SHUNT OFF OLD VP SHUNT
EXPLORED WOUND WITH DEBRIDEMENT AT RT FRONTAL UNDER TIVA***,EXPLORED WOUND WITH DEBRIDEMENT AT RT FRONTAL UNDER TIVA***
TRANSSPHENOID APPROACHE WITH TUMOR REMOVAL,TRANSSPHENOID APPROACH WITH TUMOR REMOVAL
RE TRACHEOSTOMY,TRACHEOSTOMY
LEFT WIDE EXCISION SLNB,LEFT WIDE EXCISION SLNB
4513 COLONOSCOPY,4513 COLONOSCOPY
COLONO,COLONO
COLONOSCOPY WITH TATTOO,COLONOSCOPY WITH TATTOO
LIS WITH HEMORRHOIDECTOMY,LIS WITH HEMORRHOIDECTOMY
EXCISION CYST AT BILATERAL BUTTOCK,EXCISION CYST AT BILATERAL BUTTOCK
EGD COLONOSCOPY REMOVE CHEMOPO,EGD COLONOSCOPY REMOVE CHEMOPO
ENDOSCOPIC POLYPECTOMY OF LARGE INTESTINE,ENDOSCOPIC POLYPECTOMY OF LARGE INTESTINE
RFA WITH PHLEBECTOMY OF RT LEG,RFA WITH PHLEBECTOMY OF RT LEG
CHEMOPORT UNDER LA,CHEMOPORT UNDER LA
AFV LT WRIST,AVF LT WRIST
FISTULOGRAM PTA UNDER LA,FISTULOGRAM PTA UNDER LA
INTRAOP VENOGRAM PERM CATH INSERTION,INTRAOP VENOGRAM PERM CATH INSERTION
VENOGRAM DLC TO TCC LT IJV PTA LT BRACHIOCEPHALIC,VENOGRAM DLC TO TCC LT IJV PTA LT BRACHIOCEPHALIC
PTA DOWNHILL,PTA DOWNHILL
TB2 LT,LT TB2
RE WIDE EXCISION LT BREAST,WIDE EXCISION OF LEFT BREAST
EXCISION LESION L12,EXCISION LESION L2
DEBRIDEMENT SCRUB AT LT HAND,DEBRIDEMENT SCRUB AT LT HAND
REMOVE IMPLANT OF BOTH BREAST,REMOVE IMPLANT OF BOTH BREAST
REVISED STUMP RT LEG,REVISED STUMP RT LEG
CHANGE VAC CLOSURE DW,CHANGE VAC CLOSURE DW
UNILATERAL REPAIR OF INGUINAL HERNIA,UNILATERAL REPAIR OF INGUINAL HERNIA
EL EXCISION FISTULA TRACT LN BIOPSY,EL EXCISION FISTULA TRACT LN BIOPSY
TCC AT LT IJV PALINDROME,TCC LT IJV PALINDROME
ERCP REMOVE STENT LC,ERCP REMOVE STENT LC
DEBRIDEMENT BIOPSY AT RT CLAVICLE,DEBRIDEMENT BIOPSY AT RT CLAVICLE
TEVAR WITH ILIAC STENT,TEVAR WITH ILIAC STENT
DEBRIDEMENT REVISING STERNOTOMY WOUND,DEBRIDEMENT REVISING STERNOTOMY WOUND
OPENED MINITHORACOTOMY WITH WEDGE RESECTION RUL,OPENED MINITHORACOTOMY WITH WEDGE RESECTION RUL
OPEN LUL LOBECTOMY WITH FROZEN SECTION WITH LYMPHNODES RESECTION LPAPLASTY,OPEN LUL LOBECTOMY WITH FROZEN SECTION WITH LYMPHNODES RESECTION LPAPLASTY
AFV LT CUBITAL,AVF LT CUBITAL
TCC INSERTION LT IJV OR FEMORAL,TCC INSERTION LT IJV OR FEMORAL
OPEN LEFT LATERAL SEGMENTECTOMY,OPEN LEFT LATERAL SEGMENTECTOMY
LEFT SSM SLNB WITH IMPLANT RECONSTRUCTION,LEFT SSM SLNB WITH IMMEDIATE IMPLANT RECONSTRUCTION
EXCISION UNDERT GA,EXCISION UNDER GA
OPEN UMBILICAL HERNIA REPAIR,OPEN REPAIR UMBILICAL HERNIA
RIGHT CENTRAL QUANDRANTECTOMY WITH ALND,RIGHT CENTRAL QUANDRANTECTOMY WITH ALND
LOCALIZATION EXCISION RT BREAST,LOCALIZATION EXCISION RT BREAST
VAB RT BREAST MASS,VAE RT BREAST MASS
BILATERAL SSM SLNB WITH IMPLANT RECONSTRCUTION,BILATERAL SSM SLNB WITH IMPLANT RECONSTRCUTION
LAP TEP LEFT,LT LAP TEP
REVISED STUMP AT LT BIG TOE EXCISIONAL DB,REVISED STUMP AT LT BIG TOE EXCISIONAL DB
OPENED TOTAL THYROIDECTOMY,OPEN TOTAL THYROIDECTOMY
VENOUS STRIPPING WITH STAB AVULSION,VENOUS STRIPPING WITH STAB AVULSION
COLONOPSCOPE,COLONOPSCOPE
LC ERCP,ERCP LC
LAP TAPP RIGHT,RIGHT LAP TEP
LAMINECTOMY WITH PDS FIXATION L4 5 MIS STANDARD ROD,LAMINECTOMY WITH PDS FIXATION L4 5 MIS STANDARD ROD
OPEN RIGHT UPPER AND LOWER PARATHYROIDECTOMY LEFT LOWER PARATHYROIDECTOMY,OPEN LEFT LOWER PARATHYROIDECTOMY LEFT UPPER PARATHYROIDECTOMY
LAMINECTOMY L4 5 WITH PDS FIXATION MIS,LAMINECTOMY WITH PDS FIXATION L4 5
RT FRONTAL CRANIOTOMY WITH STEREOTATIC BIOSPY,RT FRONTAL CRANIOTOMY WITH STEREOTATIC BIOSPY
PROLONG INTUBATION,PROLONG INTUBATION
LAMINECTOMY W PDS FIXATION L4 5S1 MIS,LAMINECTOMY C PDS FIXATION L4 5 MIS
LAMINECTOMY L3 4 5 WITH PDS FIXATION,LAMINECTOMY WITH PDS FIXATION L4 5
LAMINECTOMY T11 WITH TUMOR REMOVAL,LAMINECTOMY WITH TUMOR REMOVAL
RIGHT FRONTAL STEREOTACTIC BIOPSY UNDER NAVIGATOR,RIGHT FRONTAL STEREOTACTIC BIOPSY UNDER NAVIGATOR
TPS T11 L1 WITH L4 5 WITH LAMINECTOMY,TPS T11 L1 WITH L4 5 WITH LAMINECTOMY
DISECTOMY MIS SCREW L4 5,DISECTOMY MIS SCREW L4 5
MICRODISECTOMY L5S1 LT,MICRODISECTOMY L5S1 LT
ACDF PEEK PLATE SCREW C5 6,ACDF C 45 PEEK PLATE SCREW
VP SHUNT REMOVAL,VP SHUNT REMOVAL
PARTIAL GLOSSECTOMY C LT MRND SKIN GRAFT LT THIGH OR LT PMM FLAP,PARTIAL GLOSSECTOMY C LT MRND SKIN GRAFT LT THIGH OR LT PMM FLAP
ENDOSCOPIC SEPTOPLASTY WITH INFERIOR TURBINAPLASTY,ENDOSCOPIC SEPTOPLASTY WITH INFERIOR TURBINOPLASTY
RT TYMPANANOPLASTY ENDAURAL APPROACH,RT TYMPANANOPLASTY ENDAURAL APPROACH
LAMINECTOMY WITH PDS FIXATION L3 4 5 MIS STANDARD ROD,LAMINECTOMY WITH PDS FIXATION L4 5 MIS STANDARD ROD
LAP VENTRAL RECTPEXY BLADDER SLING,LAP VENTRAL RECTOPLEXY BLADDER SLING
TRANSANAL EXCISION POLYP,TRANSANAL EXCISION POLYP
PROXIMAL LOOP TV COLOSTOMY,LOOP PROXIMAL COLOSTOMY
HEMORRHOID,HEMORRHOID
HEMORRHOIDECTOMY CAUTERY,HEMORRHOIDECTOMY CAUTERY
TCC RT IJV AVF LT WRIST,TCC RT IJV AVF LT WRIST
FISTULOGRAM PTA AVF LT CUBITAL,FISTULOGRAM PTA LT CUBITAL AVF
TCC RT EJV LT FV,TCC RT EJV LT IJV
PROXIMALIZATION ANEURYSMECTOMY LT AVF,PROXIMALIZATION ANEURYSMECTOMY LT AVF
RFA STAB AVULSION RT LEG,RFA RT LEG C STAB AVULSION
PTA WITH BALLOON ANGIOPLASTY RT LEG,PTA WITH BALLOON ANGIOPLASTY RT LEG
RFA WITH STAB AVALSION BOTH LEGS,RFA BOTH LEGS STAB AVULSION
AVF RT FOREARM OR AVBG RT FOREARM,AVF RT FOREARM OR AVBG RT FOREARM
RFA C STAB AVULSION BOTH LEG,RFA BOTH LEGS STAB AVULSION
TCC RT EJV OR SV CENTROS,TCC RT EJV OR SV CENTROS
RIGHT MAMMOREDUCTION LEFT BREAST AUGMENTATION,RIGHT MAMMOREDUCTION LEFT BREAST AUGMENTATION
REPAIR OF UMBILICAL HERNIA,OPEN REPAIR UMBILICAL HERNIA
OPEN INCISIONAL HERNIA REPAIR,REPAIR INCISIONAL HERNIA
OPEN REPAIR INCISIONAL HERNIA,REPAIR INCISIONAL HERNIA
OPEN RT THYROIDECTOMY C ISTHMECTOMY,OPEN RT THYROIDECTOMY C ISTHMECTOMY
DISTAL PANCREATECTOMY,LAP DISTAL PANCREATECTOMY
LAP EXTENDED RIGHT HEMICOLECTOMY,OPEN EXTENDED RIGH HEMICOLECTOMY
REMOVE PARATHYROID AUTOTRANSPLANTATION AT RIGHT FOREARM UNDER LA,REMOVE PARATHYROID AUTOTRANSPLANTATION AT RIGHT FOREARM UNDER LA
VATS RT PLEURECTOMY,VATS RT PLEURECTOMY
LAPAROSCOPIC LEFT HEMICOLECTOMY,LAPAROSCOPIC RIGHT HEMICOLECTOMY
REPAIR OF INGUINAL HERNIA WITH GRAFT OR PROSTHESIS NOT OTHERWISE SPECIFIED,REPAIR OF INGUINAL HERNIA WITH GRAFT OR PROSTHESIS NOT OTHERWISE SPECIFIED
EGD LT MRM,EGD LT MRM
PERCUTANEOUS EXCISION BOTH BREAST,PERCUTANEOUS EXCISION BOTH BREAST
EXPLORE WOUND,EXPLORE WOUND
COLONOSCOPE COLONIC STENT,COLONOSCOPE COLONIC STENT
DEBRIDEMENT BEDSORE AT COCCYX UNDER GA,DEBRIDEMENT BEDSORE AT COCCYX UNDER GA
VATS C WEDGE EXCISION PLEURAL BIOPSY,VATS C WEDGE EXCISION PLEURAL BIOPSY
LATERAL INTERNAL SPHINCTEROTOMY,LATERAL INTERNAL SPHINCTEROTOMY
LIFT AT 1 O'CLOCK,LIFT AT 1 O'CLOCK
COLONOSCOPY BX,COLONOSCOPY C BX
UNILATERAL REPAIR OF INGUINAL HERNIA RIGHT SIDE,UNILATERAL REPAIR OF INGUINAL HERNIA RIGHT SIDE
TRANSANAL FISTULOTOMY,INTRAANAL FISTULOTOMY
LT RFA WITH PHLEBECTOMY,RFA LT LEG WITH PHLEBECTOMY
TCC RT EJV 3 8 65 TCC AT LT IJV,TCC RT EJV 3 8 65 TCC AT LT IJV
DEBRIDEMENT C REVISE STUMP,RIEVISED STUMP DEBRIDEMENT
STAB AVULSION VENOUS STRIPPING RT,VENOUS STRIPPING STAB AVULSION RT LEG
SCLEROSING STAB AVULSION 2 SITES LT LEG,SCLEROSING STAB AVULSION 2 SITES LT LEG
PTA WITH STENT RT AVF,PTA WITH STENT RT AVF
AVF AT RT CUBITAL,AVF AT LEFT CUBITAL
R2 4 SYMPATHECTOMY,R4 R5 SYMPATHECTOMY
ANGIOGRAM LT LEG,ANGIOGRAM LT LEG
SFA TO PTA BYPASS,SFA TO PTA BYPASS
TCC AT RT EJV RT CFV,TCC AT RT EJV RT CFV
ESS C MICRODEBRIDER,ESS C MICRODEBRIDER
VATS LLL RESECTION FROZEN LLL LOBECTOMY,VATS LLL RESECTION FROZEN LLL LOBECTOMY
RT VATS C TALC PLEURODESIS,VATS C PLEURODESIS RT
RT THORACOTOMY WITH PLEUROPERICARDIIAL WINDOW,RT THORACOTOMY WITH PLEUROPERICARDIAL WINDOW LN BIOPSY
OPEN RIGHT LOWER LOBECTOMY,OPEN RIGHT LOWER LOBECTOMY
RT THORACOTOMY WITH INCISIONAL BIOPSY,RT THORACOTOMY WITH INCISIONAL BIOPSY
SURVIELLANCE COLONOSCOPE EGD,SURVIELLANCE EGD COLONOSCOPE
EGD NG INSERTION,EGD NG INSERTION
ABOVE KNEE AMBUTATION,ABOVE KNEE AMBUTATION
ERCP C LC,ERCP C LC
EXCISION LT MASS WITH INTRAOPUS,EXCISION LT MASS WITH INTRAOPUS
RT OPENED THYROID LOBECTOMY,OPEN RIGHT THYROID LOBECTOMY
BILAT LAP TEP,BILAT LAP TAPP
OPEN RIGHT THYROID LOBECTOMY WITH ISTHMECTOMY UNDER GA,OPEN RIGHT THYROID LOBECTOMY WITH ISTHMECTOMY UNDER GA
DEBRIDEMENT AND RESUTURE AT NECK UNDER GA,DEBRIDEMENT AND RESUTURE AT NECK UNDER GA
OPEN COMPLETION THYROIDECTOMY,OPEN COMPLETION LEFT THYROIDECTOMY
ANGIOGRAM WITH PTA DOWNHILL,ANGIOGRAM WITH PTA DOWNHILL
ENDOSCOPIC DCR,ENDOSCOPIC DCR
LT TONSILLECTOMY WITH COBLATOR,TONSILLECTOMY WITH COBLATOR
FESS NAVIGATOR,LT FESS NAVIGATOR
RT LATERAL TEMPORAL BONE RESECTION RT SUPERFICIAL PAROTIDECTOMY FAT OBLITERATION FACIAL NIMS,RT LATERAL TEMPORAL BONE RESECTION RT SUPERFICIAL PAROTIDECTOMY FAT OBLITERATION FACIAL NIMS
STSG AT RT FOOT,STSG AT RT FOOT
EXCISION LT SHOULDER,EXCISION LT SHOULDER
RHINOPLASTY CHIN AUGMENTATION,RHINOPLASTY CHIN AUGMENTATION
INCIONAL BX,INCISIONAL BX
FLEXIBLE URSL RT,LT FLEXIBLE URSL
RADICAL NEPHRECTOMY LT OPEN TRUS BIOPSY,RADICAL NEPHRECTOMY LT OPEN TRUS BIOPSY
WEDGE EXCISION WITH VASECTOMY UNDER SA,WEDGE EXCISION WITH VASECTOMY UNDER SA
CYSTOSCOPY OFF CHANGE LEFT JJ STENT,CYSTOSCOPY OFF CHANGE LEFT JJ STENT
INTERNAL URETHROTOME WITH TURP WITH FLEXIBLE CYSTOSCOPE,INTERNAL URETHROTOME WITH TURP WITH FLEXIBLE CYSTOSCOPE
TRANSURETHRAL URETEROTOMY,TRANSURETHRAL URETEROTOMY
TUR BT BCG INSTILLATION,TUR BT BCG INSTILLATION
PELVIC EXEN C URETEROSTOMY CONDUIT C ABDOMINAL FREE FLAP,PELVIC EXEN C URETEROSTOMY CONDUIT C ABDOMINAL FREE FLAP
TRANSANAL RE EXCISION,TRANSANAL EXCISION
STAPLE HEMORRHOIDECTOMY EGD COLONOSCOPY,EGD COLONOSCOPY HEMORRHOIDECTOMY
FISTULOMY COLONOSCOPE,FISTULOMY COLONOSCOPE
COLONOSCOPE SURVILLANCE,SURVEILLANCE COLONOSCOPY
TUR BT UNDER SA,TUR BT UNDER GA
CYSTOSCOPY WITH FOLEY INSERTION,CYSTOSCOPY C FOLEY INSERTION
RIGID CYSTOSCOPY UNDER IV SEDATION,RIGID CYSTOSCOPE UNDER IV SEDATION
EXCISION EIDIDYMAL MASS EPIDIDYMECTOMY RT,EXCISION EIDIDYMAL MASS EPIDIDYMECTOMY RT
TUR BT UNDER IV SEDATION,TUI BN UNDER IV SEDATION
RT URETERIC REIMPLANTATION BOARI FLAP,RT URETERIC REIMPLANTATION BOARI FLAP
CYSTOSCOPE TRUS C BX,CYSTOSCOPE TRUS BX
CYSTOSCOPY UNDER IV SEDATION > TUR BT,CYSTO TUR BT UNDER IV SEDATION
TUI BN CYSTOLITHOTRIPSY,TUI BN CYSTOLITHOTRIPSY
CYSTO OFF JJ STENT,CYSTO OFF JJ STENT
OPERATIONS ON PROSTATE AND SEMINAL VESICLES,OPERATIONS ON PROSTATE AND SEMINAL VESICLES
WIDE CIRCUM,WIDE CIRCUM
OFF LEFT DJ,OFF LEFT DJ
