procedure,proc_group
(FLEXIBLE ) CYSTOSCOPY +/- TU-F,Cystoscopy_URO
(FLEXIBLE) CYSTOSCOPY (SURVEILLANCE),Cystoscopy_URO
(FLEXIBLE) URETEROSCOPY +/- RIRS,Cystoscopy_URO
(FLEXIBLE) URETHROSCOPY,สาขา:ทางเดินปัสสาวะ
1 STAGE EXCISION PARAFFINOMA,Skin_softtissue
1 STAGE REPAIR PARAFFINOMA,สาขา:ทางเดินปัสสาวะ
1. CLOSED REDUCTION NASAL BONE 2. ORIF WITH K-WIRE FIXATION,Fracture_fixation
1. EVACUATE HEMATOMA LEFT BREAST 2. EXCISION SKIN REDUNDANT OF RIGHT BREATS,Breast
1. EXCISION LIPOMA (ท่าตะแคง) 2. OPEN RT HERNIOPLASTY,Skin_softtissue
"1. MICRODOCHECTOMY LEFT BREAST, 2. MICRODOCHECTOMY OF RIGHT BREAST 3.EXCISION OF RIGHT BREAST",Breast
1. MICRODOCHECTOMY OF RIGHT BREAST 2.WIRE LOCALZATION WIDE EXCISION OF LEFT BREAST,Breast
1. TRACHEOSTOMY 2. ORIF WITH PAS WITH MMF,Fracture_fixation
1.LEFT BCT + SLNB (WIRE LOCALIZATION WIDE EXCISION) 2.GASTRO-COLONOSCOPE,Endoscopy_GI
1ST STAGE EXCISION PARAFFINOMA,Skin_softtissue
1ST STAGE EXCISION PARAFFINOMA นอกเวลา,Skin_softtissue
1ST STAGE EXCISION PARAFINOMA,Skin_softtissue
1ST STAGE EXCISION PARAFINOMA นอกเวลา,Skin_softtissue
1ST STAGE REPAIR +/- SCROTAL FLAP,Uro_other
2 BURR HOLE,Neuro_cranial
2ND STAGE PARAFFINOMA,สาขา:ประสาทและสมอง
2ND STAGE PARRRAFINIOMA,สาขา:ทางเดินปัสสาวะ
2ND STAGE REPAIR,สาขา:ทางเดินปัสสาวะ
2ND TOE DIP AMPTATION,สาขา:ศัลยกรรมทั่วไป
"4, COLONOSCOPY",Endoscopy_GI
ABDOMINAL CLOSURE,สาขา:หลอดเลือด
ABDOMINAL CLOSURE WITH OFF PACKING +/- TEMPORARY CLOSURE,สาขา:ศัลยกรรมทั่วไป
ABDOMINAL TOILET,สาขา:ศัลยกรรมทั่วไป
ABDOMINAL TOILET + CHANGE VAC + RETENTION SUTURE,Skin_softtissue
ABDOMINAL TOILET + CHANGE VACUUM DRESSING AT ABDOMEN +THORACO,สาขา:ศัลยกรรมทั่วไป
ABDOMINAL TOILET + VAC DRESSING,สาขา:ลำไส้ใหญ่และทวารหนัก
ABDOMINAL TOILET C CHANGE VACCUUM DRESSING,สาขา:ศัลยกรรมทั่วไป
ABDOMINAL TOILET C VAC DRESSING,สาขา:ลำไส้ใหญ่และทวารหนัก
ABDOMINAL TOILET C VACCUUM DRESSING,สาขา:ศัลยกรรมทั่วไป
ABDOMINAL TOILET WITH CHANGE VAC. DRESSING,สาขา:ลำไส้ใหญ่และทวารหนัก
ABDOMINAL TOILET WITH GJ +/- TEMPORARY CLOSURE,สาขา:ศัลยกรรมทั่วไป
ABDOMINAL TOILET WITH RETENTION SUTURE,Skin_softtissue
ABDOMINAL TOILET+ CHANG VAC DRSSING AT ABDOMEN+THORACO,สาขา:ศัลยกรรมทั่วไป
ABDOMINAL TOILET+ CHANGE VAC DRESSING,สาขา:ศัลยกรรมทั่วไป
ABDOMINAL TOILET+CHANGE VAC DRESSING,สาขา:ศัลยกรรมทั่วไป
ABDOMINAL TOILRT C CHANGE VAC DRESSING,สาขา:ศัลยกรรมทั่วไป
ABDOMINAL WALL DEFECT RECONSTRUCTION WITH RT ALT FREE FLAP WITH STSG FROM LT THIGH,Skin_softtissue
ABDOMINALPLASTY,สาขา:ตกแต่ง
ABDOMINOPLASTY,สาขา:ตกแต่ง
ABOVE KNEE AMBUTATION,สาขา:ศัลยกรรมทั่วไป
ACDE C5-7,สาขา:ประสาทและสมอง
ACDF,Spine
ACDF + PEEK PLATE SCREW,Spine
ACDF + PEEK PLATE SCREW C5-6,Spine
ACDF 4-5-6 +/- 3-4,Spine
ACDF 5-6 WITH ANTERIOR PLATE SCREW FIXATION,Spine
ACDF C 345,Spine
ACDF C 3456 PEEK PLATE,Spine
ACDF C 45 PEEK PLATE & SCREW,Spine
ACDF C 456 PEEK PLATE,Spine
ACDF C 5-6 PEEK PLATE,Spine
ACDF C 567 PEEK PLATE,Spine
ACDF C$-5 +/- LAMINECTOMY,Spine
ACDF C2-3,Spine
ACDF C3-4,Spine
ACDF C3-4 (+/-C4-5),Spine
ACDF C3-4 4-5,Spine
ACDF C3-4 DIVA C 567 PEEK PLATE,Spine
ACDF C3-4 PEEK PLATE,Spine
"ACDF C3-4, C4-5",Spine
"ACDF C3-4,4-5,5-6 WITH PLATE-SCREW FIXATION",Spine
"ACDF C3-4,C4-5,C5-6 WITH PLATE SCREW FIXATION",Spine
ACDF C3-4-5 PEAK PLATE,Spine
ACDF C3-4-5 PEEK PLATE,Spine
ACDF C3-5 DIVA,Spine
ACDF C3-6,Spine
ACDF C3-6 PEEK PLATE,Spine
ACDF C3-6 WITH PEEK PLATE SCREW,Spine
ACDF C3-7 DIVA,Spine
ACDF C3/4 C4/5 C5/6 PEEK AND PLATE,Spine
"ACDF C3/4, C4/5, C5/6",Spine
ACDF C34 WITH +/- CORPECTOMY C4,Spine
ACDF C345,Spine
ACDF C345 PEEK PLATE,Spine
ACDF C3456 ALLOGRAFT PLATE AND SCREW,Spine
ACDF C3456 DIVA,Spine
ACDF C3456 WITH PEEK PLATE,Spine
ACDF C34567 DIVA,Spine
ACDF C34567 PLATE SCREW,Spine
"ACDF C4,5,6",Spine
ACDF C4-5,Spine
ACDF C4-5 (PEEK-PLATE) AND C7-T1 (DIVA) + LAMINECTOMY C4-5 AND C7-T1 WITH LATERAL MASS SCREW FIXATION,Spine
"ACDF C4-5 , C1-2 POSTERIOR FIXATION + LAMINECTOMY C4-5",Spine
ACDF C4-5 5-6 WITH PLATE AND SCREW FIXATION,Spine
ACDF C4-5 C ANTERIOR PLAT & SCREW FIXATION,Spine
ACDF C4-5 DIVA,Spine
ACDF C4-5 PEEK PLATE,Spine
ACDF C4-5 WITH DIVA,Spine
"ACDF C4-5,5-6",Spine
"ACDF C4-5,5-6 WITH PLATE-SCREW FIXATION",Spine
ACDF C4-5-6,Spine
ACDF C4-5-6-7 C PEEK PLATE,Spine
ACDF C4-5-6-7 LEVEL WITH PEEK PLATE,Spine
ACDF C4-5-6-7 PEEK AND PLATE,Spine
ACDF C4-5-6-7 PEEK PLATE,Spine
ACDF C4-6,Spine
ACDF C4-6 PEEK PLATE,Spine
ACDF C4-7 DIVA,Spine
ACDF C4-7 PEEK PLATE,Spine
ACDF C4/5,Spine
ACDF C4/5 C5/6,Spine
"ACDF C4/5, C5/6",Spine
ACDF C456,Spine
ACDF C456 PEEK PLATE,Spine
ACDF C456 WITH PEEK PLATE,Spine
ACDF C4567 PEEK PLATE,Spine
ACDF C5-6,Spine
ACDF C5-6 (REDO),Spine
ACDF C5-6 C PEEK PLATE,Spine
ACDF C5-6 C6-7,Spine
ACDF C5-6 DIVA,Spine
ACDF C5-6 PEAK PLATE,Spine
ACDF C5-6 PEEK PLATE,Spine
ACDF C5-6 PEEL PLATE,Spine
ACDF C5-6 WITH ANTERIOR PLATE-SCREW FIXATION,Spine
ACDF C5-6 WITH PEEK PLATE,Spine
ACDF C5-6 WITH PEEK PLATE AND SCREW FIXATION,Spine
ACDF C5-6-7 WITH PEEK PLATE,Spine
ACDF C5-7 DIVA,Spine
"ACDF C5-7,C6-7 WITH ANTERIOR PLATE-SCREW FIXATION",Spine
ACDF C5/6,Spine
ACDF C5/6 C6/7 PEEL PLATE,Spine
ACDF C5/6 DIVA,Spine
ACDF C5/6 PEEK PLATE,Spine
"ACDF C5/6,C6/7",Spine
ACDF C56 WITH ANTERIOR PLATE AND SCREW FIXATION,Spine
ACDF C567 PEEK PLATE,Spine
ACDF C567 PEEK PLATE C567,Spine
ACDF C567 PLATE ALLOGRAFT,Spine
ACDF C568 PEEK PLATE,Spine
ACDF C6-7,Spine
ACDF C6-7 (DIVA),Spine
ACDF C6-7 C ANTERIOR PLATE SCREW FIXATION,Spine
ACDF C6-7 C LAMINECTOMY C7-T1,Spine
ACDF C6-7 PEEK PLATE,Spine
ACDF C6-7 RT.,Spine
ACDF C6-7 WITH ANTERIOR PLATE AND SCREW FIXATION,Spine
ACDF C6/7 PEEK PLATE,Spine
ACDF SCREW FIXATION CERVICAL SPINE,Spine
ACDF WITH PEEK AND PLATE SCREW C5-6-7,Spine
ACDF WITH PLATE SCREW C4-5-6,Spine
ADENOIDECTOMY UNDER COBLATOR (NASAL ENDOSCOPIC) + RF NOSE (GA),ENT
ADENOTONSILLECTOMY,ENT
ADVANCEMENT FLAP,Skin_softtissue
AFV LT CUBITAL,สาขา:หลอดเลือด
AFV LT WRIST,สาขา:หลอดเลือด
AGGRESSIVE DEBRIDEMENT UNDER GA,Skin_softtissue
AKA OF RIGHT LEG,สาขา:ศัลยกรรมทั่วไป
ALTEMEIER,สาขา:ลำไส้ใหญ่และทวารหนัก
ALTEMEIER OPERATION,สาขา:ศัลยกรรมทั่วไป
ALTEMEIER'S OPERATION,สาขา:ลำไส้ใหญ่และทวารหนัก
ALTEMIERE WITH LEVATOPLASTY,สาขา:ลำไส้ใหญ่และทวารหนัก
ALTIMEIER'S OPERATION,สาขา:ลำไส้ใหญ่และทวารหนัก
ALTIMEIER'S OPERTION,สาขา:ลำไส้ใหญ่และทวารหนัก
ALTIMIER OPERATION,สาขา:ลำไส้ใหญ่และทวารหนัก
AMPUTATE RT 4TH-5TH TOE,สาขา:ตกแต่ง
AMPUTATION,สาขา:ตกแต่ง
AMPUTATION 2ND TOE LT.+ RAY AMPUTATION 5TH TOE LT.+DEBRIDEMENT LT. BIG TOE AND LT. HEEL,Skin_softtissue
AMPUTATION 2ND TOE RT FOOT WITH DEBRIDEMENT,Skin_softtissue
"AMPUTATION 2ND,4TH TOE RT. FOOT",สาขา:ศัลยกรรมทั่วไป
AMPUTATION 4TH FINGER,สาขา:ศัลยกรรมทั่วไป
AMPUTATION LEFT BIG TOE,สาขา:ศัลยกรรมทั่วไป
AMPUTATION LT THUMB,สาขา:หลอดเลือด
AMPUTATION LT TOE (OP TIME 1 HR),สาขา:ศัลยกรรมทั่วไป
AMPUTATION LT.INDEX FINGER,สาขา:ตกแต่ง
AMPUTATION OF ASSESORY FINGER,สาขา:ตกแต่ง
AMPUTATION OF RT.BIG TOE,สาขา:หลอดเลือด
AMPUTATION RIGHT BIG TOE,สาขา:ศัลยกรรมทั่วไป
"AMPUTATION RIGHT GREAT TOE, DB LEFT HEEL",สาขา:หลอดเลือด
AMPUTATION RT 2ND TOE,สาขา:ศัลยกรรมทั่วไป
AMPUTATION RT BIGTOE,สาขา:ศัลยกรรมทั่วไป
AMPUTATION RT TOES (OP TIME 1.5 HR),สาขา:ศัลยกรรมทั่วไป
AMPUTATION RT. 3RD FINGER,สาขา:ศัลยกรรมทั่วไป
AMPUTATION RT.2ND TOE,สาขา:หลอดเลือด
ANAL BIOPSY,Anorectal
ANAL DILATATION,Anorectal
ANAL DILATE,Anorectal
ANAL FISTULA,Vascular_access
ANAL FISTULECTOMY,Vascular_access
ANAL STRICTUROPLASTY,Anorectal
ANEURYMECTOMY,สาขา:หลอดเลือด
ANEURYSMECTOMT,สาขา:หลอดเลือด
ANEURYSMECTOMY,สาขา:หลอดเลือด
ANEURYSMECTOMY + AVF LT.CUBITAL,Vascular_access
ANEURYSMECTOMY + AVF RT CUBITAL,Vascular_access
ANEURYSMECTOMY + REPAIR LT. BRACHIAL ARTERY,สาขา:ศัลยกรรมทั่วไป
ANEURYSMECTOMY + REPAIR LT.RADIAL A. + AVF LT.CUBITAL 20/3/66,Vascular_access
ANEURYSMECTOMY + REPAIRED BRACHIAL ARTERY,สาขา:หลอดเลือด
ANEURYSMECTOMY +- REMOVE AVBG LT ARM,Vascular_access
ANEURYSMECTOMY +REPAIR LT BRACHIAL A,สาขา:หลอดเลือด
ANEURYSMECTOMY AT RT UPPER ARM,สาขา:หลอดเลือด
ANEURYSMECTOMY C AVF LEFT CUBITAL,Vascular_access
ANEURYSMECTOMY LT,สาขา:หลอดเลือด
ANEURYSMECTOMY LT ARM + TCC RT IJV [+/- LT IJV],Central_line
ANEURYSMECTOMY LT AVF,Vascular_access
ANEURYSMECTOMY LT.,สาขา:หลอดเลือด
ANEURYSMECTOMY RIGHT UPPER ARM,สาขา:หลอดเลือด
ANEURYSMECTOMY RT,สาขา:หลอดเลือด
ANEURYSMECTOMY RT ARM,สาขา:หลอดเลือด
ANEURYSMECTOMY RT UPPER ARM,สาขา:หลอดเลือด
ANEURYSMECTOMY UNDER LT.BPB,สาขา:หลอดเลือด
ANEURYSMECTOMY WITH PRIMARY REPAIR AT LT.RADIAL ARTERY,สาขา:หลอดเลือด
ANEURYSMECTOMY WITH PRIMARY REPAIR RT.RADIAL A. +/- INTERPOSTION WITH RT.BASILIC VEIN GRAFT,Skin_softtissue
ANEURYSMECTOMY WITH REPAIRED BRACHIAL ARTERY,สาขา:หลอดเลือด
ANEURYSMECTOMY WITH REVISE AVF,Vascular_access
"ANEURYSMECTOMY WITH TCC LT IJV , CENTROS",Central_line
ANEURYSMECTOMY WITH TCC RT IJV,Central_line
"ANEURYSMECTOMY WITH TCC RT IJV , HEMOFLOW",Central_line
ANEURYSMECTOMY เหลือ STUMP PROXIMAL,สาขา:หลอดเลือด
ANEURYSMECTOMY+/- REPAIR LT BRACHIAL A.,สาขา:หลอดเลือด
ANEURYSMECTOMY+REPAIRED BRACHIAL ARTERY,สาขา:หลอดเลือด
"ANEURYSMECTOMY+TCC LT IJV ,HEMOFLOW",Central_line
ANEURYSMORRHAPHY,สาขา:หลอดเลือด
ANGIOGRAM +- BALLON RT. LEG,Vascular_interv
ANGIOGRAM +- BALLOON ANGIOPLASTY RT RENAL ARTERY,Vascular_interv
ANGIOGRAM +/- BALLOON ANGIOPLASTY BTK,Vascular_interv
ANGIOGRAM +/- PTA LEFT ARM,Vascular_interv
ANGIOGRAM +/- PTA RT LEG,Vascular_interv
ANGIOGRAM BOTH LEGS,Vascular_interv
ANGIOGRAM LT LEG,Vascular_interv
ANGIOGRAM WITH BALLOON ANGIOPLASTY WITH REVICE TCC RT SC,Vascular_interv
ANGIOGRAM WITH PTA (DOWNHILL),Vascular_interv
ANGIOGRAM+- EMBOLEC +- REPAIR LT LEG,Vascular_interv
ANGIOGRAM+PTA,Vascular_interv
ANGIOGRAM+PTA LEFT ARM,Vascular_interv
ANGIOPLASTY RT LEG,Vascular_interv
ANGIOPLASTY RT LEG ( CROSSOVER ),Vascular_interv
ANGIOPLASTY WITH STENT,Vascular_interv
"ANT. CERVICAL CORPECTOMY C5 WITH REMOVAL DISC C4-5, C5-6",Spine
ANTEGRADE FLEXIBLE CYSTOSCOPE WITH LT. URSL,Cystoscopy_URO
ANTERIOR MINITHORACOTOMY WITH PERICARDIAL BIOPSY+ PLEURO-PERICARDIAL WINDOW,Skin_softtissue
ANTERIOR PALATOPLASTY + RF NOSE (GA),ENT
AORTOGRAPHY +- RELINING STENT RT LIMB,Vascular_interv
APPENDECTOMY,GI_abdominal
APR,GI_abdominal
APR C REPAIR VENTRAL HERNIA +- S3 SACRECTOMY,GI_abdominal
ARTERIOVENOSTOMY FOR RENAL DIALYSIS,สาขา:หลอดเลือด
AUGMENTED RHINOPLASTY,ENT
AVBG,Vascular_access
AVBG AT LT UPPER ARM,Vascular_access
AVBG AT LT.FOREARM,Vascular_access
AVBG AT LT.FOREARM UNDER BPB,Vascular_access
AVBG AT RT UPPER ARM,Vascular_access
AVBG FOREARM,Vascular_access
AVBG LEFT FOREARM,Vascular_access
AVBG LEFT UPPER ARM,Vascular_access
AVBG LF FOREARM,Vascular_access
AVBG LT ARM,Vascular_access
AVBG LT FOREARM,Vascular_access
"AVBG LT FOREARM , LIGATE AVF",Vascular_access
AVBG LT THIGH,Vascular_access
AVBG LT UPPER ARM,Vascular_access
AVBG LT UPPERAM,Vascular_access
AVBG LT UPPERARM,Vascular_access
AVBG LT UPPERARM( DOUBLE LOOP ),Vascular_access
AVBG LT. FOREARM,Vascular_access
AVBG LT. THIGH,Vascular_access
AVBG LT. UPPER ARM,Vascular_access
AVBG LT. UPPERARM,Vascular_access
AVBG LT.ARM,Vascular_access
AVBG LT.FOREARM,Vascular_access
AVBG LT.FOREARM UNDER,Vascular_access
AVBG LT.UPPER ARM,Vascular_access
AVBG LT.UPPER ARM (DOUBLE LOOP) +/- TCC RT.IJV,Vascular_access
AVBG LT.UPPERARM,Vascular_access
AVBG RT FORARM,Vascular_access
AVBG RT FOREARM,Vascular_access
AVBG RT FOREARM ( STENOSIS CEPHALIC VEIN ),Vascular_access
AVBG RT THIGH,Vascular_access
AVBG RT UPPER ARM,Vascular_access
AVBG RT UPPERARM,Vascular_access
AVBG RT UPPERARM ( DOUBLE LOOP ),Vascular_access
AVBG RT. FOREARM,Vascular_access
AVBG RT. UPPER ARM,Vascular_access
AVBG RT.FOREARM,Vascular_access
AVBG RT.FOREARM UNDER LA,Vascular_access
AVBG RT.UPPER ARM,Vascular_access
AVF AT LEFT CUBITAL,Vascular_access
AVF AT LT CUBITAL,Vascular_access
AVF AT LT WRIST,Vascular_access
AVF AT LT.CUBITAL AREA,Vascular_access
AVF AT LT.WRIST,Vascular_access
AVF AT MID FOREARM + ANEURYSMECTOMY,Vascular_access
AVF AT RT CUBITAL,Vascular_access
AVF LEFT CUBITAL,Vascular_access
AVF LEFT CUBITAL UNDER LA,Vascular_access
AVF LEFT TB1,Vascular_access
AVF LEFT WRIST,Vascular_access
AVF LT ARM,Vascular_access
AVF LT CUBITAL,Vascular_access
AVF LT CUBITAL ( PHLEBITIS FOREARM ),Vascular_access
AVF LT CUBITAL + LIGATE AVF LT WRIST,Vascular_access
AVF LT CUBITAL +- AVBG LT UPPER ARM,Vascular_access
AVF LT CUBITAL UNDER LA,Vascular_access
AVF LT CUBITAL WITH LIGATE AVF LT WRIST,Vascular_access
AVF LT CUBITAL ลงแผลสูง,Vascular_access
AVF LT CUBITAL เส้นอยู่ LATERAL มาก,Vascular_access
AVF LT CUBITAL+LIGATE AVF LT WRIST,Vascular_access
AVF LT FOREARM,Vascular_access
AVF LT FOREARM OR TB1,Vascular_access
AVF LT FOREARM มี FIBROSIS CEPHALIC VEIN ตรง JUNCTION,Vascular_access
AVF LT UPPER ARM,Vascular_access
AVF LT WRIST,Vascular_access
AVF LT WRIST + LIGATE AVF LT CUBITAL,Vascular_access
AVF LT WRIST OR CUBITAL,Vascular_access
AVF LT WRIST UNDER LA,Vascular_access
AVF LT.,Vascular_access
AVF LT. CUBITAL,Vascular_access
AVF LT. CUBITAL + OFF TCC,Vascular_access
AVF LT. CUBITAL UNDER LA,Vascular_access
AVF LT. WRIST,Vascular_access
AVF LT. WRIST (ต่อสูง),Vascular_access
AVF LT. WRIST LA,Vascular_access
AVF LT. WRIST UNDER,Vascular_access
AVF LT. WRIST UNDER LA,Vascular_access
AVF LT.CUBITAL,Vascular_access
AVF LT.CUBITAL + REPAIR PSEUDOANERUYSM LT.BRACHIAL,Vascular_access
AVF LT.CUBITAL OR AVBG LT.FOREARM (ต่อ BASILIC VEIN),Vascular_access
AVF LT.ELBOW,Vascular_access
AVF LT.RADIOCEPHALIC,Vascular_access
AVF LT.WRIST,Vascular_access
AVF OR AVBG,Vascular_access
AVF RT CUBITAL,Vascular_access
AVF RT CUBITAL + LIGATE AVF RT WRIST,Vascular_access
"AVF RT CUBITAL , ต่อ CUBITAL VEIN",Vascular_access
AVF RT CUBITAL+LIGATE AVF RT WRIST,Vascular_access
AVF RT FOREARM,Vascular_access
AVF RT FOREARM OR AVBG RT FOREARM,Vascular_access
AVF RT FOREARM OR CUBITAL,Vascular_access
AVF RT WRIST,Vascular_access
AVF RT WRIST + LIGATE AVF LT WRIST,Vascular_access
AVF RT WRIST OR CUBITAL,Vascular_access
AVF RT WRIST OR SNUFFBOX,Vascular_access
AVF RT WRIST เส้นเล็ก,Vascular_access
AVF RT WRIST เส้นเล็กมาก,Vascular_access
AVF RT WRIST/AVBG RT FOREARM,Vascular_access
AVF RT.,Vascular_access
AVF RT. CUBITAL,Vascular_access
AVF RT. WRIST,Vascular_access
AVF RT. WRIST (+/- AVF LT.CUBITAL ถ้า PT ใส่ CATHETER ก่อน),Vascular_access
AVF RT.CUBITAL,Vascular_access
AVF RT.FOREARM,Vascular_access
AVF RT.WRIST,Vascular_access
AVF RT.WRIST OR CUBITAL,Vascular_access
AVF RT.WRIST นอกเวลา,Vascular_access
AWAKE PROPHYLACTIC TRACHEOSTOMY + FOB+DL BX,Tracheostomy
AXILLARY NODE DISSECTION,Skin_softtissue
AXILLO-BIFEM BYPASS,สาขา:หลอดเลือด
BALLON ANGIOPLASTY LT,Vascular_interv
BALLOON AGIOPLASTY,Vascular_interv
BALLOON ANGIOPLASTY,Vascular_interv
BALLOON ANGIOPLASTY + STENT,Vascular_interv
"BALLOON ANGIOPLASTY +,- STENT",Vascular_interv
BALLOON ANGIOPLASTY +/- STENT,Vascular_interv
BALLOON ANGIOPLASTY +/- TCC RT IJV,Central_line
BALLOON ANGIOPLASTY AT LT.CEPHALIC VEIN,Vascular_interv
"BALLOON ANGIOPLASTY AT RT SFA, PA, PTA",Vascular_interv
BALLOON ANGIOPLASTY AT RT.INNOMINATE VEIN,Vascular_interv
BALLOON ANGIOPLASTY C PERM CATH LEFT IJV,Vascular_access
BALLOON ANGIOPLASTY LEFT AVG,Vascular_interv
BALLOON ANGIOPLASTY LT,Vascular_interv
BALLOON ANGIOPLASTY RIGHT CFA C SFA C ANGIOGRAM RIGHT BTK + RT.FOREFOOT AMPUTATION,Vascular_interv
BALLOON ANGIOPLASTY RT BASILLIC V.,Vascular_interv
BALLOON ANGIOPLASTY RT SFA C PA (CROSS OVER),Vascular_interv
BALLOON ANGIOPLASTY RT UPPER ARM,Vascular_interv
BALLOON ANGIOPLASTY WITH STENT,Vascular_interv
BALLOON ANGIOPLASTY ทำต่อจากเคสแรก,Vascular_interv
BALLOON ANGIOPLASTY เตรียมเงิน 20000,Vascular_interv
BALLOON ANGIOPLASTY+TCC LT IJV CENTROS,Central_line
BALLOON DILATATION LT SFA,Vascular_interv
BALLOON PTA + FISTULOGRAM,Vascular_access
BALLOON VENOPALSTY,Vascular_interv
BALLOON VENOPLASTY,Vascular_interv
BALLOON VENOPLASTY + LIGATE TRIBUTARY,Vascular_interv
BALLOON VENOPLASTY +/- REMOVE TCC,Vascular_interv
BALLOON VENOPLASTY +/- STENT,Vascular_interv
BALLOON VENOPLASTY +/- STENT WITH TCC INSERTION,Vascular_interv
BALLOON VENOPLASTY AT LT. AVF,Vascular_access
BALLOON VENOPLASTY LT,Vascular_interv
BALLOON VENOPLASTY LT AVF,Vascular_access
BALLOON VENOPLASTY OF CENTRAL VEIN,Vascular_interv
BALLOON VENOPLASTY OF OUTFLOW,Vascular_interv
BALLOON VENOPLASTY RT FOREARM,Vascular_interv
BALLOON VENOPLASTY WITH STENT,Vascular_interv
BALLOON VENOPLASTY WITH STENTING,Vascular_interv
BALOON VENOPLASTY,Vascular_interv
BANDING LT.BASILIC VEIN,สาขา:หลอดเลือด
BASILIC VEIN TRANSPOSITION,สาขา:หลอดเลือด
BASILLIC VEIN TRANPOSITION RT FOREARM,สาขา:หลอดเลือด
BCS WITH LICAP LT.,สาขา:ศัลยกรรมทั่วไป
BCS WITH SLNB/TOTAL MASTECTOMY,Breast
BCT + SLNB,Breast
"BCT LEFT BREAST + SLNB, MCW LICAP",Breast
BCT+SLNB (MCE-LICAP),Breast
BHC,สาขา:ศัลยกรรมทั่วไป
BIALTERAL MASTECOTOMY + SLNB,Breast
"BIALTERAL SKIN REDUCING MASTECOMY WITH IMPLANT RECONSTRUCTION, SLNB",Breast
BIFRONTAL CRANIOTOMY C REPAIR BASE OF SKULL,Neuro_cranial
BIFRONTAL CRANIOTOMY C TUMOR REMOVAL,Neuro_cranial
BIFRONTAL CRANIOTOMY C TUMOT REMOVAL,Neuro_cranial
BIFRONTAL CRANIOTOMY WITH REMOVE TUMOR,Neuro_cranial
BIFRONTAL CRANIOTOMY WITH TUMOR REMOVAL,Neuro_cranial
BIFRONTAL RE-CRANIOTOMY WITH TUMOR REMOVAL,Neuro_cranial
BILAT BURR HOLE C IRRIGATION,Neuro_cranial
BILAT CRANIOTOMY C CLOT REMMOVAL,Neuro_cranial
BILAT DJ STENT INSERTION,Vascular_interv
BILAT DJ STENT WITH RP,Vascular_interv
BILAT DOWNHILL ANGIOPLASTY BOTH LEG,Vascular_interv
BILAT ENARTERECTMY OF COMMON FEMORAL ARTERY WITH CERAB WITH ANGIOPLASTY RIGHT LEG,Vascular_interv
BILAT ESS + SEPTOPLASTY + NAVIGATOR,ENT
BILAT ESS WITH SEPTOPLASTY,ENT
BILAT ESS+NAVIGATOR,สาขา:หู คอ จมูก
BILAT FESS,ENT
BILAT FESS NAVIGATOR MICRODEBRIDER,ENT
BILAT FESS WIHT MICRODEBRIDER WITH NAVIGATOR,ENT
BILAT FESS WITH MICRODEBRIDER,ENT
BILAT FESS WITH MICRODEBRIDER WITH NAVIGATOR,ENT
BILAT FESS WITH MICRODEBRIDER WITH NAVIGATOR WITH ENDOSEPTO TURBINOPLASTY,ENT
BILAT FESS WITH MICRODEBRIDER WITH NAVIGATORS,ENT
"BILAT FESS WITH NAVIGATE, MICRODEBRIDER",ENT
BILAT FESS WITH NAVIGATOR,ENT
BILAT FESS WITH NAVIGATOR WITH MICRODEBRIDER,ENT
BILAT FESS WITH NAVIGOTOR WITH MICRODEBRIDER,ENT
BILAT FESS+-SEPTOPLASTY+ NAVIGATOR,ENT
BILAT FESS+NAVIGATOR,ENT
BILAT FESS+SEPTOPLASTY+NAVIGATOR,ENT
BILAT FESS+TURBINOPLASTY,ENT
BILAT FULL HOUSE FESS+ SEPTOPLASTY,ENT
BILAT FULLHOUSE FESS+ NAVIGATOR,ENT
BILAT FULLHOUSE FESS+SEPTOPLASTY,ENT
BILAT LAP TAPP,สาขา:ศัลยกรรมทั่วไป
BILAT LAP TEP,สาขา:ศัลยกรรมทั่วไป
BILAT MMA,สาขา:หู คอ จมูก
BILAT MMA+SEPTOTURBINOPLASTY,ENT
BILAT ORCHIDECTOMY,Uro_other
BILAT ORCHIDECTOMYWITH REPAIR RT HERNIA ผ่ากับอ.เอ๊นท์,Uro_other
BILAT ORCHIDOPLEXY,Uro_other
BILAT ORCHIECTOMY,Uro_other
BILAT PCN,สาขา:ทางเดินปัสสาวะ
BILAT REVISION FESS+NAVIGATOR,ENT
BILAT RFA WITH BILAT PHLEBECTOMY,สาขา:หลอดเลือด
BILAT RFA WITH RT PHLEBECTOMY,สาขา:หลอดเลือด
BILAT RFA WITH RT SSV LIGATION WITH DISTAL SCLEROTHERAPY,สาขา:หลอดเลือด
BILAT TEP,สาขา:ศัลยกรรมทั่วไป
BILAT UPPER BLEPHALOPLASTY,สาขา:ตกแต่ง
BILAT URS,Cystoscopy_URO
BILAT URS +- DJ STENT,Cystoscopy_URO
BILAT URS WITH DJ STENTS,Cystoscopy_URO
BILAT URS WITH RP WITH DJ STENT,Cystoscopy_URO
BILAT VENOUS STRIPPING,สาขา:ศัลยกรรมทั่วไป
BILAT. LAP. TAPP,สาขา:ศัลยกรรมทั่วไป
BILAT. ORCHHIECTOMY,สาขา:ทางเดินปัสสาวะ
BILAT. ORCHIECTOMY,Uro_other
BILAT. ORCHIECTOMY + LT. RP +DJ STENT,Uro_other
BILAT. ORCHIECTOMY WITH TRUS BIOPSY,Cystoscopy_URO
BILAT. RETROGRADE PYELOGRAM +/- DJ STENT,Vascular_interv
BILAT. RP + DJ STENTS,Vascular_interv
BILAT. URSL + DJ STENT,Vascular_interv
BILATERAL AKA,สาขา:หลอดเลือด
BILATERAL BURR HOLE,Neuro_cranial
BILATERAL BURR HOLE WITH IRRIGATION,Neuro_cranial
BILATERAL BURR HOLE WITH IRRIGATION AND DRAINAGE,Neuro_cranial
BILATERAL CRANIECTOMY,สาขา:ประสาทและสมอง
BILATERAL CRANIOTOMY WITH RMOVE CLOT,Neuro_cranial
BILATERAL DJ STENT INSERTION,Vascular_interv
BILATERAL EVD,Neuro_cranial
BILATERAL EXTENDED SIMPLE MASTECTOMY,Breast
BILATERAL EXTENDED SIMPLE MASTECTOMY WITH IMPLANT REMOVAL,Breast
BILATERAL FESS UNDER GA,ENT
BILATERAL FESS WITH MICRODEBRIDER WITH NAVIGATOR,ENT
BILATERAL FLEX URSL,สาขา:ทางเดินปัสสาวะ
BILATERAL GOIN NODE DISSECTION,สาขา:ทางเดินปัสสาวะ
BILATERAL HERNIOPLASTY,สาขา:ลำไส้ใหญ่และทวารหนัก
BILATERAL HIGH LIGATION WITH VENOUS STRIPING WITH PHLEBECTOMY,สาขา:หลอดเลือด
BILATERAL HIGH LIGATION WITH VENOUS STRIPPING WITH MULTIPLE PHLEBECTOMY,สาขา:หลอดเลือด
"BILATERAL HL + VS, NO STAB",สาขา:ศัลยกรรมทั่วไป
BILATERAL HL C VENOUS STRIPPING C MULTIPLE PHLEBECTOMY,สาขา:หลอดเลือด
BILATERAL HL WITH VS WITH LT PHLEBECTOMY,สาขา:หลอดเลือด
BILATERAL HL WITH VS WITH MULTIPLE PHLEBECTOMY,สาขา:หลอดเลือด
BILATERAL LAP TAPP,สาขา:โรคหัวใจ
BILATERAL LAP. TAPP,สาขา:ศัลยกรรมทั่วไป
BILATERAL LOWER BLEPHAROPLASTY,Blepharoplasty
BILATERAL MAMMOREDUCTION,Breast
BILATERAL MASTECTOMY + BOTH SLNB,Breast
BILATERAL MASTECTOMY + TAD,Breast
BILATERAL MASTECTOMY C IMPLANT RECONSTRUCTION C SLNB,Breast
BILATERAL MASTECTOMY WITH RIGHT SLNB,Breast
BILATERAL MASTECTOMY WITH SLNB,Breast
BILATERAL MASTECTOMY WITH SLNB +/- IMMEDIATE IMPLANT RECONSTRUCTION,Breast
BILATERAL MINI CRANIOTOMY C CLOT REMOVAL,Neuro_cranial
BILATERAL MINICRANIOTOMY,Neuro_cranial
BILATERAL MRM + BILATERAL TISSUE EXPANDER,Breast
BILATERAL MRND,สาขา:ศัลยกรรมทั่วไป
BILATERAL MYRINGOTOMY + PE TUBE,ENT
BILATERAL MYRINGOTOMY WITH PE TUBE,ENT
BILATERAL NEEDLE LOCALIZE EXCISION,Skin_softtissue
BILATERAL NIPPLE SPARING MASTECTOMY WITH IMMEDIATE IMPLANT RECONSTRUCTION,Breast
BILATERAL NSM WITH IMPLANT RECONSTRUCTION,Breast
BILATERAL NSM WITH RIGHT SLNB,Breast
BILATERAL OME WITH PE TUBE,สาขา:หู คอ จมูก
BILATERAL OPEN HERNIOPLASTY,สาขา:ศัลยกรรมทั่วไป
BILATERAL ORCHIDECTOMY,Uro_other
BILATERAL ORCHIECTOMY,Uro_other
BILATERAL ORCHIECTYOMY,Uro_other
BILATERAL REPAIR OF INGUINAL HERNIA,GI_abdominal
BILATERAL RFA,สาขา:หลอดเลือด
BILATERAL RFA C STAB AVULSION,สาขา:ศัลยกรรมทั่วไป
BILATERAL RFA OF BOTH LEGS,สาขา:หลอดเลือด
BILATERAL RFA WITH MULTIPLE PHLEBECTOMY,สาขา:หลอดเลือด
BILATERAL RFA WITH MULTIPLE RT PHLEBECTOMY,สาขา:หลอดเลือด
BILATERAL RFA WITH PHLEBECTOMY,สาขา:หลอดเลือด
BILATERAL RFA WITH RT PHLEBECTOMY,สาขา:หลอดเลือด
BILATERAL RIRS,สาขา:ทางเดินปัสสาวะ
BILATERAL SIMPLE MASTECTOMY,Breast
BILATERAL SKIN REDUCING MASTECTOMY WITH IMPLANT RECONSTURCTION (DTI),Breast
BILATERAL SKIN SPARING MASTECTOMY WITH IMMEDIATE IMPLANT RECONSTUCTION,Breast
BILATERAL SKIN SPARING MASTECTOMY WITH IMPLANTATION (REDUCTION MASTECTOMY TECHNIQUE),Breast
"BILATERAL SSM, SLNB WITH IMPLANT RECONSTRCUTION",Breast
BILATERAL SSV LIGATION WITH DISTAL SCLEROTHERAPY,สาขา:หลอดเลือด
BILATERAL SUPERFICIAL PAROTIDECTOMY,สาขา:ศัลยกรรมทั่วไป
BILATERAL TEP,สาขา:ศัลยกรรมทั่วไป
BILATERAL TOTAL MASTECTOMY WITH BLATERAL IMPLANT,Breast
BILATERAL TOTAL MASTECTOMY WITH RT ALND,Breast
BILATERAL VENASEAL,สาขา:หลอดเลือด
BILATERAL VENASEAL WITH LT PHLEBECTOMY,สาขา:หลอดเลือด
BILATERAL VENASEAL WITH RT MULTIPLE PHLEBECTOMY,สาขา:หลอดเลือด
BILATERAL VENASEAL WITH RT PHLEBECTOMY,สาขา:หลอดเลือด
BILATERAL VENOUS STRIPPING WITH STAB AVULSION,สาขา:ศัลยกรรมทั่วไป
BILATERALL URS +/- DJ STENT,Cystoscopy_URO
BILAYERAL BURR HOLE WITH IRRIGATION,Neuro_cranial
BILE DUCT RESECTION WITH ROUX EN Y HEPATICOJEJUNOSTOMY + LN RESECTION,สาขา:ศัลยกรรมทั่วไป
BILT ORCHIDECTOMY,Uro_other
BIOPSY,Skin_softtissue
BIOPSY OF EXTERNAL EAR,ENT
"BIOPSY OF MOUTH, UNSPECIFIED STRUCTURE",Skin_softtissue
BIOPSY OF ORAL SOFT TISSUE,Skin_softtissue
BIOPSY OF SKIN AND SUBCUTANEOUS TISSUE,Skin_softtissue
BIOPSY OF SOFT TISSUE,Skin_softtissue
BITERAL FESS UNDER GA,ENT
BKA,สาขา:ตกแต่ง
BKA RT LEG,สาขา:หลอดเลือด
BLEPHALOPATHY,สาขา:ตกแต่ง
BLIATERAL CRANIOTOMY,Neuro_cranial
BONE GRAFT,Skin_softtissue
BONE RESECTION,สาขา:ตกแต่ง
BRAUN LOOP JEJUNOJUNOSTOMY,สาขา:ศัลยกรรมทั่วไป
BREAST AUGMENTATION,Breast
BREAST EXCISION,Breast
BREAST IMPLANT REMOVAL,Breast
BREAST REDUCTION,Breast
BRONCHOSCOPY THROUGH ARTIFICIAL STOMA,สาขา:หู คอ จมูก
BROW LIFT,สาขา:ตกแต่ง
BROW LIFTING,สาขา:ตกแต่ง
BSP + PARTIAL UVULECTOMY + RF BOT(ใช้ STEINER อุปกรณ์ SUSPENSION DEMO จาก STORZ มี จนท บริษัทเข้าด้วย),สาขา:หู คอ จมูก
BSP + RF NOSE (GA),ENT
BSP+RF NOSE (GA),ENT
BUCCAL GRAFT URETHROPLASTY,Skin_softtissue
BUR HOLE WITH IRRIGATION RT,สาขา:ประสาทและสมอง
BURR BONE LT LEG C VAC DRESSING,Skin_softtissue
BURR HOLE C IRRIGATION,Neuro_cranial
BURR HOLE RT,Neuro_cranial
BURR HOLE WITH IRRIGATION,Neuro_cranial
BX,สาขา:ตกแต่ง
"C ARM , PEDICLE SCREW",Spine
C1-2 FIXATION WITH LAMINECTOMY C3-6 WITH LATERAL MASS SCREW & ROD FIXATION,Spine
C1-2 LAMINECTOMY WITH SCREW FIXATION,Spine
C4-5 LAMINECTOMY WITH TUMOR REMOVAL,Spine
C5 CORPECTOMY WITH TUMOR REMOVAL WITH MESH GRAFT WITH PLATE AND SCREW FIXATION,Spine
CA CERVIX ADVANCE STAGE C AKI C GROOS HEMATURIA C OBSTRUCTIVE UROPATHY,สาขา:ทางเดินปัสสาวะ
CA TONGUE PPLAN TRACHEOSTOMY FOR PROTECT AIRWAY,Tracheostomy
CANALIZATION RT. EAR+FULL THICKNESS SKIN GRAFT,ENT
CAPD,สาขา:หลอดเลือด
CAPSULECTOMY BOTH BREASTS,Breast
CENTRAL QUANDRANTECTOMY,Breast
CENTRAL QUANDRANTECTOMY OF RIGHT BREAST,Breast
CERAB + ENDARTERCTOMY RT CFA,สาขา:หลอดเลือด
CERVICAL LN EXCISION UNDER LA,Skin_softtissue
CERVICAL LYMPH NODE BIOPSY,Thyroid_neck
CHAGE RIGHT DJ STENT WITH LEFT RP,Vascular_interv
CHANG LT. DJ STENT+ RT.AP,Vascular_interv
CHANGE ABDOMINAL VAC +- CLOSURE,สาขา:หลอดเลือด
CHANGE BILAT DJ STENE ใช้ FLU,สาขา:ทางเดินปัสสาวะ
CHANGE DJ STENT,Vascular_interv
CHANGE DLC TO TCC RT. IJV,Central_line
CHANGE DRESSING+ DEBRIDEMENT,Skin_softtissue
CHANGE LT. DJ STENT,Vascular_interv
CHANGE LT. DJ STENT (แบบปี),Vascular_interv
CHANGE LT. DJ STENTT,Vascular_interv
CHANGE PEG,สาขา:ลำไส้ใหญ่และทวารหนัก
CHANGE RT. DJ STENT,Vascular_interv
CHANGE RT. DJ STENT (แบบปี),Vascular_interv
CHANGE TRACHEOSTOMY TUBE,Tracheostomy
CHANGE VAC,สาขา:ศัลยกรรมทั่วไป
CHANGE VAC + ABDOMINAL TOILET WITH RETENTION SUTURE,Skin_softtissue
CHANGE VAC +- ABDOMINAL CLOSURE,สาขา:หลอดเลือด
CHANGE VAC +- RT BKA,สาขา:ศัลยกรรมทั่วไป
CHANGE VAC +/- CLOSURE + DW,สาขา:ศัลยกรรมทั่วไป
CHANGE VAC C SHOE LACE,สาขา:ศัลยกรรมทั่วไป
CHANGE VAC DRESSING,สาขา:ศัลยกรรมทั่วไป
CHANGE VAC DRESSING + TRACHEOSTOMY,Tracheostomy
CHANGE VAC DRESSING AT ABDOMEN,สาขา:ศัลยกรรมทั่วไป
CHANGE VAC DRESSING+ABDOMINAL TOILET+/-TRACHEOSTOMY,Tracheostomy
CHANGE VACCUMM DRESSING,สาขา:ศัลยกรรมทั่วไป
CHANGE VACCUUM DRESSING + ABDOMINAL TOILET,สาขา:ศัลยกรรมทั่วไป
CHANGE VACUMM DRESSING + SHOE LANCE CLOSURE RT.LEG,สาขา:ศัลยกรรมทั่วไป
CHANGE VACUUM,สาขา:ศัลยกรรมทั่วไป
CHANGE VACUUM D/S,สาขา:ศัลยกรรมทั่วไป
CHANGE VACUUM DESSING,สาขา:ศัลยกรรมทั่วไป
CHANGE VACUUM DRESSING,สาขา:ศัลยกรรมทั่วไป
CHANGE VACUUM DRESSING C ABDOMINAL TOILET,สาขา:ศัลยกรรมทั่วไป
CHANGE VACUUM DRESSING WITH ABD TOILET,สาขา:ศัลยกรรมทั่วไป
CHANGE VACUUM DRESSING WITH DEBRIDEMENT,Skin_softtissue
CHANGE VACUUM DRESSING+-RETENTION SUTURE,Skin_softtissue
CHEILOPLASTY,สาขา:ตกแต่ง
"CHEM,OPORT INSERTION",Central_line
CHEMMORPORT INSERTION,Central_line
CHEMO PORT,Central_line
CHEMO PORT INSERTION,Central_line
CHEMOPORT,Central_line
CHEMOPORT INSERTION,Central_line
CHEMOPORT INSERTION RT,Central_line
CHEMOPORT INSERTION UNDER LA,Central_line
CHEMOPORT REMOVAL,Central_line
CHEMOPORT UNDER LA,Central_line
CHEMOPRT INSERTION,สาขา:ลำไส้ใหญ่และทวารหนัก
CHEMORPORT INSERTION,Central_line
CHENOPORT INSERTION,Central_line
CHEVAR LT.RENAL,Vascular_interv
CHOLECYSTOGRAM,Cystoscopy_URO
CHOLECYSTOGRAM UNDER LA,Cystoscopy_URO
CHOMEPORT INSERTION,Central_line
CIRCUMCIOSION นอกเวลา,สาขา:ทางเดินปัสสาวะ
CIRCUMCISIN UNDER IV SEDATION,Uro_other
CIRCUMCISION,Uro_other
CIRCUMCISION (UNDER TIVA),Uro_other
CIRCUMCISION + EXCISION/ELECTROCAUTERIZATION,Uro_other
CIRCUMCISION + FRENULECTOMY,Uro_other
CIRCUMCISION + REMOVE DJ STENT,Uro_other
CIRCUMCISION UNDER LA,Uro_other
CIRCUMCISION UNDER TIVA,Uro_other
CIRCUMCISION WITH VASECTOMY,Uro_other
CIRCUMCISION WITH VASECTOMY UNDER TIVA,Uro_other
CIRCUMCISION+EC,Uro_other
"CIRCUMCISION, ORCHIOPEXY",Uro_other
CIRCUMCISOIN,Uro_other
CIRCUMCISOION UNDER IV SEDATION,Uro_other
CLOSE FISTULA,Vascular_access
CLOSE HARTMANN STUMP WITH REPAIRED HERNIA,GI_abdominal
CLOSE REDUCTION,สาขา:ตกแต่ง
CLOSE REDUCTION C K-WIRE FIXATION,Fracture_fixation
CLOSE REDUCTION NASAL BONE,สาขา:ตกแต่ง
CLOSED HEMORRHOIDECTOMY,Anorectal
CLOSED REDCTION WITH MMF,สาขา:ตกแต่ง
CLOSED REDESION,สาขา:ตกแต่ง
CLOSED REDUCTION,Fracture_fixation
CLOSED REDUCTION +IMF SCREW MANDIBLE LT,Fracture_fixation
CLOSED REDUCTION C K WIRE FIXATION,Fracture_fixation
CLOSED REDUCTION LEFT ZYGOMATIC ARCH,Fracture_fixation
CLOSED REDUCTION NASAL BONE,Fracture_fixation
CLOSED REDUCTION NASAL SEPTUM UNDER GA,Fracture_fixation
CLOSED REDUCTION NASL BONE,Fracture_fixation
CLOSED REDUCTION OF MANDIBLE WITH IMF FIXATION,Fracture_fixation
CLOSED REDUCTION OF NASAL BONE,Fracture_fixation
CLOSED REDUCTION RT. ZYGOMA ARCH(GILLE MANUVER),Fracture_fixation
CLOSED REDUCTION WITH K WIRE FIXATION,Fracture_fixation
CLOSED REDUCTION WITH K-WIRE FIXATION,Fracture_fixation
CLOSED REDUCTION WITH NASAL PACKING,Fracture_fixation
"CLOSED REDUCTION, K-WIRE",Fracture_fixation
CLOSED STUMP,สาขา:ตกแต่ง
CLOSED [ENDOSCOPIC] BIOPSY OF ESOPHAGUS,Skin_softtissue
CLOSED [ENDOSCOPIC] BIOPSY OF LARYNX,Skin_softtissue
CLOSED [ENDOSCOPIC] [NEEDLE] BIOPSY OF NASAL SINUS,ENT
CLOSED [NEEDLE] BIOPSY OF SALIVARY GLAND OR DUCT,ENT
CLOSED [NEEDLE] BIOPSY OF TONGUE,Skin_softtissue
CLOSED [PERCUTANEOUS] [NEEDLE] BIOPSY OF PROSTATE,Uro_other
CLOSURE ABDOMINAL WALL,สาขา:ศัลยกรรมทั่วไป
CLOSURE COLOSOTMY,สาขา:ลำไส้ใหญ่และทวารหนัก
CLOSURE COLOSTOMY,สาขา:ลำไส้ใหญ่และทวารหนัก
CLOSURE DISTAL COLOSTOMY WITH DISTAL IRRIGATION WITH EXCISION NODULE,Skin_softtissue
CLOSURE FISTULA,Vascular_access
CLOSURE FISTULA OF TRACHEA,Vascular_access
CLOSURE HARTMAN'S,สาขา:ลำไส้ใหญ่และทวารหนัก
CLOSURE HARTMANN,สาขา:ลำไส้ใหญ่และทวารหนัก
CLOSURE ILEOSTOMY,สาขา:ลำไส้ใหญ่และทวารหนัก
CLOSURE ILEOSTOMY WITH DILATE ANASTOMOSIS,สาขา:ลำไส้ใหญ่และทวารหนัก
CLOSURE ILIOSTOMY,สาขา:ลำไส้ใหญ่และทวารหนัก
CLOSURE ILLEOSTOMY,สาขา:ลำไส้ใหญ่และทวารหนัก
CLOSURE LOOP COLOSTOMY,สาขา:ลำไส้ใหญ่และทวารหนัก
CLOSURE LOOP ILEOSTOMY,สาขา:ศัลยกรรมทั่วไป
CLOSURE OF FISTULA OF LARYNX,Vascular_access
CLOSURE TRACHEOSTOMY (LA) + ADMIT POST-OP,Tracheostomy
CLOSURETEF,สาขา:หู คอ จมูก
CMT INSERTION,สาขา:หลอดเลือด
COIL EMBOLIZATION LT IIA+COVER STENT LT CIA,Vascular_interv
COLI EMBOLIZATION ILAIAC ARTERY,Vascular_interv
COLLECTION,สาขา:ตกแต่ง
COLONIC STENT,Vascular_interv
COLONO,สาขา:ลำไส้ใหญ่และทวารหนัก
COLONO WITH BX,สาขา:ลำไส้ใหญ่และทวารหนัก
COLONO ถึงแค่ LESION,Skin_softtissue
COLONOPSCOPE,สาขา:ศัลยกรรมทั่วไป
COLONOSCOPE,Endoscopy_GI
COLONOSCOPE +/- COLONIC STENT,Endoscopy_GI
COLONOSCOPE +/- LAP. WITH/WITHOUT COLONOPLASTY/COLOECTOMY,Endoscopy_GI
COLONOSCOPE C STENT,Endoscopy_GI
COLONOSCOPE SURVILLANCE,Endoscopy_GI
COLONOSCOPE WITH BIOPSY,Endoscopy_GI
COLONOSCOPE WITH CECAL MASS EXCISION,Endoscopy_GI
COLONOSCOPE+LIS+EXCISION,Endoscopy_GI
COLONOSCOPY,Endoscopy_GI
COLONOSCOPY (OPD CASE),Endoscopy_GI
COLONOSCOPY (OPTIME30MIN),Endoscopy_GI
COLONOSCOPY + BX,Endoscopy_GI
COLONOSCOPY + CLOSURE ILEOSTOMY,Endoscopy_GI
COLONOSCOPY + EGD,Endoscopy_GI
COLONOSCOPY + FLEXIBLE CYTOSCOPY,Endoscopy_GI
COLONOSCOPY + LIFT,Endoscopy_GI
COLONOSCOPY + POLYPECTOMY,Endoscopy_GI
COLONOSCOPY + TATTOOING,Endoscopy_GI
COLONOSCOPY +- OPEN AR,Endoscopy_GI
COLONOSCOPY +/- EL,Endoscopy_GI
COLONOSCOPY +/- HEMORRHOIDECTOMY,Endoscopy_GI
COLONOSCOPY C BIOPSY,Endoscopy_GI
COLONOSCOPY C BX,Endoscopy_GI
COLONOSCOPY C STENT INSERTION,Endoscopy_GI
COLONOSCOPY FOR TISSUE BIOPSY,Endoscopy_GI
COLONOSCOPY SURVEILLANCE,Endoscopy_GI
COLONOSCOPY WITH BIOPSY,Endoscopy_GI
COLONOSCOPY WITH BIOPSY +/- COLONIC STENTING,Endoscopy_GI
COLONOSCOPY WITH BX,Endoscopy_GI
COLONOSCOPY WITH COLONIC STENT,Endoscopy_GI
COLONOSCOPY WITH DILATE ANASTOMOSIS,Endoscopy_GI
COLONOSCOPY WITH HEMORRHOIDECTOMY,Endoscopy_GI
COLONOSCOPY WITH SUBTOTAL COLECTOMY WITH URETERIC STENT,Endoscopy_GI
COLONOSCOPY WITH TATTOO,Endoscopy_GI
COLONOSCOPY WITH TISSUE BIOPSY,Endoscopy_GI
COLONOSCOPY+EGD,Endoscopy_GI
COLONOSCOPY+LAP AR +/- ILEOSTOMY,Endoscopy_GI
"COLONOSCOPY, EGD + COLONOSCOPY",Endoscopy_GI
"COLONOSCOPY, OTHER ENDOSCOPY OF SMALL INTESTINE",Endoscopy_GI
"COLONOSCOPY, OTHER ENDOSCOPY OF SMALL INTESTINE,",Endoscopy_GI
COLONOSOCPY,สาขา:ลำไส้ใหญ่และทวารหนัก
COLOSTOMY REVISION,สาขา:ลำไส้ใหญ่และทวารหนัก
COMPLETE EXTENDED CHOLECYSTECTOMY,Hepatobiliary
COMPLETE LARYNGECTOMY,ENT
COMPLETE LARYNGECTOMY +/- PMM FLAP RT.,ENT
COMPLETE THYROIDECTOMY,Thyroid_neck
COMPLETE THYROIDECTOMY RT.,Thyroid_neck
COMPLETE TOTAL THYROIDECTOMY,Thyroid_neck
COMPLETION LEFT TOETVA,Thyroid_neck
COMPLETION LT THYROIDECTOMY,Thyroid_neck
COMPLETION LT TRANSAXILLAR THYROIDECTOMY,Thyroid_neck
COMPLETION RIGHT THYROIDECTOMY,Thyroid_neck
COMPLETION RIGHT THYROIDECTOMY WITH BILATERAL CENTRAL NECK DISSECTION,Thyroid_neck
COMPLETION RT THYROIDECTOMY,Thyroid_neck
COMPLETION RT TRANSAXILLARY THYROIDECTOMY,Thyroid_neck
COMPLETION TRANSAXILLA RT. THYROIDECTOMY,Thyroid_neck
COMPLETION TRANSAXILLARY LT THYROIDECTOMY,Thyroid_neck
CONVERT AVF LT. FOREARM,Vascular_access
CORE NEEDLE BIOPSY,Skin_softtissue
CORECTION UPPER EYELID,Blepharoplasty
CORPECTOMY C5 C REMOVE EPIDURAL MASS C ANTERIOR CERVICAL FIXATION C4-6,Spine
CORPECTOMY C5 WITH C4-C6 FUSION,Spine
CORPECTOMY C5-6 WITH TITANIUM MESH CAGE WITH ANTERIOR PLATE SCREW FIXATION,Spine
CORPECTOMY C7-T2 C ANTERIOR P&S FIXATION C STERNOTOMY,Spine
CORRCTION UPPER EYELID,Blepharoplasty
CORRECT GYNECOMASTIA,สาขา:ศัลยกรรมทั่วไป
CORRECT PTOSIS,Blepharoplasty
CORRECT PTOSIS LT EYE,Blepharoplasty
CORRECT U+L EYELID,Blepharoplasty
CORRECTION,Blepharoplasty
CORRECTION CAPSULECTOMY BOTH BREAST,Breast
CORRECTION DEFORNITY+K-WIRE FIXATION,Blepharoplasty
CORRECTION EYELID,Blepharoplasty
CORRECTION LOWER EYELID,Blepharoplasty
CORRECTION NOSE,ENT
CORRECTION OF EYELID,Blepharoplasty
CORRECTION OF EYEYLID,Blepharoplasty
CORRECTION OF UPPER + LOWER EYELID,Blepharoplasty
CORRECTION OF UPPER AND LOWER EYELID,Blepharoplasty
CORRECTION OF UPPER EYELID,Blepharoplasty
CORRECTION PTOSIS,Blepharoplasty
CORRECTION U+L,Blepharoplasty
CORRECTION U+L EYELID,Blepharoplasty
CORRECTION UPPER + LOWER EYELID,Blepharoplasty
CORRECTION UPPER AND LOWER EYELID,Blepharoplasty
CORRECTION UPPER AND LOWER EYELID +MINI FACE LIFT,Blepharoplasty
CORRECTION UPPER EYELID,Blepharoplasty
CORRECTION UPPER EYELID AND FORHEAD LIFTING,Blepharoplasty
CORRECTION UPPER LIP,สาขา:ตกแต่ง
CORRECTION UPPER OF EYELID,Blepharoplasty
CORRECTION UPPER+LOWER EYELID,Blepharoplasty
CORRECTURE EYELID,Blepharoplasty
CORRECTURE LOWER EYE,Blepharoplasty
CORRECTURE OF EYELID,Blepharoplasty
CORRECTURE UPPER EYELID,Blepharoplasty
CORRECTURE UPPER EYELID+BROW LIFT,Blepharoplasty
CORRECTURED UPPER EYELID,Blepharoplasty
COVER STENT,Vascular_interv
CR NASAL BONE,สาขา:ตกแต่ง
CR WITH K-WIRE FIXATION UNDER FLU RT. LITTLE FINGER,Fracture_fixation
CRANIECTOMY C TUMOR REMOVAL,สาขา:ประสาทและสมอง
CRANIECTOMY WITH TUMOR REMOVAL,สาขา:ประสาทและสมอง
CRANIOPLASTY,Neuro_cranial
CRANIOPLASTY C SHUNT,Neuro_cranial
CRANIOPLASTY C VP SHUNT,Neuro_cranial
CRANIOPLASTY UNDER GA,Neuro_cranial
CRANIOTOMY C CLIPPING ANEURYSM RT. PCOM,Neuro_cranial
CRANIOTOMY C CLOT REMOVAL,Neuro_cranial
CRANIOTOMY C TUMOR REMOVAL,Neuro_cranial
CRANIOTOMY C TUMORE REMOVA C CLIPPING RT MCA ANEURYSML,Neuro_cranial
CRANIOTOMY LT OCCIPITAL UNDER NAVIGATER,Neuro_cranial
CRANIOTOMY RT. C REMOVE BLOOD CLOTT,Neuro_cranial
CRANIOTOMY WITH CLIPPING ANEURYSM,Neuro_cranial
CRANIOTOMY WITH CLIPPING ANEUTYSM,Neuro_cranial
CRANIOTOMY WITH CYST FENESTRATIONWITH VP SHUNT,Neuro_cranial
CRANIOTOMY WITH GUIDED BIOPSY UNDER NAVIGATOR,Neuro_cranial
CRANIOTOMY WITH IRRIGATION,Neuro_cranial
CRANIOTOMY WITH OPTIC N. DECOMPRESSION,Neuro_cranial
CRANIOTOMY WITH REMOVE BLOOD CLOT,Neuro_cranial
CRANIOTOMY WITH REPAIRED DURA,Neuro_cranial
CRANIOTOMY WITH TUMOR REMOVAL,Neuro_cranial
CRANIOTOMY WITH TUMOR REMOVAL RT,Neuro_cranial
CROSS K WIRE FIXATION,สาขา:ตกแต่ง
CROSSOVER ANGIOPLASTY,Vascular_interv
CROSSOVER ANGIOPLASTY LT LEG,Vascular_interv
CROSSOVER ANGIOPLASTY OF LT LEG,Vascular_interv
CROSSOVER ANGIOPLASTY OF RT LEG,Vascular_interv
CROSSOVER ANGIOPLASTY OF RT LEG +/- RETROGRADE,Vascular_interv
CROSSOVER ANGIOPLASTY RT LEG,Vascular_interv
CROSSOVER BALLOON ANGIOPLASTY,Vascular_interv
CROSSOVER BALLOON ANGIOPLASTY LT.LEG,Vascular_interv
CRYOABLASION LT BREAST,Breast
CRYOABLASION OF BREAST,Breast
CYSTO,Cystoscopy_URO
CYSTO + DILTATE,Cystoscopy_URO
CYSTO + LT.URS-L + URETERIC DILATION +- FLEXIBLE URS + URETHRAL DIVERTICULAECTOMY ( TRANSVAGINAL),Cystoscopy_URO
CYSTO +- TUR- BT,Cystoscopy_URO
CYSTO +- TUR- BT UNDER IV SEDATION,Cystoscopy_URO
CYSTO +- TUR-BT,Cystoscopy_URO
CYSTO +- TUR-BT UNDER IV SEDATION,Cystoscopy_URO
CYSTO +- TUR-BT UNDER TIVA,Cystoscopy_URO
CYSTO +- TUR-P WITH BT,Cystoscopy_URO
CYSTO CHANGE FOLEY ใช้ GUIDEWIRE,Cystoscopy_URO
CYSTO DILATE S CURGVE,Cystoscopy_URO
CYSTO OFF DJ,Cystoscopy_URO
CYSTO SURVEILLANCE,Cystoscopy_URO
CYSTO SURVILLANCE,Cystoscopy_URO
CYSTO WITH BILAT DJ STENT WITH BILAT RP UNDER FLU,Cystoscopy_URO
CYSTO นอกเวลา,Cystoscopy_URO
CYSTO ใส่ FOLEY,Cystoscopy_URO
CYSTO+DILATE S CURVE,Cystoscopy_URO
CYSTO+OFF JJ STENT,Cystoscopy_URO
CYSTO+TRUS BX,Cystoscopy_URO
CYSTOCCOPE,Cystoscopy_URO
CYSTOCOPE,Cystoscopy_URO
CYSTOCOPY + REMOVE CLOT,Cystoscopy_URO
CYSTOGRAM,Cystoscopy_URO
CYSTOGRAM UNDER LA,Cystoscopy_URO
CYSTOGRAPHY WITH DJ STENT REMOVAL,Cystoscopy_URO
CYSTOLITHOLAPAXY +/- LASER LITHOTRIPXY,Cystoscopy_URO
CYSTOLITHOLAPEXY,Cystoscopy_URO
CYSTOLITHOTOMY,Cystoscopy_URO
CYSTOLITHOTRIPSY,Cystoscopy_URO
CYSTOLITHOTRIPSY WITH RT URSL,Cystoscopy_URO
CYSTOLITHOTRIPSY/TUL,Cystoscopy_URO
CYSTOLITROTRIPSY,Cystoscopy_URO
CYSTOOSCOPE,Cystoscopy_URO
CYSTOSCOPE,Cystoscopy_URO
CYSTOSCOPE (SURVEILLANCE),Cystoscopy_URO
CYSTOSCOPE + BLADDER IRRIGATION,Cystoscopy_URO
CYSTOSCOPE + CLOT REMOVAL,Cystoscopy_URO
CYSTOSCOPE + DILATE URETHRA,Cystoscopy_URO
CYSTOSCOPE + IRRIGATE CLOT,Cystoscopy_URO
CYSTOSCOPE + RP +- DJ STENT,Cystoscopy_URO
CYSTOSCOPE + TRY RETAIN FOLEY +/- CYSTOSTOMY,Cystoscopy_URO
CYSTOSCOPE + วัด RU CYSTOSCOPE,Cystoscopy_URO
CYSTOSCOPE +- BIOSY,Cystoscopy_URO
CYSTOSCOPE +- CYSTOSTOMY,Cystoscopy_URO
CYSTOSCOPE +- FULGURATION,Cystoscopy_URO
CYSTOSCOPE +- TUF,Cystoscopy_URO
CYSTOSCOPE +/- BIOPSY,Cystoscopy_URO
CYSTOSCOPE +/- DILATE URETHRA,Cystoscopy_URO
CYSTOSCOPE +/- TUR-BT,Cystoscopy_URO
CYSTOSCOPE C CLOT REMOVAL,Cystoscopy_URO
CYSTOSCOPE C DJ STENT,Cystoscopy_URO
CYSTOSCOPE C IRRIGATE BLADDER C TRUS BX,Cystoscopy_URO
CYSTOSCOPE C IRRIGATION,Cystoscopy_URO
CYSTOSCOPE C IRRIGATION UNDER GAIV,Cystoscopy_URO
CYSTOSCOPE C RETAIN FOLEY CATH,Cystoscopy_URO
CYSTOSCOPE C TUF,Cystoscopy_URO
CYSTOSCOPE CHANG DJ STENT,Cystoscopy_URO
CYSTOSCOPE DILATE URETHRA,Cystoscopy_URO
CYSTOSCOPE OFF DJ STENT,Cystoscopy_URO
CYSTOSCOPE SITH DILATE URETHRA,Cystoscopy_URO
CYSTOSCOPE UNDER LA,Cystoscopy_URO
CYSTOSCOPE WITH BIOPSY,Cystoscopy_URO
CYSTOSCOPE WITH CLOT REMOVAL,Cystoscopy_URO
CYSTOSCOPE WITH DILATE URETHRA,Cystoscopy_URO
CYSTOSCOPE WITH DILATE URETHRAL,Cystoscopy_URO
CYSTOSCOPE WITH DJ STENT INSERTION,Cystoscopy_URO
CYSTOSCOPE WITH DOUBLE J STENT +- OPEN REPAIR URETER WITH FLUOROSCOPIC,Cystoscopy_URO
CYSTOSCOPE WITH EXCISIONAL BIOPSY PENILE MASS,Cystoscopy_URO
CYSTOSCOPE WITH IRRIGATION UNDER SEDATION,Cystoscopy_URO
CYSTOSCOPE WITH OFF DJ STENT,Cystoscopy_URO
CYSTOSCOPE WITH REMOVE DJ STENT,Cystoscopy_URO
CYSTOSCOPE WITH RETAIN FOLEY,Cystoscopy_URO
CYSTOSCOPE WITH RETAIN FOLEY CATH,Cystoscopy_URO
CYSTOSCOPE WITH RT DJ STENT INSERTION,Cystoscopy_URO
CYSTOSCOPE+ TRUS-BX,Cystoscopy_URO
CYSTOSCOPE+/- TUR-BT,Cystoscopy_URO
CYSTOSCOPE+TRUS C BX,Cystoscopy_URO
CYSTOSCOPE+TRUS-BX +/- TUR-BT,Cystoscopy_URO
CYSTOSCOPTY,Cystoscopy_URO
CYSTOSCOPY,Cystoscopy_URO
CYSTOSCOPY + BILAT RP+ DJ STENT,Cystoscopy_URO
CYSTOSCOPY + CHANGE BILATERAL DJ STENT,Cystoscopy_URO
CYSTOSCOPY + CHANGE DJ STENT,Cystoscopy_URO
CYSTOSCOPY + CYSTOLITHOTOMY,Cystoscopy_URO
CYSTOSCOPY + DILATE URETHRA,Cystoscopy_URO
CYSTOSCOPY + FLEXIBLE URETEROSCOPY + CHANGE RT. DJ STENT,Cystoscopy_URO
CYSTOSCOPY + IRRIGATE BLADDER,Cystoscopy_URO
CYSTOSCOPY + LT. URS +/- BIOPSY,Cystoscopy_URO
CYSTOSCOPY + OFF DJ STENT,Cystoscopy_URO
CYSTOSCOPY + REMOVE DJ STENT,Cystoscopy_URO
CYSTOSCOPY + RT. RP +/- DJ STENT,Cystoscopy_URO
CYSTOSCOPY + TRUS C BX,Cystoscopy_URO
CYSTOSCOPY + URETEROSCOPY RT. +/- TUR-BT,Cystoscopy_URO
CYSTOSCOPY +- HYDRODISTENSION,Cystoscopy_URO
CYSTOSCOPY +- OPEN CYSTOSTOMY,Cystoscopy_URO
CYSTOSCOPY +- TUF,Cystoscopy_URO
CYSTOSCOPY +- TUF UNDER TIVA,Cystoscopy_URO
CYSTOSCOPY +- TUR-BT,Cystoscopy_URO
CYSTOSCOPY +- TUR-BT UNDER IV SEDATION,Cystoscopy_URO
CYSTOSCOPY +- TURBT,Cystoscopy_URO
CYSTOSCOPY +- TURBT UNDER GA,Cystoscopy_URO
CYSTOSCOPY +- TURF,Cystoscopy_URO
CYSTOSCOPY +/ OFF RT. DJ STENT,Cystoscopy_URO
CYSTOSCOPY +/- DILATE URETHRA,Cystoscopy_URO
CYSTOSCOPY +/- IRRIGATE BLADDER,Cystoscopy_URO
CYSTOSCOPY +/- TAMPON TEST,Cystoscopy_URO
CYSTOSCOPY +/- URETHRAL DILATION,Cystoscopy_URO
CYSTOSCOPY C +- CYSTOLITOTRIPSY,Cystoscopy_URO
CYSTOSCOPY C DJ STENT REMOVAL,Cystoscopy_URO
CYSTOSCOPY C FOLEY INSERTION,Cystoscopy_URO
CYSTOSCOPY C IRRIGATE BLADDER,Cystoscopy_URO
CYSTOSCOPY C IRRIGATE BLADDER UNDER TIVA,Cystoscopy_URO
CYSTOSCOPY C RETAIN DJ STENT,Cystoscopy_URO
CYSTOSCOPY C RP,Cystoscopy_URO
CYSTOSCOPY C RP +- DJ STENT,Cystoscopy_URO
CYSTOSCOPY IRRIGATE +- TUF/TURBT,Cystoscopy_URO
CYSTOSCOPY IRRIGATE BLADDER +- TUF,Cystoscopy_URO
CYSTOSCOPY LITHOLAPXY,Cystoscopy_URO
CYSTOSCOPY REMOVE DJ,Cystoscopy_URO
CYSTOSCOPY REMOVE DJ STENT,Cystoscopy_URO
CYSTOSCOPY RETAINED FOLEY CATH,Cystoscopy_URO
CYSTOSCOPY THROUGH ARTIFICIAL STOMA,Cystoscopy_URO
CYSTOSCOPY UNDER + REZUM IV SEDATION,Cystoscopy_URO
CYSTOSCOPY UNDER IV SEDATION --> +- TUR-BT,Cystoscopy_URO
CYSTOSCOPY UNDER LA,Cystoscopy_URO
CYSTOSCOPY UNDER LOCAL,Cystoscopy_URO
CYSTOSCOPY WITH BX UNDER LA,Cystoscopy_URO
CYSTOSCOPY WITH CHANGE BILATERAL DJ STENT,Cystoscopy_URO
CYSTOSCOPY WITH CHANGE DJ STENT,Cystoscopy_URO
CYSTOSCOPY WITH FOLEY INSERTION,Cystoscopy_URO
CYSTOSCOPY WITH HALFMOON SHEATH,Cystoscopy_URO
CYSTOSCOPY WITH IRRIGATE BLOOD CLOT,Cystoscopy_URO
CYSTOSCOPY WITH LEFT DJ STENT PLACEMENT,Cystoscopy_URO
CYSTOSCOPY WITH LT. RP,Cystoscopy_URO
CYSTOSCOPY WITH OFF DJ STENT,Cystoscopy_URO
CYSTOSCOPY WITH OFF RT DJ STENT,Cystoscopy_URO
CYSTOSCOPY WITH REMOVE DJ STENT,Cystoscopy_URO
CYSTOSCOPY WITH RETAIN FOLEY CATH +- BLADDER IRRIGATION,Cystoscopy_URO
CYSTOSCOPY WITH RETAIN FOLEY CATH UNDER TIVA,Cystoscopy_URO
CYSTOSCOPY WITH RT DJ INSERTION,Cystoscopy_URO
CYSTOSCOPY WITH S- CURVE DILATION,Cystoscopy_URO
CYSTOSCOPY ขอเคสแรกครับ,Cystoscopy_URO
CYSTOSCOPY+ TUF,Cystoscopy_URO
CYSTOSCOPY+BILATERAL RP,Cystoscopy_URO
CYSTOSCOPY+CYSTOGRAPHY,Cystoscopy_URO
CYSTOSCOPY+OFF/CHANGE LEFT JJ STENT,Cystoscopy_URO
CYSTOSCOPY+REMOVE DJ STENT,Cystoscopy_URO
CYSTOSCOPY+REMOVE JJ STENT,Cystoscopy_URO
CYSTOSCOY +/- OPEN CYSTOSTOMY,Cystoscopy_URO
CYSTOSOCPE,Cystoscopy_URO
CYSTOSOFPE,Cystoscopy_URO
CYSTOSOPE,Cystoscopy_URO
CYSTOVCOPE,Cystoscopy_URO
CYTOSCOPY,สาขา:ทางเดินปัสสาวะ
D/L C BIOIPSY,ENT
D/L C BIOPSY C ESOPHAGOSCOPY,Skin_softtissue
D/L C BIOPSY C TRACHEOSTOMY,Tracheostomy
D/L C BX. ใส่MLT,สาขา:หู คอ จมูก
D/L C MICRO CO2 LASER,ENT
D/L C MICRO EXCISION,Skin_softtissue
D/L C SUSPENSION C TELESCOPY C CO2 LASER LYSIS ADHESION C KA INJECTION,ENT
D/L C TELE C BIOPSY,Skin_softtissue
D/L WITH EXCISION,Skin_softtissue
DB,สาขา:ศัลยกรรมทั่วไป
DB (+/- VERSAJET) UNDER GA,สาขา:ตกแต่ง
DB + CYSTOSCOPE +/- CYSTOSTOMY,Cystoscopy_URO
DB + STSG,สาขา:ตกแต่ง
DB + SUTURE WOUND RT HAND UNDER LA,Skin_softtissue
DB + VAC DRESSING,สาขา:ศัลยกรรมทั่วไป
DB + VAC DRESSING LT LEG,สาขา:ตกแต่ง
DB + WET D/S,สาขา:ศัลยกรรมทั่วไป
DB +- VAC DRESSING,สาขา:ตกแต่ง
DB +/- BK,สาขา:ศัลยกรรมทั่วไป
DB +/- NIP BONE,สาขา:หลอดเลือด
DB AND DRAINAGE,สาขา:ตกแต่ง
DB AND SUTURE WOUND,Skin_softtissue
DB AT LT FOOT,สาขา:ศัลยกรรมทั่วไป
DB AT RT FOOT,สาขา:ศัลยกรรมทั่วไป
DB C D/S WOUND,Skin_softtissue
DB C IRRIGATION C5-6 C PLATE REMOVAL,สาขา:ประสาทและสมอง
DB C STSG,สาขา:ตกแต่ง
DB C STSG LT FOOT +/- LT HAND (HARVEST LT THIGH),สาขา:ตกแต่ง
DB C STSG LT LEG (HARVEST RT THIGH) UNDER GAET,สาขา:ตกแต่ง
DB C SUTURE WOUND,Skin_softtissue
DB C VAC,สาขา:ศัลยกรรมทั่วไป
DB C VERSAJET C STSG RT ARM UNDER GA,สาขา:ตกแต่ง
DB LEFT HEEL+ DB AND RESUTURE WOUND AT LT.GROIN,Skin_softtissue
DB LT LEG,สาขา:ศัลยกรรมทั่วไป
DB REDUCTION + KWIRE FIXATION +- TENDON REPAIR,Fracture_fixation
DB UNDER LA,สาขา:ตกแต่ง
DB UNDER TIVA,สาขา:ศัลยกรรมทั่วไป
DB WITH STSG,สาขา:ตกแต่ง
DB WITH VACCUMUM DRESSING,สาขา:ศัลยกรรมทั่วไป
DB+ CHANGE DRESSING,สาขา:ศัลยกรรมทั่วไป
DB+ STSG,สาขา:ตกแต่ง
DB+DRESSING,สาขา:ลำไส้ใหญ่และทวารหนัก
DB+REPAIR TENDON,สาขา:ตกแต่ง
DB+STSG,สาขา:ตกแต่ง
DB+STSG LT FOOT,สาขา:ตกแต่ง
DDKT,สาขา:หลอดเลือด
DEBIDEMENT+SUTURE,Skin_softtissue
DEBRDIEMENT,สาขา:ศัลยกรรมทั่วไป
DEBRIDE RT GROIN,Skin_softtissue
DEBRIDE WITH CYSTOSCOPY WITH RETROGRADE URETHROGRAM,Cystoscopy_URO
DEBRIDEMENT,Skin_softtissue
DEBRIDEMENT & ABDOMINAL CLOSURE,Skin_softtissue
DEBRIDEMENT + AMPUTATION RT. 2ND TOE,Skin_softtissue
DEBRIDEMENT + CHANGE VACCUM DRESSING,Skin_softtissue
DEBRIDEMENT + DRESSING WOUND,Skin_softtissue
DEBRIDEMENT + I&D + BIOPSY,Skin_softtissue
DEBRIDEMENT + INTEGRA PLACEMENT,Skin_softtissue
DEBRIDEMENT + IRRIGATE,Skin_softtissue
DEBRIDEMENT + PARTIAL CALCANECTOMY LT FOOT,Skin_softtissue
DEBRIDEMENT + RE EXCISION + LOCAL FLAP +- STSG,Skin_softtissue
DEBRIDEMENT + RE-EXTENSION SUTURE,Skin_softtissue
DEBRIDEMENT + STSG AT RT. FOOT,Skin_softtissue
DEBRIDEMENT + STSG LT.LEG,Skin_softtissue
DEBRIDEMENT + VAC DRESSING,Skin_softtissue
DEBRIDEMENT + VACUUM DRESSING,Skin_softtissue
DEBRIDEMENT +- AMPUTATION RT 1ST TOE,Skin_softtissue
DEBRIDEMENT +- FASCIOTOMY,Skin_softtissue
DEBRIDEMENT AND AMPUTATION,Skin_softtissue
DEBRIDEMENT AND CURETTAGE,Skin_softtissue
DEBRIDEMENT AND RESUTURE AT NECK UNDER GA,Skin_softtissue
DEBRIDEMENT AND SUTURE,Skin_softtissue
DEBRIDEMENT AT RT HIP,Skin_softtissue
DEBRIDEMENT BEDSORE AT COCCYX UNDER GA,Skin_softtissue
DEBRIDEMENT C BX,Skin_softtissue
DEBRIDEMENT C FLAP AT RT BOTTOCK,Skin_softtissue
DEBRIDEMENT C REVISE STUMP,Skin_softtissue
DEBRIDEMENT C STSG AT LEFT ARM AND NECK,Skin_softtissue
DEBRIDEMENT C STSG RT LEG AND FOOT,Skin_softtissue
DEBRIDEMENT C VAC DRESSING RT LEG,Skin_softtissue
DEBRIDEMENT C VACUUM DRESSING,Skin_softtissue
DEBRIDEMENT LEFT FOOT +/- VAC DRESSING,Skin_softtissue
DEBRIDEMENT LT FOOT,Skin_softtissue
DEBRIDEMENT LT LEG,Skin_softtissue
DEBRIDEMENT LT. FOOT,Skin_softtissue
DEBRIDEMENT LT.LEG WITH CHANGE VACUUM,Skin_softtissue
DEBRIDEMENT OF LT.FOOT STUMP,Skin_softtissue
DEBRIDEMENT OF PERINEAL WOUND,Skin_softtissue
DEBRIDEMENT ON RT.FACE,Skin_softtissue
DEBRIDEMENT RIGHT FOOT,Skin_softtissue
DEBRIDEMENT RIGHT HAND +- FLAP COVERAGE +- STSG,Skin_softtissue
DEBRIDEMENT RT FOOT,Skin_softtissue
DEBRIDEMENT RT LEG,Skin_softtissue
DEBRIDEMENT RT.LEG (ANKLE),Skin_softtissue
DEBRIDEMENT WITH BIOPSY AT WOUND BASE,Skin_softtissue
"DEBRIDEMENT WITH BONE NIPPING RT FOOT , INCISIONAL BIOPSY AT HEAD",Skin_softtissue
DEBRIDEMENT WITH FLAP,Skin_softtissue
DEBRIDEMENT WITH PTSG FROM LT.GROIN WITH K+WIRE FIXATION,Skin_softtissue
DEBRIDEMENT WITH REVISE STUMP LT FOOT,Skin_softtissue
DEBRIDEMENT WITH STSG,Skin_softtissue
DEBRIDEMENT WITH SUTURE WOUND,Skin_softtissue
DEBRIDEMENT WOUND,Skin_softtissue
DEBRIDEMENT+ BIOPSY,Skin_softtissue
DEBRIDEMENT+ BIOPSY AT RT.CLAVICLE,Skin_softtissue
DEBRIDEMENT+ BONE NIPPING,Skin_softtissue
DEBRIDEMENT+ REVISING STERNOTOMY WOUND,Skin_softtissue
DEBRIDEMENT+ SCRUB AT LT. HAND,Skin_softtissue
DEBRIDEMENT+/- SKIN GRAFT,Skin_softtissue
DEBRIDEMENT+BONE NIPPING,Skin_softtissue
DEBRIDEMENT+RETENSION SUTURE,Skin_softtissue
"DEBRIDEMENT+STSG RT. LEG+FOOT, DONOR RT. THIGH",Skin_softtissue
DEBRIDEMENT+STSG RT.FOOT,Skin_softtissue
DEBRIDGEMENT C RESUTURE,Skin_softtissue
DEBRIDMENT,สาขา:ตกแต่ง
DEBRIDMENT WITH CYSTOS+- SUPRAPUBICCYSTOSTOMY UNDER GA,Cystoscopy_URO
DEBRRIDEMENT,สาขา:ศัลยกรรมทั่วไป
DEBULGING FLAP,Skin_softtissue
DECOMPRESS L5 ROOT,สาขา:ประสาทและสมอง
DECOMPRESSION LAMINECTOMY T SPINE WITH EXCISIONAL BIOPSY,Spine
DECOMPRESSIVE LAMINECTOMY L4-5,Spine
DECORTICATION,สาขา:ทรวงอก
DELAYED IMPLANT RECONSTRUCTION PF LEFT BREAST,Breast
DIAGNOSTIC PROCEDURES ON ESOPHAGUS,สาขา:หู คอ จมูก
DILATE COLOSTOMY,สาขา:ลำไส้ใหญ่และทวารหนัก
DILATE TIE MAN,สาขา:ทางเดินปัสสาวะ
DILATE TIEMAN,สาขา:ทางเดินปัสสาวะ
DILATE URETHRA,สาขา:ทางเดินปัสสาวะ
DILATE URETHRA + TUR-BT,Cystoscopy_URO
DILATE URETHRA +/- FLEXIBLE CYSTOSCOPY,Cystoscopy_URO
DILATE URETHRA BY VAN BUREN,สาขา:ทางเดินปัสสาวะ
DILATE URETHRA TIE MAN,สาขา:ทางเดินปัสสาวะ
DILATE URETHRA WITH FLEXIBLE CYSTOSCOPE,Cystoscopy_URO
DILATE URETHRAL,Uro_other
DILATE WITH RIGID CYSTO,Cystoscopy_URO
DILATE WITH RIGID CYSTOSCOPY,Cystoscopy_URO
DILATE WITH TIE MAN,สาขา:ทางเดินปัสสาวะ
DIRECT BROW LIFT,สาขา:ตกแต่ง
DISCECTOMY C LAMINECTOMY L2-3-4-5 + PDS,Spine
DISCECTOMY C PDS L4-5-S1,Spine
DISE (แจ้งทางวิสัญญีใช้เครื่องBIS + เบิก BIS ELECTRODE) + BSP + RF BOT (GA),สาขา:หู คอ จมูก
DISE + BSP + RF NOSE (GA) + แจ้งดมยาใช้เครื่อง MONITOR BIS,ENT
DISE + T+ BSP + RF NOSE +/- RF BOT (DEPENDS ON DISE),ENT
DISE +BSP +/- UVULECTOMY WITH RF NOSE,ENT
DISE +TONSILLECTOMY + BSP + UVULECTOMY + RF NOSE (GA),ENT
DISECTOMY + MIS SCREW L4-5,สาขา:ประสาทและสมอง
DISECTOMY L-45 + PDS (TURKEY),สาขา:ประสาทและสมอง
DISECTOMY L5-S1,สาขา:ประสาทและสมอง
DISSECTOMY L3-4 + PDS L3-4-5,สาขา:ประสาทและสมอง
DISSECTOMY L5-S1 + PDS L3-4-5-S1,สาขา:ประสาทและสมอง
DISTAL PANCREATECTOMY,Hepatobiliary
DIVERT LOOP PROXIMAL TRANSVERSE COLOSTOMY,สาขา:ลำไส้ใหญ่และทวารหนัก
DIVERTED LOOP COLOSTOMY WITH DISTAL IRRIGATION,สาขา:ลำไส้ใหญ่และทวารหนัก
DIVERTING LOOP COLOSTOMY,สาขา:ศัลยกรรมทั่วไป
DJ REMOVAL,สาขา:ทางเดินปัสสาวะ
DJ STEMT REMOVAL,สาขา:ทางเดินปัสสาวะ
DJ STENT,Vascular_interv
DJ STENT EXCHANGING,Vascular_interv
DJ STENT EXCHANGING --> เปลี่ยนเป็น OFF DJ อย่างเดียว,Vascular_interv
DJ STENT EXCHANGING NO 4.7 --> เปลี่ยนเป็น OFF,Vascular_interv
DJ STENT EXCHANGING UNDER IV SEDATION,Vascular_interv
DJ STENT EXCHANGING YEARLY,Vascular_interv
DJ STENT EXCHANGING สายปี,Vascular_interv
DJ STENT EXVHANGING,Vascular_interv
DJ STENT INSERTION,Vascular_interv
DJ STENT REMOVAL,Vascular_interv
DJ STENT REMOVAL UNDER IV SEDATION,Vascular_interv
DJ STENT REMOVEL,Vascular_interv
DJ STENT SYNDROME,Vascular_interv
DL + BIOPSY,Skin_softtissue
DL + BX (GA),สาขา:หู คอ จมูก
DL + EXCISION (GA),Skin_softtissue
DL + STOP BLEEDING,สาขา:หู คอ จมูก
DL C BIOPSY,Skin_softtissue
DL C BX,สาขา:หู คอ จมูก
DL C ESOPHAGOSCOPY C BX,ENT
DL C MICRO EXCISION,Skin_softtissue
DL C TELE C BIOPSY +/- TRACHEOSTOMY,Tracheostomy
DL C TELE C BIOPSY C TRACHEOSTOMY,Tracheostomy
DL TO TCC RT IJV,Central_line
DL WITH BIOPSY,Skin_softtissue
DL+BIOPSY,Skin_softtissue
DL+BIOPSY+-RT TONSILLECTOMY,ENT
DL+BX+CHANGE TUBE,สาขา:หู คอ จมูก
DL+EXCISION,Skin_softtissue
DL-BX,สาขา:หู คอ จมูก
DL-TELE BX,สาขา:หู คอ จมูก
DLC --> TCC AT RT. IJV,Central_line
DLC --> TCC AT RT.IJV,Central_line
DLC --> TCC RT.IJV,Central_line
DLC AT FV,สาขา:หลอดเลือด
DLC AT LT IJV,Central_line
DLC AT RT IJV,Central_line
DLC AT RT.IJV,Central_line
DLC AT RT.IJV + LIGATE AVF LT.WRIST,Vascular_access
DLC C TK INSERTION,สาขา:หลอดเลือด
DLC INSERTION AT RT CFV,สาขา:หลอดเลือด
DLC LT IJV,Central_line
DLC LT IJV C OFF TK UNDER LA,Central_line
DLC RT IJV,Central_line
DLC TO IJV,Central_line
DLC TO TCC,สาขา:หลอดเลือด
DLC TO TCC AT LT. CFV,สาขา:หลอดเลือด
DLC TO TCC AT RT IJV,Central_line
DLC TO TCC AT RT. IJV,Central_line
DLC TO TCC AT RT.IJV,Central_line
DLC TO TCC LEFT IJV,Central_line
DLC TO TCC LT IJV,Central_line
DLC TO TCC LT IJV +/- VENOGRAM,Central_line
DLC TO TCC LT IJV OR NEW TCC RT IJV,Central_line
DLC TO TCC LT. IJV OR NEW TCC RT.IJV,Central_line
DLC TO TCC LT.IJV,Central_line
DLC TO TCC RT FV,สาขา:ศัลยกรรมทั่วไป
DLC TO TCC RT IJV,Central_line
DLC TO TCC RT IJV + AVF LT WRIST,Vascular_access
DLC TO TCC RT. IJV,Central_line
DLC TO TCC RT. IJV UNDER LA,Central_line
DLC TO TCC RT.CFV,สาขา:หลอดเลือด
DLC TO TCC RT.IJV,Central_line
DLC TO TCC RT.IJV + OFF TK CATHETER,Central_line
DOUBLE BYPASS,สาขา:ตับ/ตับอ่อน/ทางเดินน้ำดี
DOUBLE DJ STENT,Vascular_interv
DOUBLE SET UP COLONOSCOPY WITH LAP SIGMOIDECTOMY,Endoscopy_GI
DOWNHILL ANGIOPLASTY,Vascular_interv
DOWNHILL ANGIOPLASTY LEFT LEG,Vascular_interv
DOWNHILL ANGIOPLASTY LT LEG,Vascular_interv
DOWNHILL ANGIOPLASTY OF LT LEG,Vascular_interv
DOWNHILL ANGIOPLASTY OF RT LEG,Vascular_interv
DOWNHILL ANGIOPLASTY WITH PTA,Vascular_interv
DOWNHILL BALLOON ANGIOPLASTY,Vascular_interv
DOWNHILL BALLOON ANGIOPLASTY LT. LEG,Vascular_interv
DOWNHILL BALLOON ANGIOPLASTY RT LEG,Vascular_interv
DOWNHILL BALLOON ANGIOPLASTY RT. LEG,Vascular_interv
DOWNHILL WITH RETROGRADE ANGIOPLASTY LT LEG,Vascular_interv
DRAINAGE LEFT BREAST,Breast
DRESSING STSG AND CHANGE VAC DRESSING,สาขา:ตกแต่ง
DRESSING WD DONOR SITE[RT LEG] AND CHANGE VAC DRESSING [LT LEG],สาขา:ตกแต่ง
DRESSING WOUND + RE-SUTURE,Skin_softtissue
DRESSING WOUND + WOUND IRRIGATION,Skin_softtissue
DRESSING WOUND +/- DEBRIDEMENT,Skin_softtissue
DRESSING WOUND AND DEBRIDEMENT,Skin_softtissue
DRESSING WOUND C DB,Skin_softtissue
DRESSING WOUND C DEBRIDEMENT,Skin_softtissue
"DRESSING WOUND RT LEG, LT FOOT",Skin_softtissue
DRESSING WOUND RT.LEG,Skin_softtissue
DRESSING WOUND WITH SHOELACE PROCEDURE,Skin_softtissue
DRESSING WOUND WITH SUTURE,Skin_softtissue
DS C RETENSION SUTURE,Skin_softtissue
DS C RETENTION SUTURE,Skin_softtissue
E&C,สาขา:ลำไส้ใหญ่และทวารหนัก
E+C,สาขา:ลำไส้ใหญ่และทวารหนัก
E.C.,สาขา:ตกแต่ง
EARLY LC,Hepatobiliary
EC,สาขา:ตกแต่ง
EC + BX,สาขา:ลำไส้ใหญ่และทวารหนัก
EC + EXCISION,Skin_softtissue
EC +/- EXCISION RESIDUAL TUMOR,Skin_softtissue
"EC, EXCISION",Skin_softtissue
"EC, EXCISION AT NOSE",ENT
ED COLONOSCOPY + BX,Endoscopy_GI
EGD,Endoscopy_GI
EGD & COLONO,Endoscopy_GI
EGD & COLONOSCOPE,Endoscopy_GI
EGD & COLONOSCOPY,Endoscopy_GI
EGD (OPD CASE),Endoscopy_GI
EGD (OPTIME 15 MIN),Endoscopy_GI
EGD * SUSPECTED CA ESOPHAGUS,Endoscopy_GI
EGD + CLO TEST,Endoscopy_GI
EGD + COLNOSCOPY,Endoscopy_GI
EGD + COLONO,Endoscopy_GI
EGD + COLONOSCCPY,Endoscopy_GI
EGD + COLONOSCOOPY,Endoscopy_GI
EGD + COLONOSCOOY,Endoscopy_GI
EGD + COLONOSCOPE,Endoscopy_GI
EGD + COLONOSCOPE (OPTIME45MIN),Endoscopy_GI
EGD + COLONOSCOPE + EXCISIONAL RECTAL POLYP,Endoscopy_GI
EGD + COLONOSCOPE+ EXCISIONAL BIOPSY RT GROIN MASS,Endoscopy_GI
EGD + COLONOSCOPY,Endoscopy_GI
EGD + COLONOSCOPY (IPD CASE),Endoscopy_GI
EGD + COLONOSCOPY (OPTIME 30 MIN),Endoscopy_GI
EGD + COLONOSCOPY (SURVEILLANCE),Endoscopy_GI
EGD + COLONOSCOPY + ANAL STRICTUROPLASTY,Endoscopy_GI
EGD + COLONOSCOPY + REMORE PORT A,Endoscopy_GI
EGD + COLONOSCOPY + REMOVE CHEMOPO,Endoscopy_GI
EGD + COLONOSCOPY + RFA HEMORRHOIDPLASTY,Endoscopy_GI
EGD + COLONOSCOPY + TRANSANAL EXCISION,Endoscopy_GI
EGD + COLONOSCOPY THEN RFA HEMORRHOIDOPLASTY,Endoscopy_GI
"EGD + COLONOSCOPY, OTHER ENDOSCOPY OF SMALL INTESTINE",Endoscopy_GI
EGD + COLONOSCPY,Endoscopy_GI
EGD + COLONOSOCPY,Endoscopy_GI
EGD + COLONSCOPY,Endoscopy_GI
EGD + COLONSOCOPY,Endoscopy_GI
EGD + COLONSOCOPY THEN ROGHT HERNIOPLASTY,Endoscopy_GI
EGD + COLOSNOSCOPY,Endoscopy_GI
EGD + NG INSERTION,Endoscopy_GI
EGD + NJ TUBE INSERTION,Endoscopy_GI
EGD + REMOVE,Endoscopy_GI
EGD +- DILATATION (OPTIME30MIN),Endoscopy_GI
EGD +/- BX,Endoscopy_GI
EGD +CHANGE GASTROSTOMY,Endoscopy_GI
EGD +COLONOSCOPY,Endoscopy_GI
EGD +COLONOSOCPY,Endoscopy_GI
EGD -- > LC,Endoscopy_GI
EGD --> LC,Endoscopy_GI
EGD AND COLONOSCOPY,Endoscopy_GI
EGD BX +/- IV SEDATE,Endoscopy_GI
EGD C BIOPSY,Endoscopy_GI
EGD C COLONOSCOPE,Endoscopy_GI
EGD C COLONOSCOPY,Endoscopy_GI
EGD C REMOVE FB,Endoscopy_GI
EGD COLONO,Endoscopy_GI
EGD COLONOSCOPE,Endoscopy_GI
EGD COLONOSCOPEY,Endoscopy_GI
EGD COLONOSCOPY,Endoscopy_GI
EGD COLONOSCOPY + HERNIA REPAIR,Endoscopy_GI
EGD COLONOSCOPY +HEMORRHOIDECTOMY,Endoscopy_GI
EGD OPD CASE (OPTIIME15MIN),Endoscopy_GI
EGD SCOPE,Endoscopy_GI
EGD SURVIELLANCE COLONOSCOPE,Endoscopy_GI
EGD UNDER LA WITH MAC,Endoscopy_GI
EGD WITH COLONOSCOPE,Endoscopy_GI
EGD WITH COLONOSCOPY,Endoscopy_GI
EGD WITH DILATION OF ESOPHAGUS,Endoscopy_GI
EGD WITH IRRIGATION,Endoscopy_GI
EGD WITH NG INSERTION+- DOUBLE SET UP OPEN FEEDING JEJUNOSTOMY,Endoscopy_GI
EGD WITH REMOVE STENT,Endoscopy_GI
EGD WITH STRICTUROPLASTY,Endoscopy_GI
EGD&COLONOSCOPY,Endoscopy_GI
EGD+ COLONOSCOPE,Endoscopy_GI
EGD+ COLONOSCOPE + EXAM UNDER ANESTHESIA,Endoscopy_GI
EGD+ COLONOSCOPY,Endoscopy_GI
EGD+ OPENED WEDGE STOMACH + WEDGE DIAPHRAGM + REMOVED PERITRONEAL NODULE,Endoscopy_GI
EGD+BX,Endoscopy_GI
EGD+COLONO,Endoscopy_GI
EGD+COLONO + LIS + EXCISION SKIN TAG,Endoscopy_GI
EGD+COLONO+LIS,Endoscopy_GI
EGD+COLONOCOPY,Endoscopy_GI
EGD+COLONOSCOOPY,Endoscopy_GI
EGD+COLONOSCOPE,Endoscopy_GI
EGD+COLONOSCOPY,Endoscopy_GI
EGD+COLONOSCOPY (OPTIME 45 MIN),Endoscopy_GI
EGD+COLONOSCOPY (OPTIME 45MIN),Endoscopy_GI
EGD+COLONOSCOPY (OPTIME1 HR),Endoscopy_GI
EGD+COLONOSCOPY (OPTIME45MIN),Endoscopy_GI
EGD+COLONOSCOPY (SURVEILLANCE),Endoscopy_GI
EGD+COLONOSCOPY + LASER HEMORRHOIDOPLASTY,Endoscopy_GI
EGD+COLONOSCOPY + LIS,Endoscopy_GI
EGD+COLONOSCOPY + TATTOOING POST EMR + EMR,Endoscopy_GI
EGD+COLONOSCOPY WITH HEMORRHOIDECTOMY,Endoscopy_GI
EGD+COLONOSCOPY+HEMORRHOIDECTOMY,Endoscopy_GI
EGD+COLONOSCPY,Endoscopy_GI
EGD+COLONOSOCPY,Endoscopy_GI
EGD+COLONSCOPE,Endoscopy_GI
EGD+COLOSCOPY,Endoscopy_GI
EGD+LT MRM,Endoscopy_GI
EGD+RANDOM BIOPSY,Endoscopy_GI
EGD+STENT,Endoscopy_GI
"EGD, COLONOSCOPY",Endoscopy_GI
EL,GI_abdominal
EL + CLOSURE ILEOSTOMY,สาขา:ลำไส้ใหญ่และทวารหนัก
EL + DRAINAGE + T TUBE INSERTION,สาขา:ตับ/ตับอ่อน/ทางเดินน้ำดี
EL + EN BLOC RESECTION,สาขา:ศัลยกรรมทั่วไป
EL + EXCISION FISTULA TRACT + LN BIOPSY,Vascular_access
EL + LEFT HEPATECTOMY + GASTRECTOMY WITH RECONSTRUCTION,Hepatobiliary
EL + RESECTION,สาขา:ศัลยกรรมทั่วไป
EL + RESECTION MASS AT LT. PSOASMUSCLE + CYSTOSCOPE FOR URETERIC STENT,Cystoscopy_URO
EL +/- COLOSTOMY,สาขา:ศัลยกรรมทั่วไป
EL C CHANGE VAC DRESSING,สาขา:ศัลยกรรมทั่วไป
EL C EN-BLOC RESECTION,สาขา:ศัลยกรรมทั่วไป
EL C INCISIONAL BX LN AT RT ILIAC A,สาขา:ศัลยกรรมทั่วไป
EL C REPAIR LEST URETER,Cystoscopy_URO
EL WEDGE S6,สาขา:ศัลยกรรมทั่วไป
EL WITH AR WITH WEDGE BLADDER,สาขา:ศัลยกรรมทั่วไป
EL WITH CHANGE VACCUUM DRESSING,สาขา:ศัลยกรรมทั่วไป
EL WITH CLOSURE HARTMANN WITH REPAIR HERNIA +/-TRANSVERSE COLOSTOMY 17/5/2567,GI_abdominal
EL WITH SECOND LOOK OPERATION,สาขา:ศัลยกรรมทั่วไป
EL WITH TUMOR REMOVAL,สาขา:ศัลยกรรมทั่วไป
EL+SMALL BOWEL RESECTION+ REVISE OSTOMY,GI_abdominal
ELECTROCAUTERIZATION,สาขา:ลำไส้ใหญ่และทวารหนัก
ELECTRODISSICATION AND CURETTAGE,สาขา:ศัลยกรรมทั่วไป
ELETROCAUTERY URETHRAL THEN CYSTOSCOPE,Cystoscopy_URO
ELEVATE DEPRESS SKULL FRACTURE C ORIF P&S FIXATION,สาขา:ประสาทและสมอง
EN BLOC RESECTION,สาขา:ลำไส้ใหญ่และทวารหนัก
EN-BLOC RESECTION,สาขา:ตับ/ตับอ่อน/ทางเดินน้ำดี
ENBLOC RESECTION GASTRIC GIST + FEEDING JEJUNOSTOMY,สาขา:ศัลยกรรมทั่วไป
ENBLOC TUMOR RESECTION,สาขา:ศัลยกรรมทั่วไป
"ENDOSCOPE , SPINE CLASSIC , C ARM , DRILL 3 MM",Spine
ENDOSCOPE NAVIGATE GLUE DURAเทียม,สาขา:ประสาทและสมอง
ENDOSCOPIC ADENOIDECTOMY,ENT
"ENDOSCOPIC ADENOIDECTOMY WITH COBLATOR, RF IT",ENT
ENDOSCOPIC BILAT DCR,สาขา:หู คอ จมูก
"ENDOSCOPIC BILATERAL MSTECOMY, SLNB WITH IMPLANT RECONSTRUCTION",Breast
ENDOSCOPIC BX RT NASAL,สาขา:หู คอ จมูก
ENDOSCOPIC DCR,สาขา:หู คอ จมูก
ENDOSCOPIC DECOMPRESSION T11,สาขา:ประสาทและสมอง
ENDOSCOPIC DISCECTOMY L5-S1,Spine
ENDOSCOPIC ENDONASAL APPROACH C TUMOR REMOVAL+ BIFRONTAL CRANIOTOMY C TUMOR REMOVAL C OPTIC DECOMPRESSION C ANT.BASE OF SKULL RECONSTRUCTION,Neuro_cranial
ENDOSCOPIC ENDONASAL TRANSSPHENOID APPROACH WITH TUMOR REMOVAL,สาขา:ประสาทและสมอง
ENDOSCOPIC EXCISION LA,Skin_softtissue
ENDOSCOPIC FAT PLUG MYRINGOPLASTY,ENT
ENDOSCOPIC INFERIOR TURBINOPLASTY,ENT
ENDOSCOPIC LEFT MASTECTOMY(NSM) WITH SLNB WITH IMPLANT RECONSTRUCTION + RT.BREAST MASS EXCISION (R1),Breast
"ENDOSCOPIC LEFT MASTECTOMY, SLNB WITH IMPLANT RECONSTRUCTION",Breast
ENDOSCOPIC LT NASAL BIOPSY+FROZEN SECTION,Skin_softtissue
ENDOSCOPIC LT T-PLASTY (LA),สาขา:หู คอ จมูก
ENDOSCOPIC LT TUMOR REMOVAL,สาขา:หู คอ จมูก
ENDOSCOPIC MEDIAL MAXILLECTOMY,สาขา:หู คอ จมูก
ENDOSCOPIC MEDIAL WALL /FLOOR ORBITAL DECOMPRESSION WITH NAVIGATOR,สาขา:หู คอ จมูก
ENDOSCOPIC MEDIAL WALL/ FLOOR ORBITAL DECOMPRESSION,สาขา:หู คอ จมูก
ENDOSCOPIC POLYPECTOMY,สาขา:หู คอ จมูก
ENDOSCOPIC POLYPECTOMY OF LARGE INTESTINE,สาขา:ลำไส้ใหญ่และทวารหนัก
ENDOSCOPIC POLYPECTOMY WITH MICRODEBRIDER,Skin_softtissue
ENDOSCOPIC REVISION NASOLACRIMAL DUCT PASSAGE,สาขา:หู คอ จมูก
ENDOSCOPIC RIGHT MASTECTOMY WITH IMPLANT RECONSTRUCTION,Breast
ENDOSCOPIC RT SPA LIGATION,สาขา:หู คอ จมูก
ENDOSCOPIC SEPTOPLASTY,ENT
ENDOSCOPIC SEPTOPLASTY + RF IT,ENT
ENDOSCOPIC SEPTOPLASTY AND INFERIOR TURBINOPLASTY,ENT
ENDOSCOPIC SEPTOPLASTY WITH BILAT FESS WITH MICRODEBRIDER,ENT
ENDOSCOPIC SEPTOPLASTY WITH INFERIOR TURBINAPLASTY,ENT
ENDOSCOPIC SEPTOPLASTY WITH INFERIOR TURBINOPLASTY,ENT
ENDOSCOPIC SEPTOPLASTY WITH INFERIOR TURBINOPLASTY WITH MICRODEBRIDER,ENT
ENDOSCOPIC SEPTOPLASTY WITH INFERIOR TURBINOPLASY,ENT
ENDOSCOPIC SEPTOPLASTY WITH INFERIOR TURBINOPLSTY,ENT
ENDOSCOPIC SEPTOPLASTY WITH RF IT,ENT
ENDOSCOPIC SEPTOPLASTY WITH TURBINOPLASTY,ENT
ENDOSCOPIC SEPTOPLASY WITH POWER TURBINOPLASTY,ENT
ENDOSCOPIC SEPTOTURBINOPLASTY,ENT
ENDOSCOPIC SEPTOTURBINOPLASTY + ADENOIDECTOMY,ENT
ENDOSCOPIC SEPTOTURBINOPLASTY+ NP MASS REMOVAL,ENT
ENDOSCOPIC SPA LIGATION,สาขา:หู คอ จมูก
ENDOSCOPIC SURGERY WITH TUMOR REMOVAL,สาขา:ประสาทและสมอง
ENDOSCOPIC T-PLASTY LT (LA),สาขา:หู คอ จมูก
ENDOSCOPIC TRANSPHENOID,สาขา:ประสาทและสมอง
ENDOSCOPIC TRANSPHENOID C REMOVE TUMOR,สาขา:ประสาทและสมอง
ENDOSCOPIC TUMOR DECOMPRESSION+ NAVIGATOR,สาขา:หู คอ จมูก
ENDOSCOPIC TUMOR REMOVAL,สาขา:หู คอ จมูก
ENDOSCOPIC TUMOR REMOVAL C COBATOR C BIOPSY,Skin_softtissue
ENDOSCOPIC TUMOR REMOVAL NAVIGATOE MICRODEBRIDER COBLATOR,Skin_softtissue
ENDOSCOPIC TUMOR REMOVAL WITH COBLATOR,สาขา:หู คอ จมูก
"ENDOSCOPIC TUMOR REMOVAL WITH MICRODEBRIDER, COBLATOR",Skin_softtissue
ENDOSCOPIC TUMOR REMOVAL WITH NAVIGATOR,สาขา:หู คอ จมูก
ENDOSCOPIC TUMOR REMOVAL+ NAVIGATOR,สาขา:หู คอ จมูก
ENDOSCOPIC TUMOR REMOVAL+-SEPTOPLASTY,ENT
ENDOSCOPIC TUMOR REMOVEAL + NAVIGATOR,สาขา:หู คอ จมูก
ENDOSCOPIC TURBINOPLASTY,ENT
ENDOSCOPIC TYMPANOPLASTY,ENT
ENDOSCOPIC WIDE EXCISION OF LEFT BREAST + SLNB,Breast
ENDOTRACHEAL TUBE INTUBATION +/- TRACHEOSTOMY,Tracheostomy
ERCP,Endoscopy_GI
ERCP + LC,Endoscopy_GI
ERCP + REMOVE PLASTIC STENT + LC,Endoscopy_GI
ERCP + STENT,Endoscopy_GI
ERCP +REMOVE PS,Endoscopy_GI
ERCP C LC,Endoscopy_GI
"ERCP C SPHINCTEROTOMY C BALLOON STONE EXTRACTION C +/- BD, PD STENT",Endoscopy_GI
ERCP REMOVE STENT + LC,Endoscopy_GI
ERCP WITH REMOVE STENT WITH EST + LC,Endoscopy_GI
ERCP WITH STENT +/- SPHINCTEROTOMY,Endoscopy_GI
ERPC,สาขา:ศัลยกรรมทั่วไป
ESCHARECTOMY WITH STSG,สาขา:ตกแต่ง
ESOPHAGOSCOPY WITH REMOVE FB,สาขา:หู คอ จมูก
ESS,สาขา:หู คอ จมูก
ESS (GA),สาขา:หู คอ จมูก
ESS C MICRODEBRIDER,Skin_softtissue
EUA,สาขา:ลำไส้ใหญ่และทวารหนัก
EUA WITH EC,สาขา:ลำไส้ใหญ่และทวารหนัก
EUA+INTERSPHINCTERIC DRAINANGE,สาขา:ศัลยกรรมทั่วไป
EVALUATE STSG + DRESSING WOUND,Skin_softtissue
EVAR,Vascular_interv
EVAR + RT.IIA EMBOLIZATION,Vascular_interv
EVAR + TEVAR,Vascular_interv
"EVAR +,- HELIFIX",Vascular_interv
EVAR USING BIFURCATED GRAFT,Vascular_interv
EVAR WITH RIGHT IIA EMBOLIZATION,Vascular_interv
EVAR+IBD,Vascular_interv
EVD,Neuro_cranial
EXCHANGE LEFT URETEROTOMY TUBE,Cystoscopy_URO
EXCHANGE LT DJ STENT,Vascular_interv
"EXCHANGE TCC RT IJV , CENTROS",Central_line
EXCHANGE TISSUE EXPANDER,สาขา:ศัลยกรรมทั่วไป
EXCISION,Skin_softtissue
EXCISION & SUTURE,Skin_softtissue
EXCISION (GA),Skin_softtissue
EXCISION (L8),Skin_softtissue
EXCISION (LA),Skin_softtissue
EXCISION (OPTIME1HR),Skin_softtissue
EXCISION *4 POINT,Skin_softtissue
EXCISION + CHANGE SHILEY TUBE,Skin_softtissue
EXCISION + CIRCUMCISION,Uro_other
EXCISION + FISTULOTOMY,Vascular_access
EXCISION + LIS,Anorectal
EXCISION + STSG,Skin_softtissue
EXCISION +- POSTAURICULAR SKIN GRAFT,Skin_softtissue
EXCISION +/- SCROTAL FLAP,Uro_other
EXCISION +/- STSG,Skin_softtissue
EXCISION / I&D,Skin_softtissue
EXCISION ABDOMINALL WALL,Skin_softtissue
EXCISION AND CAUTRIZATION,Skin_softtissue
EXCISION AND EC,Skin_softtissue
EXCISION AND RELEASE SCAR,Skin_softtissue
EXCISION AT LIP,Skin_softtissue
EXCISION AT NECK,Skin_softtissue
EXCISION AT R1,Skin_softtissue
EXCISION AT R3,Skin_softtissue
EXCISION AT RIGHT ARM(OPTIME 1.5HR),Skin_softtissue
EXCISION AT UPPER LIP,Skin_softtissue
EXCISION BILATERAL BREAST MASS,Breast
EXCISION BIOPSY,Skin_softtissue
EXCISION BOTH AXILLAS,Skin_softtissue
EXCISION BOTH SIDE,Skin_softtissue
EXCISION BREAST MASS,Breast
EXCISION BREAST MASS +/- VABB UNDER LA,Breast
"EXCISION BREAST MASS : (R8,R9) , (L2,L3,L7,L8)",Breast
"EXCISION BREAST MASS AT R9 , L8",Breast
EXCISION BREAST MASS LT,Breast
EXCISION BREAST MASS RT,Breast
EXCISION BX.,Skin_softtissue
EXCISION C RECONSTRUCTION,Skin_softtissue
EXCISION CYST,Skin_softtissue
EXCISION CYST AT BILATERAL BUTTOCK,Skin_softtissue
EXCISION CYST C LYSIS ADHESION,Skin_softtissue
EXCISION DUCT LT BREAST,Breast
EXCISION EC,Skin_softtissue
EXCISION EIDIDYMAL MASS +/- EPIDIDYMECTOMY RT,Skin_softtissue
EXCISION FISTULA TRACT+- SMALL BOWEL REPAIR,Vascular_access
EXCISION L8,Skin_softtissue
EXCISION LEFT BREAST MASS,Breast
EXCISION LESION,Skin_softtissue
EXCISION LESION L12,Skin_softtissue
EXCISION LESION L2,Skin_softtissue
"EXCISION LESION R1, L5, R12 + NLE LT. BREAST",Breast
EXCISION LIPOMA,Skin_softtissue
EXCISION LIPOMA AT BACK,Skin_softtissue
EXCISION LIPOMA WITH UNTETHERING SPINAL CORD,Skin_softtissue
EXCISION LT BREAST,Breast
EXCISION LT BREAST MASS,Breast
EXCISION LT BREAST MASS WITH INTRAOP US,Breast
EXCISION LT BREAST MASS [LUQ],Breast
EXCISION LT MASS WITH INTRAOPUS,Skin_softtissue
EXCISION LT. BREAST,Breast
EXCISION LT. BREAST MASS,Breast
EXCISION LT. BREAST MASS(L4),Breast
EXCISION LT. SHOULDER,Skin_softtissue
EXCISION LT.BREAST MASS,Breast
EXCISION MASS,Skin_softtissue
EXCISION MASS AT BACK AND LT FOREARM,Skin_softtissue
EXCISION MASS AT LEFT FOREARM UNDER BRACHIAL BLOCK/ GA,Skin_softtissue
EXCISION MASS AT LT THIGH AND RT EAR,ENT
EXCISION MASS AT LT. PART OF NECK,Skin_softtissue
EXCISION MASS AT NECK,Skin_softtissue
EXCISION MASS AT PENIA C CIRCUMCISION,Uro_other
EXCISION MASS AT PINNA,Skin_softtissue
EXCISION MASS AT POTERIOR NECK,Skin_softtissue
"EXCISION MASS AT R12,L4,L9,+-R9",Skin_softtissue
EXCISION MASS AT RT. NECK,Skin_softtissue
EXCISION MASS AT RT. SIDE OF BACK,Skin_softtissue
"EXCISION MASS BILAT ( R9,R10,L2,L9,L10)",Skin_softtissue
EXCISION MASS L8-9,Skin_softtissue
EXCISION MASS LOWER LIP,Skin_softtissue
EXCISION MASS LT. HAND UNDER MICROSCOPE,Skin_softtissue
EXCISION MUCOCELE,Skin_softtissue
EXCISION NECK MASS,Skin_softtissue
EXCISION OF AXILLARY LYMPH NODE,Skin_softtissue
EXCISION OF BREAST MASS,Breast
EXCISION OF DEEP CERVICAL LYMPH NODE,Thyroid_neck
EXCISION OF DEEP CERVICAL LYMPH NODE LT.,Thyroid_neck
EXCISION OF HEMORRHOIDS,Anorectal
EXCISION OF HEMORRHOIDS (LIGASURE) POST-OP ADMIT,Anorectal
EXCISION OF HYDROCELE (OF TUNICA VAGINALIS),Uro_other
EXCISION OF LEFT BREAST,Breast
EXCISION OF LEFT BREAST MASS,Breast
EXCISION OF LESION OF MAXILLARY SINUS WITH OTHER APPROACH,ENT
EXCISION OF LESION OF OTHER SOFT TISSUE,Skin_softtissue
"EXCISION OF LESION OF OTHER SOFT TISSUE,",Skin_softtissue
EXCISION OF LESION OF SALIVARY GLAND,ENT
EXCISION OF LESION OR TISSUE OF OTHER BONE,Skin_softtissue
EXCISION OF NIPPLE BOTH BREAST,Breast
EXCISION OF OTHER PARTS OF MOUTH,Skin_softtissue
EXCISION OF PREAURICULAR SINUS,ENT
EXCISION OF RIGHT AXILLARY BREAST,Breast
EXCISION OF RIGHT BREAST MASS,Breast
EXCISION OF RIGHT BREAST MASS (BILATERAL MAMMOREDUCTION),Breast
EXCISION OF RIGHT BREAST MASS WITH INTRAOP FROZEN SECTION THEN MASTECTOMY WITH SLNB,Breast
EXCISION OF SALIVALY GLAND,Skin_softtissue
"EXCISION OR DESTRUCTION OF BREAST TISSUE, NOT OTHERWISE SPECIFIED",Breast
EXCISION OR DESTRUCTION OF LESION OF EXTERNAL EAR,ENT
EXCISION OR DESTRUCTION OF LESION OR TISSUE OF TONGUE,Skin_softtissue
EXCISION PARAFFINAOM นอกเวลา,Skin_softtissue
EXCISION PARAFFINOMA,Skin_softtissue
EXCISION PARAFIN,Skin_softtissue
EXCISION PARAFINAMOA,Skin_softtissue
EXCISION PENILE MASS,Uro_other
EXCISION PTH AT LT FOREARM,Skin_softtissue
EXCISION R1,Skin_softtissue
EXCISION R6-7,Skin_softtissue
EXCISION RECTAL POLYP + RECTAL EXAMINATION,Skin_softtissue
EXCISION RIGHT BREAST MASS,Breast
EXCISION RIGHT SCROTAL MASS,Uro_other
EXCISION RT BREAST MASS,Breast
EXCISION RT BREAST MASS UNDER WIRE LOCALIZATION,Breast
EXCISION RT BREATS MASS,Skin_softtissue
EXCISION RT MASS,Skin_softtissue
EXCISION RT PARATESTICULAR CYST,Skin_softtissue
EXCISION RT. BREAST MASS,Breast
EXCISION RT. BREAST MASS R11,Breast
EXCISION RT.BREAST MASS R10,Breast
EXCISION SKIN UNDER GA,Skin_softtissue
EXCISION SKULL LESION,Skin_softtissue
EXCISION TONGUE MASS,Skin_softtissue
EXCISION UNDER BB,Skin_softtissue
EXCISION UNDER GA,Skin_softtissue
EXCISION UNDER LA,Skin_softtissue
EXCISION UNDER MICROSCOPE,Skin_softtissue
EXCISION UNDER WIRE LOCALIZATION,Skin_softtissue
EXCISION UNDERT GA,Skin_softtissue
EXCISION URACHUS,Skin_softtissue
EXCISION WITH BOWEL REPAIR,GI_abdominal
EXCISION WITH NEEDLE LOCALIZATION LT BREAST,Breast
EXCISION WITH SECONDARY HEALING +/- STRICTUROPLASTY,GI_abdominal
EXCISION WOUND RIGHT THIGH,Skin_softtissue
"EXCISION, DEBRIDEMENT",Skin_softtissue
"EXCISION, EC",Skin_softtissue
"EXCISION, EXPLORED WOUND",Skin_softtissue
EXCISIONAL +- INCISIONAL BIOPSY AT RT SHOULDER,Skin_softtissue
EXCISIONAL BIOPSY,Skin_softtissue
EXCISIONAL BIOPSY (LA),Skin_softtissue
EXCISIONAL BIOPSY CHRONIC WOUND LT LEG,Skin_softtissue
EXCISIONAL BIOPSY LN UNDER SB/TIVA,Skin_softtissue
EXCISIONAL BIOPSY LT. SUPRACLAVICULAR LN UNDER LA,Skin_softtissue
EXCISIONAL BIOPSY UNDER GA,Skin_softtissue
EXCISIONAL BIOPSY UNDER SA,Skin_softtissue
EXCISIONAL BIOPSY X 2 SITE,Skin_softtissue
EXCISIONAL BX,Skin_softtissue
EXCISIONAL BX LT THYROID BED & RT CERVICAL NODE GR.2,Thyroid_neck
EXCISIONAL BX MASS AT BACK,Skin_softtissue
EXCISIONAL BX.,Skin_softtissue
EXCISIONAL DB,Skin_softtissue
EXCISIONAL DB +/- LT. ORCHIDECTOMY,Uro_other
EXCISIONAL DB +/- SUTURE,Skin_softtissue
EXCISIONAL DB LT FOOT,Skin_softtissue
EXCISIONAL DB+DRESSING WOUND,Skin_softtissue
EXCISIONAL DEBRIDEMENT,Skin_softtissue
EXCISIONAL DEBRIDEMENT + WOUND SUTURE,Skin_softtissue
EXCISIONAL DEBRIDEMENT LT HAND,Skin_softtissue
EXCISIONAL DEBRIDEMENT LT HEEL,Skin_softtissue
"EXCISIONAL DEBRIDEMENT OF WOUND, INFECTION, OR BURN",Skin_softtissue
EXCISIONAL OF CARUNCLE UNDER IV SEDATION,Skin_softtissue
EXCISOIN,สาขา:ทางเดินปัสสาวะ
EXCISON LT BREAST MASS,Breast
EXCISON MASS AT LT. TONSIL,ENT
EXCISONAL BIOPSY,Skin_softtissue
EXCISSION,สาขา:ตกแต่ง
EXCISSION AT LT PREAURICULAR,สาขา:ตกแต่ง
EXCISSION MASS AT LT 4TH RIB,Skin_softtissue
EXCISSIONAL DEBRIDEMENT,Skin_softtissue
EXICISION AT RIGHT EYEBLOW,สาขา:ตกแต่ง
EXISION MASS AT POST AURICULAR UNDER LA,Skin_softtissue
EXPLOR LAP WITH GASTROJEJUNOSTOMY,สาขา:ศัลยกรรมทั่วไป
EXPLOR LAP WITH ROUX-EN-Y HEPATICOJEJUNOSTOMY,สาขา:ศัลยกรรมทั่วไป
EXPLOR LAP+SPLENECTOMY,สาขา:ศัลยกรรมทั่วไป
EXPLOR WOUND WITH REPAIR TENDON,Skin_softtissue
EXPLOR. SCROTUM WITH EXCISION,Uro_other
EXPLORATION WITH MASS REMOVAL,Skin_softtissue
EXPLORE LAP,สาขา:ศัลยกรรมทั่วไป
EXPLORE LAP WITH SMALL BOWEL RESECTION,GI_abdominal
EXPLORE LAPAROTOMY,GI_abdominal
EXPLORE LAPROTOMY WITH ADHESIOLYSIS,สาขา:ศัลยกรรมทั่วไป
EXPLORE RIGHT GROIN WITH LIGATE FISTULA,Vascular_access
EXPLORE WOUND,Skin_softtissue
EXPLORE WOUND (ICD) WITH VATS CLOT REMOVAL,Skin_softtissue
EXPLORE WOUND + EGD,Endoscopy_GI
EXPLORE WOUND +- REVISE STUMP,Skin_softtissue
EXPLORE WOUND AND REMOVE FOREIGN BODY,Skin_softtissue
EXPLORE WOUND LEFT BK STUMP,Skin_softtissue
EXPLORE WOUND RIGHT GROIN,Skin_softtissue
EXPLORE WOUND WITH OPEN DRAINAGE,Skin_softtissue
EXPLORE WOUND WITH RESUTURE,Skin_softtissue
EXPLORED WOUND WITH DEBRIDEMENT AT RT FRONTAL UNDER TIVA***,Skin_softtissue
EXPLORELAP REPAIR BLADDER,สาขา:ทางเดินปัสสาวะ
EXPORELAP FOR SIGMOIDECTOMY WITH HARTMANN'S,Endoscopy_GI
EXTEND SCREW TO L1,สาขา:ประสาทและสมอง
EXTENDED RT HEMICOLECTOMY,GI_abdominal
EXTENDED WHIPPLE OPERATION+ INTRA OP FROZEN SECTION+ IOUS,Hepatobiliary
EX[LOR WOUND +- ANGIOGRAM,Vascular_interv
EYEBROWPLASTY,สาขา:ตกแต่ง
FACE LIFTING,สาขา:ตกแต่ง
FACELIFTING,สาขา:ตกแต่ง
FACIAL NERVE DECOMPRESSION,สาขา:หู คอ จมูก
FACIAL NERVE DECOMPRESSION +- REPAIR,สาขา:หู คอ จมูก
FACIAL NERVE EXPORATION RT.,สาขา:ตกแต่ง
FASCIOTOMY,สาขา:ศัลยกรรมทั่วไป
FCYSTOSCOPY,Cystoscopy_URO
FCYSTOSCOPY เตรียม GUIDE WIRE กับ S-CURVE,Cystoscopy_URO
FCYSTOSCOPY+REMOVE JJ STENT,Cystoscopy_URO
FEEDING GASTROSTOMY,สาขา:ศัลยกรรมทั่วไป
FEEDING JEJUNOSTOMY,สาขา:ศัลยกรรมทั่วไป
FESS,ENT
FESS + SEPTOTURBINOPLASTY+ NAVIGATOR,ENT
FESS + TURBINOPLASTY,ENT
FESS+NAVIGATOR,ENT
FIBER-OPTIC BRONCHOSCOPY,สาขา:หู คอ จมูก
FIEXCIBLE CYSTOSCOPY,Cystoscopy_URO
FIPS,สาขา:ลำไส้ใหญ่และทวารหนัก
FIPS + LIS,Anorectal
FIPS WITH LIS,Anorectal
FIRST STAGE EXCISION PARAFFINOMA,Skin_softtissue
FISLULOGRAM,สาขา:หลอดเลือด
FISTILOGRAM +- PTA,สาขา:หลอดเลือด
FISTILOGRAM+-PTA,สาขา:หลอดเลือด
FISTOLOTOMY,สาขา:ลำไส้ใหญ่และทวารหนัก
FISTOLUGRAM +/- PTA (INFLOW),สาขา:หลอดเลือด
FISTULECTOMY,Vascular_access
FISTULGORAM +/- PTA,Vascular_access
FISTULOGRAM,Vascular_access
FISTULOGRAM (LT.),Vascular_access
FISTULOGRAM + BALLOON,Vascular_access
FISTULOGRAM + BALOON ANGIOPLASTY,Vascular_access
FISTULOGRAM + GRAFT THROMBECTOMY +/- PTA,Vascular_access
FISTULOGRAM + OFF TCC LT IJV,Vascular_access
FISTULOGRAM + PTA,Vascular_access
FISTULOGRAM + PTA + STENT,Vascular_access
FISTULOGRAM + PTA +/- STENT,Vascular_access
FISTULOGRAM + PTA LT WRIST,Vascular_access
FISTULOGRAM + PTA LT WRIST UNDER LOCAL,Vascular_access
FISTULOGRAM + PTA WITH STENT,Vascular_access
FISTULOGRAM ++/- PTA,Vascular_access
"FISTULOGRAM +,- PTA",Vascular_access
FISTULOGRAM +- BALLOON ANGIOPLASTY,Vascular_access
FISTULOGRAM +- PTA,Vascular_access
FISTULOGRAM +- PTA BALLOON UNDER LA,Vascular_access
FISTULOGRAM +- PTA LT UPPER ARM,Vascular_access
FISTULOGRAM +- PTA RT,Vascular_access
FISTULOGRAM +- PTA RT ARM,Vascular_access
FISTULOGRAM +- PTA WITH DCB,Vascular_access
FISTULOGRAM +- THROMBECTOMY,Vascular_access
FISTULOGRAM +-PTA,Vascular_access
FISTULOGRAM +/ -PTA +/- STENT,Vascular_access
FISTULOGRAM +/- BALLOON ANGIOPLASTY,Vascular_access
FISTULOGRAM +/- BALLOON VENOPLASTY,Vascular_access
FISTULOGRAM +/- BALLOON VENOPLASTY LT. ARM,Vascular_access
FISTULOGRAM +/- DPTA,Vascular_access
FISTULOGRAM +/- PTA,Vascular_access
FISTULOGRAM +/- PTA (AVF LT.CUBITAL),Vascular_access
FISTULOGRAM +/- PTA +/- STENT,Vascular_access
FISTULOGRAM +/- PTA AVF LT WRIST,Vascular_access
FISTULOGRAM +/- PTA LT CUBITAL AVF,Vascular_access
"FISTULOGRAM +/- PTA LT, ARM",Vascular_access
FISTULOGRAM +/- PTA LT.,Vascular_access
FISTULOGRAM +/- PTA LT.AVF,Vascular_access
FISTULOGRAM +/- PTA RT. CUBITAL,Vascular_access
FISTULOGRAM +/- PTA UNDER LA,Vascular_access
FISTULOGRAM +/- PTA WITH STENT,Vascular_access
FISTULOGRAM +/- PTR LT. AVF,Vascular_access
FISTULOGRAM +/- STENT,Vascular_access
FISTULOGRAM +/-PTA,Vascular_access
FISTULOGRAM +/-PTA AT LOOP AVBG RT.UPPER ARM,Vascular_access
FISTULOGRAM +/-PTA LT WRIST,Vascular_access
FISTULOGRAM C PTA,Vascular_access
FISTULOGRAM C STENT,Vascular_access
FISTULOGRAM LT,Vascular_access
FISTULOGRAM LT ARM,Vascular_access
FISTULOGRAM LT.,Vascular_access
FISTULOGRAM LT. SUBCLAVEIN V,Vascular_access
FISTULOGRAM RT,Vascular_access
FISTULOGRAM WITH BALLOON ANGIOPLASTY,Vascular_access
FISTULOGRAM WITH PTA,Vascular_access
FISTULOGRAM WITH PTA +- STENT,Vascular_access
FISTULOGRAM+ PTA WITH STENT (EVERFLEX 8-9 MM),Vascular_access
FISTULOGRAM+- PTA,Vascular_access
FISTULOGRAM+-PTA,Vascular_access
FISTULOGRAM+-PTA+-LIGATE BRANCH,Vascular_access
FISTULOGRAM+/- PTA,Vascular_access
FISTULOGRAM+/- PTA LT. AVF,Vascular_access
FISTULOGRAM+/-PTA,Vascular_access
FISTULOGRAM+/-PTA LT ARM,Vascular_access
FISTULOGRAM+/-PTA LT.ARM,Vascular_access
FISTULOGRAM+PTA,Vascular_access
FISTULOGRASM +/- PTA,Vascular_access
FISTULOGTRAM +/- PTA,Vascular_access
FISTULOLGRAM +/- PTA,Vascular_access
"FISTULOMY, COLONOSCOPE",Endoscopy_GI
FISTULORAM +/- PTA +/- TCC INSERTION,Vascular_access
FISTULOTOMY,Vascular_access
FISTULOTOMY + EXCISION,Vascular_access
FISTULOTOMY +- FIP,Vascular_access
FISTULOTOMY +- SETON,Vascular_access
FISTULOTOMY +/- MARTIUS FLAP,Vascular_access
FISTULOTOMY/LIFT,Vascular_access
FISTUOGRAM +- PTA,สาขา:หลอดเลือด
FISULOMY,สาขา:ลำไส้ใหญ่และทวารหนัก
FISUTLOGRAM +/- PTA,สาขา:หลอดเลือด
FITSULOGRAM +/- PTA,สาขา:หลอดเลือด
FITULOGRAM +/- PTA,สาขา:หลอดเลือด
FLAP DETACHMENT,Skin_softtissue
FLEX CYSTO,Cystoscopy_URO
FLEX CYSTO WITH DILATE ด้วย TIEMAM,Cystoscopy_URO
FLEX CYSTOSCOPE,Cystoscopy_URO
FLEX CYSTOSCOPY,Cystoscopy_URO
FLEX CYSTOSCOPY +- TURBT UNDER GA,Cystoscopy_URO
FLEX CYSTOSCOPY UNDER LA,Cystoscopy_URO
FLEX CYSTOSOCPE,Cystoscopy_URO
FLEX CYTO,สาขา:ทางเดินปัสสาวะ
FLEX URS + BIOPSY,Cystoscopy_URO
FLEX. CYSTO,Cystoscopy_URO
FLEX. CYSTOSCOPE,Cystoscopy_URO
FLEX. CYSTOSCOPY,Cystoscopy_URO
FLEX. CYSTOSCOPY + CYSTOGRAM,Cystoscopy_URO
FLEX. CYSTOSCOPY + EC,Cystoscopy_URO
FLEX. CYSTOSCOPY + REMOVE DJ STENT,Cystoscopy_URO
FLEX. CYSTOSCOPY + URINE PCR FOR TB + CYTOLOGY,Cystoscopy_URO
FLEX. CYSTOSCOPY +/- BX + URINE AFB,Cystoscopy_URO
FLEX. CYSTOSCOPY WITH IRRIGATE BLADDER,Cystoscopy_URO
FLEX. CYSTOSCOPY WITH REMOVE DJ STENT,Cystoscopy_URO
FLEX. URS + BIOPSY,Cystoscopy_URO
FLEX. URS WITH LASER LITHOTRIPSY,Cystoscopy_URO
FLEX. URSL,สาขา:ทางเดินปัสสาวะ
FLEX.CYSTOSCOPY + REMOVE DJ STENT,Cystoscopy_URO
FLEXBILE CYSTOSCOPY,Cystoscopy_URO
FLEXIBLE CYSTO,Cystoscopy_URO
FLEXIBLE CYSTO OFF LT DJ STENT,Cystoscopy_URO
FLEXIBLE CYSTOCSOPE (SURVEILLANCE),Cystoscopy_URO
FLEXIBLE CYSTOSCOPE,Cystoscopy_URO
FLEXIBLE CYSTOSCOPE (SURVIALLANCE),Cystoscopy_URO
FLEXIBLE CYSTOSCOPE + SURVEILLANCE,Cystoscopy_URO
FLEXIBLE CYSTOSCOPE +- TUR-BT UNDER GA,Cystoscopy_URO
FLEXIBLE CYSTOSCOPE +/- DILATE URETHRA,Cystoscopy_URO
FLEXIBLE CYSTOSCOPE C BLOOD CLOT REMOVAL,Cystoscopy_URO
FLEXIBLE CYSTOSCOPE C DJ STENT REMOVAL,Cystoscopy_URO
FLEXIBLE CYSTOSCOPE C RETAIN FOLEY,Cystoscopy_URO
FLEXIBLE CYSTOSCOPE C STOP BLEEDING,Cystoscopy_URO
FLEXIBLE CYSTOSCOPE OFF DJ STENT,Cystoscopy_URO
FLEXIBLE CYSTOSCOPE UNDER LA,Cystoscopy_URO
FLEXIBLE CYSTOSCOPE WITH DILATE,Cystoscopy_URO
FLEXIBLE CYSTOSCOPE+CHANGE CYSTOSTOMY,Cystoscopy_URO
FLEXIBLE CYSTOSCOPY,Cystoscopy_URO
FLEXIBLE CYSTOSCOPY (SURVEILLACE),Cystoscopy_URO
FLEXIBLE CYSTOSCOPY (SURVEILLANCE),Cystoscopy_URO
FLEXIBLE CYSTOSCOPY (SURVEILLANCE) +/- RT. DJ STENT PLACEMENT,Cystoscopy_URO
FLEXIBLE CYSTOSCOPY (SURVEILLNACE),Cystoscopy_URO
FLEXIBLE CYSTOSCOPY + CHANGE RT. DJ STENT,Cystoscopy_URO
FLEXIBLE CYSTOSCOPY + DILATE URETHRA,Cystoscopy_URO
FLEXIBLE CYSTOSCOPY +/- DILATE URETHRA,Cystoscopy_URO
FLEXIBLE CYSTOSCOPY +/- DILATE URETHRA (LA),Cystoscopy_URO
FLEXIBLE CYSTOSCOPY +/- DILATE URETHRA + RETAIN FOLEY CATHETER.,Cystoscopy_URO
FLEXIBLE CYSTOSCOPY C DJ STENT REMOVAL,Cystoscopy_URO
FLEXIBLE CYSTOSCOPY UNDER LA,Cystoscopy_URO
FLEXIBLE CYSTOSCOPY(SURVEILLANCE),Cystoscopy_URO
FLEXIBLE CYSTOSCPOPY,Cystoscopy_URO
FLEXIBLE CYSTOSOCPE,Cystoscopy_URO
FLEXIBLE CYSTOTSCOPY (SURVEILLANE),Cystoscopy_URO
FLEXIBLE CYSTSCOPY,สาขา:ทางเดินปัสสาวะ
FLEXIBLE CYSTSOCPY +/- DILATE URETHRA,สาขา:ทางเดินปัสสาวะ
FLEXIBLE SIGMIDOSCOPY + TISSUE BX,สาขา:ลำไส้ใหญ่และทวารหนัก
FLEXIBLE SIGMOIDOSCOPY,Endoscopy_GI
FLEXIBLE URETEROSCOPE,Cystoscopy_URO
FLEXIBLE URETEROSCOPE WITH RE-TUR-BT,Cystoscopy_URO
FLEXIBLE URS,Cystoscopy_URO
FLEXIBLE URS + LASER LITHOTRIPSY,Cystoscopy_URO
FLEXIBLE URS BX,Cystoscopy_URO
FLEXIBLE URSL + DJ STENT,Vascular_interv
FLEXIBLE URSL RT,สาขา:ทางเดินปัสสาวะ
FLEXIBLE URSL+LASER,สาขา:ทางเดินปัสสาวะ
FLEXIBLECYSTOSCOPY,Cystoscopy_URO
FLEXICLE CYSTOSCOPY,Cystoscopy_URO
FOL + OFF TUBE +- TRACHEOSTOMY,Tracheostomy
FOL +- OFF TUBE +- TRACHEOSTOMY,Tracheostomy
FOL C OFF ET TUBE +/- TRACHEOSTOMY,Tracheostomy
FOREFOOT AMPUTATION,สาขา:หลอดเลือด
"FR NOSE , TONSILLECTOMY+ BSP+ MODIFIED CAPSO",ENT
FRENULECTOMY,สาขา:ทางเดินปัสสาวะ
FRENULECTOMY ( FRENECTOMY OR FRENOTOMY ) - SEPERATE PROCEDURE,สาขา:ศัลยกรรมเด็ก
FRONTAL CRANIECTOMY C TUMOR REMOVAL C CRANIOPLASTY,Neuro_cranial
FRONTAL OSTEOTOMY,สาขา:ตกแต่ง
FRONTAL SLING,สาขา:ตกแต่ง
FROZEN SECTION BILATERAL NECK LYMPH NODES WITH +/- COMPLETION THYROIDECTOMY +/- BILAT. MRND,Thyroid_neck
FROZEN SECTION RIGHT LN WITH +/- MRND,สาขา:ศัลยกรรมทั่วไป
FTSG AT LT LOWER EYELID C LATERAL CANTHOPEXY,Blepharoplasty
FULL FACE LIFT,สาขา:ตกแต่ง
FULL FACE LIFT+NECK LIFT+FACIAL FAT GRAFT+DIRECT BROW LIFT,สาขา:ตกแต่ง
"FULL FACE LIFT, GA",สาขา:ตกแต่ง
FULL FACE LIFTING,สาขา:ตกแต่ง
GASTRECTOMY,GI_abdominal
GASTRO + COLONOSCOPE,Endoscopy_GI
GASTRO+ COLONOSCOPE,Endoscopy_GI
GASTRO+ COLONOSCPE,สาขา:ศัลยกรรมทั่วไป
GASTRO+CLONOSCOPE,สาขา:ศัลยกรรมทั่วไป
GASTRO+COLONOSCOPE,Endoscopy_GI
GASTRO+COLONSOCOPE,สาขา:ศัลยกรรมทั่วไป
GASTROSCYSTOSCOPY,Cystoscopy_URO
GASTROSTOMY,สาขา:ศัลยกรรมทั่วไป
GASTRO_COLONOSCOPE,Endoscopy_GI
GRAFT REMOVAL WITH REPAIR BRACHIAL ARTERY,Skin_softtissue
GRAFT THROMBECTOMY,Vascular_interv
GRAFT THROMBECTOMY WITH BALLOON VENOPLASTY,Vascular_interv
GROIN NODE DISECTION,สาขา:ตกแต่ง
HALFMOON SHEATH WITH FOLEY INSERTION,สาขา:ทางเดินปัสสาวะ
HEMILAMINECTOMY L4 WITH CYST REMOVAL,Spine
HEMORRHIODECTOMY,สาขา:ลำไส้ใหญ่และทวารหนัก
HEMORRHIODECTOMY + EGD&COLONOSOCPY,Endoscopy_GI
HEMORRHOID,Anorectal
HEMORRHOIDECOTMY,Anorectal
HEMORRHOIDECTOMY,Anorectal
"HEMORRHOIDECTOMY , CAUTERY",Anorectal
HEMORRHOIDECTOMY : ใช้ LIGASURE,Anorectal
HEMORRHOIDECTOMY AND POLYPECTOMY,Anorectal
HEMORRHOIDECTOMY WITH EXCISION SKIN TAG,Anorectal
HEMORROIDECTOMY,สาขา:ลำไส้ใหญ่และทวารหนัก
HEMORROIDECTOMY + POLYPECTOMY,สาขา:ลำไส้ใหญ่และทวารหนัก
HIFU + BREAST AUGMENTATION,Breast
HIFU RIGHT THYROID MASS UNDER GA,Thyroid_neck
HIGH LIGAITON WITH VENOUS STRIPPING WITH PHLEBECTOMY LT LEG,สาขา:หลอดเลือด
HIGH LIGATIOIN WITH VENOUS STRIPPING RT.LEG + PHLEBECTOMY,สาขา:ศัลยกรรมทั่วไป
HIGH LIGATION + VENOUS STRIPPING RT LEGS,สาขา:หลอดเลือด
HIGH LIGATION WITH VENOUS STRIPPING + PHLEBECTOMY LT LEG,สาขา:หลอดเลือด
HIGH LIGATION WITH VENOUS STRIPPING LT LEG,สาขา:หลอดเลือด
HIGH LIGATION WITH VENOUS STRIPPING WITH PHLEBECTOMY LT LEG,สาขา:หลอดเลือด
HIGH LIGATION WITH VENOUS STRIPPING WITH PHLEBECTOMY WITH SPJ LIGATION,สาขา:หลอดเลือด
HIGH PSA,สาขา:ทางเดินปัสสาวะ
HL C VENOUS STRIPPING C STAB AVULSION LT LEG,สาขา:ศัลยกรรมทั่วไป
HL WITH VS LT LEG,สาขา:หลอดเลือด
HL WITH VS OF LT LEG,สาขา:หลอดเลือด
HL WITH VS WITH MULTIPLE PHLEBECTOMY LT LEG,สาขา:หลอดเลือด
HL+VENOUS STRIPPING+STAB AVULSION BOTH LEGS,สาขา:หลอดเลือด
HYBRID-VATS DECORTICATION RIGHT CHEST(ON DOUBLE LUMEN TUBE),สาขา:โรคหัวใจ
HYDROCELECTOMY,Uro_other
I & D,สาขา:ลำไส้ใหญ่และทวารหนัก
I & D +- DEBRIDEMENT,Skin_softtissue
I AND D,สาขา:ลำไส้ใหญ่และทวารหนัก
I AND D LT. PINNA,Skin_softtissue
I&D,Skin_softtissue
I&D (TRANSCERVICAL),สาขา:หู คอ จมูก
I&D EXFCISION,สาขา:ตกแต่ง
I&D UNDER GA,สาขา:หู คอ จมูก
I&D VIA ORAL CAVITY UNDER LA,สาขา:หู คอ จมูก
"I&D, DL+BX",สาขา:หู คอ จมูก
I/D,สาขา:ศัลยกรรมทั่วไป
IAND D AND EXCISION,Skin_softtissue
IMF,สาขา:ตกแต่ง
"IMPALNT RECONSTRUCTION OF LEFT BREAST , RIGHT BREAST LIFT",Breast
IMPLANT REMOVAL BOTH BREAST,Breast
INCIONAL BX.,สาขา:ตกแต่ง
INCISION & DRAIN,สาขา:ลำไส้ใหญ่และทวารหนัก
INCISION AND DRAIN,ENT
INCISION AND DRAINAGE,สาขา:หู คอ จมูก
INCISION AND DRAINAGE OF TONSIL AND PERITONSILLAR STRUCTURES,ENT
INCISION BIOPSY,Skin_softtissue
INCISION BX,สาขา:หู คอ จมูก
"INCISION OF MOUTH, UNSPECIFIED STRUCTURE",สาขา:หู คอ จมูก
INCISION OF SALIVARY GLAND OR DUCT,ENT
INCISION OR EXCISION OF PERIANAL TISSUE,Skin_softtissue
INCISIONAL BIOPSY,Skin_softtissue
INCISIONAL BIOPSY BILAT LN WITH RT PERITONSILLAR BIOPSY UNDER LA,ENT
INCISIONAL BIOPSY UNDER GA,Skin_softtissue
INCISIONAL BIOPSY UNDER LA,Skin_softtissue
INCISIONAL BIOSY AT LT NECK,สาขา:ศัลยกรรมทั่วไป
INCISIONAL BX,สาขา:ทางเดินปัสสาวะ
INCISIONAL BX (LA),สาขา:หู คอ จมูก
INCISIONAL BX UNDER LA,สาขา:ตกแต่ง
INCISIONAL BX.,สาขา:ตกแต่ง
INCISIONAL URETHROTOMY,สาขา:ทางเดินปัสสาวะ
INFERIOR ORBITAL WALL RECONSTRUCTION C TITATNIUM MESH,สาขา:ตกแต่ง
INGUINAL ORCHIECTOMY,Uro_other
INISIONAL BIOPSY,Skin_softtissue
INSERT DJ STENT,Vascular_interv
INSERT TCC RT. IJV,Central_line
INSERT U-CATH UNDER LOCAL,สาขา:ทางเดินปัสสาวะ
INSERTION OF ENDOTRACHEAL TUBE,สาขา:หู คอ จมูก
INSERTION PERM CATH,Vascular_access
INTERMAXILLARY FIXATION(IMF),สาขา:ตกแต่ง
INTERNAL URETHROTOME WITH TURP WITH FLEXIBLE CYSTOSCOPE,Cystoscopy_URO
INTERNAL URETHROTOMY,สาขา:ทางเดินปัสสาวะ
INTERPOSITION LEFT AVBG UPPERARM,Vascular_access
INTERSPHINCTERIC DRAINAGE,สาขา:ลำไส้ใหญ่และทวารหนัก
INTERSPHINCTERIC DRAINAGE WITH FISTULOTOMY,Vascular_access
INTERVAL LAP APPENDECTOMY,GI_abdominal
INTERVAL OPEN APPENDECTOMY,GI_abdominal
INTRAANAL FISTULOTOMY,Vascular_access
INTRAANAL FISTULOTOMY WITH CLOSURE IO WITH TUBE DRAIN,Vascular_access
INTRAOP VENOGRAM+- PERM CATH INSERTION,Vascular_access
INTRAOPERATIVE COLONOSCOPY + OPEN SIGMOIDECTOMY,Endoscopy_GI
IOUS+CAUDATE RESECTION +S2 ANATOMICAL RESECTION,สาขา:ตับ/ตับอ่อน/ทางเดินน้ำดี
IPOM,สาขา:ศัลยกรรมทั่วไป
IRRIGATE WOUND,Skin_softtissue
IRRIGATE WOUND +- SUTURE,Skin_softtissue
IVC FILTER,สาขา:หลอดเลือด
IVC FILTER REMOVAL,สาขา:หลอดเลือด
K- WIRE FIXATION,สาขา:ตกแต่ง
KARIDAKIS,สาขา:ลำไส้ใหญ่และทวารหนัก
KARYDAKIS OPERATION,สาขา:ลำไส้ใหญ่และทวารหนัก
KARYDAKIS PROCEDURE,สาขา:ลำไส้ใหญ่และทวารหนัก
KARYDAKYS PROCEDURE,สาขา:ลำไส้ใหญ่และทวารหนัก
KIDNEY TRANSPLANT,สาขา:หลอดเลือด
KIDNEY TRANSPLANTATION,สาขา:ศัลยกรรมทั่วไป
KISSING STENT,Vascular_interv
KISSING STENT BOTH CIA C RT EIA AND RT SFA PTA+BALLOON ANGIOPLASTY+/-STENT,Vascular_interv
KT,สาขา:ศัลยกรรมทั่วไป
KYPHOPLASTY T12,สาขา:ประสาทและสมอง
L,ENT
L1-5 LAMINECTOMY C PDS FIXATION,Spine
L2-3 LAMINECTOMY WITH L2-5 PDS FIXATION,Spine
L2-3-4 FIXATION,สาขา:ประสาทและสมอง
L2-5 LAMINECTOMY WITH PDS FIXATION,Spine
L2-5 LAMINECTOMY WITH PDS FIXATION L2-5,Spine
L2-5 PDS FIXATION,สาขา:ประสาทและสมอง
L2-S1 LAMINACTOMY C PDS FIXATION,สาขา:ประสาทและสมอง
L2-S1 LAMINECTOMY C PDS FIXATION,Spine
L2-S1 LAMINECTOMY WITH PDS FIXATION,Spine
"L3,4,5 LAMINECTOMY C PDS FIXATION",Spine
L3-4 LAMINECTOMY WITH L3-S1 PDS FIXATION,Spine
L3-4-5 LAMINECTOMY WITH DISCECTOMY WITH PDS FIXATION,Spine
L3-4-5 LAMINECTOMY WITH PDS FIXATION (MIS SCREW),Spine
L3-5 LAMINECTOMY C NERVE ROOT DECOMPRESSION C PDS FIXATION,Spine
L3-5 LAMINECTOMY C PDS FIXATION,Spine
L3-5 LAMINECTOMY WITH PDS FIXATION,Spine
L3-5 MIS PDS C LAMINECTOMY,Spine
L3-S1 LAMINECTOMY C PDS FIXATION,Spine
L3-S1 PDS FIXATION WITH L5-S1 DISECTOMY,สาขา:ประสาทและสมอง
L345 LAMINECTOMY WITH PDS FIXATION,Spine
L4 LAMINECTOMY C L3-5 PDS FIXATION,Spine
L4-5 LAMINECTOMY C PDS FIXATION,Spine
L4-5 LAMINECTOMY WITH DISCECTOMY + PDS FIXATION,Spine
L4-5 LAMINECTOMY WITH DISCECTOMY + PDS FIXATION + TLIF,Spine
L4-5 LAMINECTOMY WITH DISECTOMY + PDS FIXATION,Spine
L4-5 LAMINECTOMY WITH NERVE ROOT DECOMPRESSION+ PDS FIXATION,Spine
L4-5 MIS TLIF,Spine
L4-S1 LAMINECTOMY + PDS FIXATION,Spine
L4-S1 LAMINECTOMY C PDS FIXATION,Spine
L4-S1 LAMINECTOMY WITH DISCECTOMY + PDS FIXATION,Spine
L4-S1 LAMINECTOMY WITH DISSECTOMY + PDS FIXATION +- TLIF,Spine
L4-S1 LAMINECTOMY WITH PDS FIXATION,Spine
L4-S1 LAMINECTOMY WITH PDS FIXATION (+- TLIF),Spine
L4/5 DECOMPRESSION,สาขา:ประสาทและสมอง
L4/5 PDS +MIS LAMINECTOMY,Spine
L4/5 S5/S1 PDS C LAMINECTOMY OPEN PRODOT,Spine
L45 LAMINECTOMY C PDS FIXATION,Spine
L45 LAMINECTOMY WITH PDS SCREW FIXATION,Spine
LAINECTOMY W PDS FIXATION L 2345,สาขา:ประสาทและสมอง
LAMINECTOMNY L4-5 C DISSECTOMY C PDS FIXATION,Spine
LAMINECTOMY + FIXATION L4-5,Spine
LAMINECTOMY + PDS FIXATION L4-5-S1,Spine
"LAMINECTOMY +PDS L3-4,4-5",Spine
LAMINECTOMY BW PDS FIXATION L 345,Spine
LAMINECTOMY C BIOPSY C SCREW T1-3 C NAVIGATION,Spine
LAMINECTOMY C DISCECTOMY AND PDS FIXATION L3-4-5,Spine
LAMINECTOMY C DISCECTOMY L4-5 C PDS FIXATION,Spine
LAMINECTOMY C DISSECTOMY C PDS FIXATION L3-4-5,Spine
LAMINECTOMY C FIXATION C TUMOR REMOVAL L1-4,Spine
LAMINECTOMY C NERVE ROOT DECOMPRESSION,Spine
LAMINECTOMY C PDS,Spine
LAMINECTOMY C PDS FIXATION,Spine
LAMINECTOMY C PDS FIXATION L 1-3 C DISECTOMY L2-3 PRODORTH,Spine
LAMINECTOMY C PDS FIXATION L 345 (MIS),Spine
LAMINECTOMY C PDS FIXATION L1-5-S1,Spine
LAMINECTOMY C PDS FIXATION L2-5,Spine
LAMINECTOMY C PDS FIXATION L2-5 MIS,Spine
LAMINECTOMY C PDS FIXATION L2-5 PRODORTH,Spine
LAMINECTOMY C PDS FIXATION L2-S1,Spine
LAMINECTOMY C PDS FIXATION L2345,Spine
LAMINECTOMY C PDS FIXATION L2345S1,Spine
LAMINECTOMY C PDS FIXATION L3-4,Spine
LAMINECTOMY C PDS FIXATION L3-4-5-S1,Spine
LAMINECTOMY C PDS FIXATION L3-4-5-S1 MIS,Spine
LAMINECTOMY C PDS FIXATION L3-5,Spine
LAMINECTOMY C PDS FIXATION L3-L5,Spine
LAMINECTOMY C PDS FIXATION L3-S1,Spine
LAMINECTOMY C PDS FIXATION L345,Spine
LAMINECTOMY C PDS FIXATION L345 MIS,Spine
LAMINECTOMY C PDS FIXATION L345-S1,Spine
LAMINECTOMY C PDS FIXATION L4-5,Spine
LAMINECTOMY C PDS FIXATION L4-5 (+/-MIS),Spine
LAMINECTOMY C PDS FIXATION L4-5 (MIS),Spine
LAMINECTOMY C PDS FIXATION L4-5 MIS,Spine
LAMINECTOMY C PDS FIXATION L4-5 MIS C ACDF C456,Spine
LAMINECTOMY C PDS FIXATION L45 S1 MIS,Spine
LAMINECTOMY C PDS FIXATION L4L5S1 MIS,Spine
LAMINECTOMY C PDS FIXATION L5-S1,Spine
LAMINECTOMY C PDS FIXATION MIS,Spine
LAMINECTOMY C PDS FIXATION T11-L5,Spine
LAMINECTOMY C PDS FIXATION T12-L2,Spine
LAMINECTOMY C PDS FIXATIONL45S1 MIS,Spine
LAMINECTOMY C PDS FIXATOIN L345 (MIS),Spine
LAMINECTOMY C PDS L2/3 L3/4 L4/5,Spine
LAMINECTOMY C PDS L2345(ADJACENT),Spine
LAMINECTOMY C PDS L3-4 L4-5 PRODOT,Spine
LAMINECTOMY C PDS L3-S1,Spine
LAMINECTOMY C PDS L4/5 L5/S1,Spine
LAMINECTOMY C1-2 C TUMOR REMOVAL,Spine
LAMINECTOMY C1-2 WITH TUMOR REMOVAL,Spine
LAMINECTOMY C2 WITH TUMOR REMOVAL,Spine
LAMINECTOMY C2-3 WITH PEDICLE SCREW C2-LATERAL MASS C3,Spine
LAMINECTOMY C2-5 + TOTAL TUMOR REMOVAL,Spine
"LAMINECTOMY C3-4, C4-5 C LATERAL MASS SCREW",Spine
LAMINECTOMY C3-7 C LATERALNESS SCREW,Spine
LAMINECTOMY C4-5,Spine
LAMINECTOMY C4-5 RT,Spine
LAMINECTOMY C5 C SPINAL CORD DECOMPRESSION C POSTERIOR CERVICAL FIXATION,Spine
LAMINECTOMY C5-T1 + TUMOR REMOVAL +LATERAL MASS SCREW C5-7,Spine
LAMINECTOMY C6-T1 WITH CERVICOTHORACIC FIXATION,Spine
LAMINECTOMY C7 WITH LATERAL MASS SCREW C7-T1,Spine
LAMINECTOMY L1 C PDS FIXATION T11-L3,Spine
LAMINECTOMY L1 WITH FIXATION T11-L3,Spine
LAMINECTOMY L1-5 C PDS,Spine
LAMINECTOMY L2 WITH PDS FAXATION L2345,Spine
LAMINECTOMY L2 WITH PDS SCREW FIXATION L1-3,Spine
LAMINECTOMY L2-3 WITH PDS FIXATION ต่อ ROD L2-S1,Spine
LAMINECTOMY L2-4 WITH PDS FIXATION,Spine
LAMINECTOMY L2-5 C PDS FIXATION (MIS),Spine
LAMINECTOMY L2-5 WITH PDS FIXATION,Spine
LAMINECTOMY L234 WITH PDS FIXATION L2-5,Spine
LAMINECTOMY L3 WITH L2-4 PDS FIXATION,Spine
LAMINECTOMY L3 WITH NERVE ROOT DECOMPRESSION,Spine
LAMINECTOMY L3-4 WITH NERVE ROOT DECOMPRESSION,Spine
"LAMINECTOMY L3-4,4-5",Spine
"LAMINECTOMY L3-4,4-5 C DECOMPRESSIVE C TRANSPEDICULAR SCREW",Spine
LAMINECTOMY L3-4-5 (MIS) WITH PDS FIXATION,Spine
LAMINECTOMY L3-4-5 +PDS FIXATION,Spine
LAMINECTOMY L3-4-5 WITH PDS FIXATION,Spine
LAMINECTOMY L3-5 C PDS FIXATION,Spine
LAMINECTOMY L3-5 WITH PDS FIXATION (MIS),Spine
LAMINECTOMY L3-S1 WITH PDS FIXATION,Spine
LAMINECTOMY L3/4 WITH PDS FIXATION (REDO),Spine
LAMINECTOMY L345 C PDS FIXATION,Spine
LAMINECTOMY L4 C PDS FIXATION L3-5,Spine
LAMINECTOMY L4-5 C PDS FIXATION,Spine
LAMINECTOMY L4-5 C REMOVAL DISC L4-5,Spine
LAMINECTOMY L4-5 WITH DECOMPRESSION,Spine
LAMINECTOMY L4-5 WITH PDS FIXATION,Spine
LAMINECTOMY L4-S1 + PDS FIXATION,Spine
LAMINECTOMY L4-S1 C PDS FIXATION,Spine
LAMINECTOMY L4-S1 C PDS FIXATION (MIS),Spine
LAMINECTOMY L4-S1 WITH DISSECTOMY + PDS FIXATION,Spine
LAMINECTOMY L4-S1 WITH L5-S1 DISCECTOMY WITH PDS FIXATION,Spine
LAMINECTOMY L4-S1 WITH PDS FIXATION,Spine
LAMINECTOMY L4/5 WITH PDS FIXATION (MIS),Spine
LAMINECTOMY L5 DECOMPRESS LT S1 ROOT,Spine
LAMINECTOMY L5/S1 + DISECTOMY + PDS,Spine
LAMINECTOMY L5S1 C PDS FIZATION WITH L3 TUMOR REMOVAL,Spine
LAMINECTOMY PDS FIXATION T12-L2,Spine
LAMINECTOMY T1-3 WITH TUMOR REMOVAL,Spine
LAMINECTOMY T10 + T9-11 PDS FIXATION,Spine
LAMINECTOMY T10-11 WITH RELEASE LIGAMENTUM FLAVUM WITH TPS L4-5 WITH DECOMPRESSION,Spine
LAMINECTOMY T10-T11,Spine
LAMINECTOMY T11 WITH TUMOR REMOVAL,Spine
LAMINECTOMY T12 WITH TUMOR REMOVAL,Spine
LAMINECTOMY T12-L1 WITH TUMOR REMOVAL,Spine
"LAMINECTOMY T5,L2 WITH TUMOR REMOVAL",Spine
LAMINECTOMY T567 C PDS FIXATION T3489,Spine
LAMINECTOMY T7-8 WITH REMOVE EPIDURAL ABSCESS,Spine
LAMINECTOMY W PDS FIXATION L 2345,Spine
LAMINECTOMY W PDS FIXATION L 3-5,Spine
LAMINECTOMY W PDS FIXATION L 345 MIS,Spine
LAMINECTOMY W PDS FIXATION L2-3 MIS SCREW,Spine
LAMINECTOMY W PDS FIXATION L2345,Spine
LAMINECTOMY W PDS FIXATION L2345 PRODORTH,Spine
LAMINECTOMY W PDS FIXATION L4-5 MIS,Spine
LAMINECTOMY W PDS FIXATION L4-5S1 MIS,Spine
LAMINECTOMY W PDS FIXATION L45 S1 MIS,Spine
LAMINECTOMY W PDS FIXATIONL 3-4 MIS,Spine
LAMINECTOMY W PDS L2-3 MIS,Spine
LAMINECTOMY WITH FIXATION L2345,Spine
LAMINECTOMY WITH LATERAL MASS C4-6,Spine
LAMINECTOMY WITH LATERAL MASS SCREW C34567,Spine
LAMINECTOMY WITH PDS FIXATION,Spine
LAMINECTOMY WITH PDS FIXATION (MIS TLIF L4-L5),Spine
LAMINECTOMY WITH PDS FIXATION (TURKEY),Spine
LAMINECTOMY WITH PDS FIXATION L1-5,Spine
LAMINECTOMY WITH PDS FIXATION L2-5,Spine
LAMINECTOMY WITH PDS FIXATION L2-L4,Spine
LAMINECTOMY WITH PDS FIXATION L2-L5,Spine
LAMINECTOMY WITH PDS FIXATION L2-L5 MIS,Spine
LAMINECTOMY WITH PDS FIXATION L2/3,Spine
LAMINECTOMY WITH PDS FIXATION L234,Spine
LAMINECTOMY WITH PDS FIXATION L234 MIS,Spine
LAMINECTOMY WITH PDS FIXATION L2345,Spine
LAMINECTOMY WITH PDS FIXATION L2345 (MIS SCREW),Spine
LAMINECTOMY WITH PDS FIXATION L3-4,Spine
LAMINECTOMY WITH PDS FIXATION L3-4-5,Spine
LAMINECTOMY WITH PDS FIXATION L3-4-5 MIS STANDARD ROD,Spine
LAMINECTOMY WITH PDS FIXATION L3-5-S1,Spine
LAMINECTOMY WITH PDS FIXATION L3-L5 MIS,Spine
LAMINECTOMY WITH PDS FIXATION L3-S1,Spine
LAMINECTOMY WITH PDS FIXATION L345,Spine
LAMINECTOMY WITH PDS FIXATION L345 MIS,Spine
LAMINECTOMY WITH PDS FIXATION L345 [ MIS],Spine
LAMINECTOMY WITH PDS FIXATION L345S1,Spine
LAMINECTOMY WITH PDS FIXATION L345S1 PRODORTH,Spine
LAMINECTOMY WITH PDS FIXATION L4-5,Spine
LAMINECTOMY WITH PDS FIXATION L4-5 (MIS),Spine
LAMINECTOMY WITH PDS FIXATION L4-5 MIS,Spine
LAMINECTOMY WITH PDS FIXATION L4-5 MIS STANDARD ROD,Spine
LAMINECTOMY WITH PDS FIXATION L4-5 PRODORTH,Spine
LAMINECTOMY WITH PDS FIXATION L4-5 TURKEY,Spine
LAMINECTOMY WITH PDS FIXATION L4-5 WIH DISCECTOMYL4-5,Spine
LAMINECTOMY WITH PDS FIXATION L4-5(MIS),Spine
LAMINECTOMY WITH PDS FIXATION L4-5-S1,Spine
LAMINECTOMY WITH PDS FIXATION L4-S1 (EXTEND ROD FROM L3),Spine
LAMINECTOMY WITH PDS FIXATION L4/5(MIS),Spine
LAMINECTOMY WITH PDS FIXATION L45S1 MIS,Spine
LAMINECTOMY WITH PDS FIXATION L5-S1 (PRODORTH),Spine
LAMINECTOMY WITH PDS FIXATION MIS L5-S1 [ +- L4-5],Spine
LAMINECTOMY WITH PDS FIXATION T11-12,Spine
LAMINECTOMY WITH PDS FIXSTION L345,Spine
LAMINECTOMY WITH PDS L3-4-5-S1,Spine
LAMINECTOMY WITH PDS L345 (PRODORTH),Spine
LAMINECTOMY WITH PDS L4-5 (MIS),Spine
LAMINECTOMY WITH PDS L4-5 (MIS) WITH REMOVE TALOV CYST,Spine
LAMINECTOMY WITH PDS L4/5,Spine
LAMINECTOMY WITH PDS SCREW L3-4-5,Spine
LAMINECTOMY WITH PDS T10-T11,Spine
LAMINECTOMY WITH PEDICULAR SCREW FIXATION L45S1,Spine
LAMINECTOMY WITH TUMOR REMOVAL,Spine
LAMINECTOMY WITH TUMOR REMOVAL T11-12,Spine
LAMINECTOMY WITH TUMOR REMOVAL UNDER FLU,Spine
LAMINECTOMY? L2-3-4?+PDS L2-3-4?-4-5 -S1,Spine
LAMINECTOMYWITH PDS FIXATION,Spine
"LAMINECTOOMY C PDS FIXATION L4/5 , L5/S1",สาขา:ประสาทและสมอง
LAMINOTOMY L5 C TUMOR REMOVAL,สาขา:ประสาทและสมอง
LAMINOTOMY T5-6 WITH REMOVE TUMOR,สาขา:ประสาทและสมอง
LAP +/- OPEN RHC,GI_abdominal
LAP ADRENALECTOMY RT WITH LT DJ STENT,Vascular_interv
LAP APPENDECTOMY,GI_abdominal
LAP APR,GI_abdominal
LAP APR + TATME,GI_abdominal
LAP APR C LC,Hepatobiliary
LAP AR,สาขา:ลำไส้ใหญ่และทวารหนัก
LAP AR + WEDGE S6,สาขา:ลำไส้ใหญ่และทวารหนัก
LAP AR +/- TAH WITH BSO,สาขา:ลำไส้ใหญ่และทวารหนัก
LAP AR WITH OPEN WEDGE LIVER RESECTION + IOUS,Hepatobiliary
LAP CLOSURE COLOSTOMY,สาขา:ศัลยกรรมทั่วไป
LAP DIAGNOSIS THEN OPEN TOTAL GASTRECTOMY WITH SPLENECTOMY,GI_abdominal
LAP DISTAL GASTECTOMY,สาขา:ศัลยกรรมทั่วไป
LAP DISTAL PANCREATECTOMY,Hepatobiliary
LAP DISTAL PANCREATECTOMY + SPLENECTOMY + LC,Hepatobiliary
LAP ERHC,สาขา:ลำไส้ใหญ่และทวารหนัก
LAP ESOPHAGECTOMY,สาขา:ศัลยกรรมทั่วไป
LAP EXTENDED RHC,GI_abdominal
LAP EXTENDED RHC WITH VENTRAL RECTOPEXY,GI_abdominal
LAP EXTENDED RIGHT HEMICOLECTOMY,GI_abdominal
LAP FUNDOPLICATION WITH GASTROSTOMY,สาขา:ศัลยกรรมเด็ก
LAP IPOM,สาขา:ศัลยกรรมทั่วไป
LAP IPOM + TCC RT. IJV + REMOVE TK,Central_line
LAP LAR,GI_abdominal
LAP LAR + CAA,GI_abdominal
LAP LAR + CAA + DAI,GI_abdominal
LAP LAR + LOOP PROXIMAL TRANSVERSE COLOSTOMY,GI_abdominal
LAP LAR +/- CAA WITH PROTECTIVE COLOSTOMY,GI_abdominal
LAP LAR +/- CAA/APR,GI_abdominal
LAP LAR +/- OSTOMY,GI_abdominal
LAP LAR C DLI,GI_abdominal
LAP LAR WITH DLC,GI_abdominal
LAP LAR WITH DLI,GI_abdominal
LAP LAR WITH HIGH LIGATION,GI_abdominal
LAP LEFT ADRENALECTOMY,สาขา:ทางเดินปัสสาวะ
LAP LEFT HEMICOLECTOMY,GI_abdominal
LAP LEFT NEPHRECTOMY,Uro_other
LAP LEFT PARTIAL NEPHRECTOMY,Uro_other
LAP LEFT TAPP,สาขา:ศัลยกรรมทั่วไป
LAP LEFT TEP (OPTIME 1.5HR),สาขา:ศัลยกรรมทั่วไป
LAP LHC,GI_abdominal
LAP LHC + LC,Hepatobiliary
LAP LT NEPHECTOMY,สาขา:ทางเดินปัสสาวะ
LAP LT NEPHRECTOMY,Uro_other
LAP LT RADICAL NEPHRECTOMY,Uro_other
LAP LT TAPP,สาขา:ศัลยกรรมทั่วไป
LAP NEPHRECTOMY,Uro_other
LAP NEPHRECTOMY RT,Uro_other
LAP NEPHROURETERCTOMY WITH BLADDER CUFF EXCISION,Cystoscopy_URO
LAP RADICAL CYSTECTOMY WITH ILEAL CONDUIT,สาขา:ทางเดินปัสสาวะ
LAP RADICAL LT NEPHRECTOMY,Uro_other
LAP RADICAL NEPHRECTOMY,Uro_other
LAP RADICAL NEPHRECTOMY LT.,Uro_other
LAP RADICAL PROSTATECTOMY,Uro_other
LAP RHC,GI_abdominal
LAP RHC + LC,Hepatobiliary
LAP RHC C WEDGE LIVER S6,Hepatobiliary
LAP RHC WITH CHOLECYSTECTOMY,Hepatobiliary
LAP RIGHT ADRENALECTOMY,สาขา:ทางเดินปัสสาวะ
LAP RIGHT ADRENALECTOMY +/- OPEN SURGERY,สาขา:ศัลยกรรมทั่วไป
LAP RIGHT PYELOPLASTY WITH FLEXIBLE CYSTO WITH LASER RC,Cystoscopy_URO
LAP RT ADRENALECTOMY,สาขา:ทางเดินปัสสาวะ
LAP RT HEMICOLECTOMY,GI_abdominal
LAP RT NEPHRECTOMY,Uro_other
LAP RT NEPHRECTOMY +- OPEN,Uro_other
LAP RT NEPHRECTOMY C S7 SEGMENTECTOMY,Uro_other
LAP RT NEPHROURETERECTOMY WITH BLADDER CUFF EXCISION,Cystoscopy_URO
LAP RT TEP+/- TAPP,สาขา:ศัลยกรรมทั่วไป
LAP RT. HEMICOLECTOMY,GI_abdominal
LAP RT.HEMICOLECTOMY,GI_abdominal
LAP SIGMIODECTOMY,สาขา:ลำไส้ใหญ่และทวารหนัก
LAP SIGMOIDECTOMY,Endoscopy_GI
LAP SIGMOIDECTOMY + CLOSURE COLOSTOMY,Endoscopy_GI
LAP SIGMOIDECTOMY + LC,Endoscopy_GI
LAP SIGMOIDECTOMY + LC +MRI-TRUS BIOPSY,Endoscopy_GI
LAP SIGMOIDECTOMY +/- CLOSURE COLOSTOMY,Endoscopy_GI
LAP SIGMOIDECTOMY +/- CONVERT TO OPEN +/- COLOSTOMY,Endoscopy_GI
LAP SIGMOIDECTOMY C LN DISSECTION,Endoscopy_GI
LAP SPLEENECTOMY,สาขา:ศัลยกรรมทั่วไป
LAP SUBTOTAL COLECTOMY,GI_abdominal
LAP SUBTOTAL COLECTOMY +- RECTOPLEXY,GI_abdominal
LAP SUBTOTAL COLECTOMY +/- CONVERT TO OPEN + PROTECTIVE LOOP ILEOSTOMY,GI_abdominal
LAP TAPP,สาขา:ศัลยกรรมทั่วไป
LAP TAPP LT,สาขา:ศัลยกรรมทั่วไป
LAP TAPP RIGHT,สาขา:ศัลยกรรมทั่วไป
LAP TAPP RT,สาขา:ศัลยกรรมทั่วไป
LAP TEP LEFT,สาขา:ศัลยกรรมทั่วไป
LAP TEP LT,สาขา:ศัลยกรรมทั่วไป
LAP TOTAL PELVIC EXENTERATION WITH LC,Hepatobiliary
LAP URETEROLITHOTOMY RT. + TRUS BIOPSY,Cystoscopy_URO
LAP VENTRAL RECTOPEXY,สาขา:ลำไส้ใหญ่และทวารหนัก
LAP VENTRAL RECTOPLEXY,สาขา:ลำไส้ใหญ่และทวารหนัก
LAP VENTRAL RECTOPLEXY + BLADDER SLING,สาขา:ศัลยกรรมทั่วไป
LAP VENTRAL RECTPEXY + BLADDER SLING,สาขา:ลำไส้ใหญ่และทวารหนัก
LAP WEDGE LIVER RESECTION,Hepatobiliary
LAP-AR,สาขา:ลำไส้ใหญ่และทวารหนัก
LAP-LHC,GI_abdominal
LAP-SIGMOIDECTOMY,Endoscopy_GI
LAP. ADRENALECTOMY LT.,สาขา:ทางเดินปัสสาวะ
LAP. BILATERAL NEPHRECTOMY,Uro_other
LAP. DIAGNOSTIC + BIOPSY,Skin_softtissue
LAP. ENUCLEATION RT. AML,สาขา:ทางเดินปัสสาวะ
LAP. ENUECLEATION RK,สาขา:ทางเดินปัสสาวะ
LAP. LAR,GI_abdominal
LAP. LEFT ADRENALECTOMY,สาขา:ทางเดินปัสสาวะ
LAP. LHC,GI_abdominal
LAP. NEPHRECTOMY,Uro_other
LAP. NEPHRECTOMY LT.,Uro_other
LAP. ORCHIECTOMY RT,Uro_other
LAP. PARTIAL NEPHRECTOMY,Uro_other
LAP. PARTIAL NEPHRECTOMY LT.,Uro_other
LAP. PERITONEAL WINDOW,สาขา:หลอดเลือด
LAP. RADICAL NEPHRECTOMY,Uro_other
LAP. RADICAL NEPHRECTOMY LT.,Uro_other
LAP. RADICAL NEPHRECTOMY RT.,Uro_other
LAP. RADICAL PROSTATECTOMY,Uro_other
LAP. RADICAL PROSTECTOMY,สาขา:ทางเดินปัสสาวะ
LAP. RHC,GI_abdominal
LAP. RT URETEROLITHOTOMY + RT. ADRENALECTOMY,Cystoscopy_URO
LAP. RT. NEPHRO-URETERECTOMY WITH (OPEN) BLADDER CUFF EXCISION,Cystoscopy_URO
LAP. SIGMOIDECTOMY,Endoscopy_GI
LAP. SUBTOTAL COLOECTOMY,สาขา:ลำไส้ใหญ่และทวารหนัก
LAP. TAPP LT. SIDE,สาขา:ศัลยกรรมทั่วไป
LAP. TAPP RT.,สาขา:ศัลยกรรมทั่วไป
LAP. URETEROLITHOTOMY LT.,Cystoscopy_URO
LAP. URETEROLITHOTOMY RT.,Cystoscopy_URO
LAP.LAR +/- POSTERIOR PELVIC EXENTERATION +/- DLC,GI_abdominal
LAP.LHC,GI_abdominal
LAP.RHC C RFA HEMORRHOIDOPLASTY,Anorectal
LAP.SIGMOIDECTOMY,Endoscopy_GI
LAPARASCOPIC RHC,GI_abdominal
LAPAROSCOPIC + ENDOSCOPIC WEDGE GASTRECTOMY,GI_abdominal
LAPAROSCOPIC APPENDECTOMY,GI_abdominal
LAPAROSCOPIC APPENDECTOMY + LC + EGD + COLONOSCOPY,Endoscopy_GI
LAPAROSCOPIC APR,GI_abdominal
LAPAROSCOPIC AR,สาขา:ศัลยกรรมทั่วไป
LAPAROSCOPIC BDR + ROUX EN Y HEPATICOJEJUNOSTOMY +- OPEN,สาขา:ตับ/ตับอ่อน/ทางเดินน้ำดี
LAPAROSCOPIC BILATERAL OOPHORECTOMY,สาขา:ศัลยกรรมทั่วไป
LAPAROSCOPIC CHOLECYSTECTOMY,Hepatobiliary
LAPAROSCOPIC DIAGNOSIS WITH INCISIONAL BIOPSY,Skin_softtissue
LAPAROSCOPIC ERHC,สาขา:ลำไส้ใหญ่และทวารหนัก
LAPAROSCOPIC ERHC+ TK REMOVAL,สาขา:ลำไส้ใหญ่และทวารหนัก
LAPAROSCOPIC ESOPHAGECTOMY WITH COLONIC INTERTRANSPOSITION,สาขา:ศัลยกรรมทั่วไป
LAPAROSCOPIC EXTENDED RT. HEMICOLECTOMY,GI_abdominal
LAPAROSCOPIC GASTROJETJUNOSTOMY,สาขา:ศัลยกรรมทั่วไป
LAPAROSCOPIC LAR,GI_abdominal
LAPAROSCOPIC LAR + DLC,GI_abdominal
LAPAROSCOPIC LAR + DLC + LC,Hepatobiliary
LAPAROSCOPIC LAR +CAA,GI_abdominal
LAPAROSCOPIC LAR WITH CAA WITH LT HEMICOLECTOMY WITH PROTECTIVE OSTOMY,GI_abdominal
LAPAROSCOPIC LEFT HEMICOLECTOMY,GI_abdominal
LAPAROSCOPIC LHC,GI_abdominal
LAPAROSCOPIC LIVER 2/3 SEGMENTECTOMY,Hepatobiliary
LAPAROSCOPIC LT ADRENALECTOMY,สาขา:ศัลยกรรมทั่วไป
LAPAROSCOPIC LT NEPHRECTOMY,Uro_other
LAPAROSCOPIC LT.NEPHRECTOMY,Uro_other
LAPAROSCOPIC LYSIS ADHESION,สาขา:ศัลยกรรมทั่วไป
LAPAROSCOPIC LYSIS ADHESION +/- EL WITH COMPOSITE MESH,สาขา:ศัลยกรรมทั่วไป
LAPAROSCOPIC LYSIS ADHESION AND HYSTERECTOMY,สาขา:ศัลยกรรมทั่วไป
LAPAROSCOPIC PERITONEAL WINDOW,สาขา:หลอดเลือด
LAPAROSCOPIC RHC,GI_abdominal
LAPAROSCOPIC RIGHT ADRENALECTOMY +/- OPEN,สาขา:ศัลยกรรมทั่วไป
LAPAROSCOPIC RIGHT HEMICOLECTOMY,GI_abdominal
LAPAROSCOPIC RIGHT URETEROLITHROTOMY,Cystoscopy_URO
LAPAROSCOPIC RT HEMICOLECTOMY,GI_abdominal
LAPAROSCOPIC RT HEMICOLECTOMY/SUBTOTAL COLOECTOMY,GI_abdominal
LAPAROSCOPIC SIGMOIDECTOMY,Endoscopy_GI
LAPAROSCOPIC SIGMOIDECTOMY + LC,Endoscopy_GI
LAPAROSCOPIC SMALL BOWEL RESECTION,GI_abdominal
LAPAROSCOPIC SMALL BOWEL TUMOR RESECTION,GI_abdominal
LAPAROSCOPIC STC,สาขา:ลำไส้ใหญ่และทวารหนัก
LAPAROSCOPIC SUBTOTAL COLECTOMY,GI_abdominal
LAPAROSCOPIC TEP,สาขา:ศัลยกรรมทั่วไป
LAPAROSCOPIC TOTAL COLECTOMY,GI_abdominal
LAPAROSCOPIC URETEROLITHOTOMY,Cystoscopy_URO
LAPAROSCOPIC WEDGE TUMOR RESECTION,สาขา:ศัลยกรรมทั่วไป
LAPAROSCPIC LAR + DLC,GI_abdominal
LAPLHC +- SUBTOTAL COLECTOMY,GI_abdominal
LAPROSCOPIC SIGMOIDECTOMY,Endoscopy_GI
LAR,GI_abdominal
LAR + DIVERT OSTOMY + OPEN WEDGE S6/7,GI_abdominal
LARYNGOSCOPY AND OTHER TRACHEOSCOPY,ENT
LARYNGOSCOPY C TELE C EXCISION,ENT
LASEER VC,สาขา:ทางเดินปัสสาวะ
LASER CYSTOLITHOTRIPSY,Cystoscopy_URO
LASER CYSTOLITHOTRIPSY WITH TUR-P,Cystoscopy_URO
LASER CYSTOLITHROTRIPSY WITH TURP,Cystoscopy_URO
LASER HAEMORRHOIDOPLASTY,สาขา:ลำไส้ใหญ่และทวารหนัก
LASER HEMOPRRHOIDOPALSTY,สาขา:ลำไส้ใหญ่และทวารหนัก
LASER HEMOROIDOPLASTY,สาขา:ลำไส้ใหญ่และทวารหนัก
LASER HEMORRHOID,Anorectal
LASER HEMORRHOIDECTOMY,Anorectal
LASER HEMORRHOIDOPATHY +EXCISION SKIN TAG,Anorectal
LASER HEMORRHOIDOPLASTY,Anorectal
LASER HEMORRHOIDOPLASTY + HEMORRHOIDECTOMY,Anorectal
LASER URETHRAL STONE,Uro_other
LASER VC,สาขา:ทางเดินปัสสาวะ
LASER VC WITH TURP,Cystoscopy_URO
LASOR VC,สาขา:ทางเดินปัสสาวะ
LATERAL INTERNAL SPHINCTEROTOMY,Anorectal
LATERAL MASS C4-6,Skin_softtissue
LATERAL MASS SCREW C LAMINECTOMY C4-5-6,Spine
LATERAL MASS SCREW C3-6 WITH LAMINECTOMY C3-6,Spine
LATERAL MASS SCREW FIXATION,Skin_softtissue
LATERAL MASS SCREW FIXATION C5-7 WITH LAMINECTOMY C5-7,Spine
LB,สาขา:ตกแต่ง
LC,Hepatobiliary
LC (OPTIME 1.5HR),Hepatobiliary
LC (OPTIME 2 HR),Hepatobiliary
LC (OPTIME 2.5HR),Hepatobiliary
LC (OPTIME 2HR),Hepatobiliary
LC (OPTIME1.5H),Hepatobiliary
LC (OPTIME2HR),Hepatobiliary
LC + APPENDECTOMY,Hepatobiliary
LC + EGD FOR REMOVE STENT,Endoscopy_GI
LC + EGD REMOVE STENT,Endoscopy_GI
LC + ERCP,Endoscopy_GI
LC + LAP LARVAGE FOR CYTOLOGY + LAP DX PERITONEAL NODULE/ OMENTAL BIOPSY,Hepatobiliary
LC + LAPAROSCOPIC LAR + HAND-SEWN CAA,Hepatobiliary
LC + PEG/GASTROSTOMY/ + CHANGE TRACHEOSTOMY,Hepatobiliary
LC +IOC,Hepatobiliary
LC +LAP.APPENDECTOMY,Hepatobiliary
LC C IOC,Hepatobiliary
LC WITH EXCISION PARATHYROID AT RIGHT FOREARM (OPTIME3 HR),Hepatobiliary
LC WITH IOC STAND BY INTRAOP ERCP,Endoscopy_GI
LC เริ่ม 9.00น.,Hepatobiliary
LC+- WEDGE S3 LIVER LESION SIZE 7MM,Hepatobiliary
LC+/- CONVERT OC,Hepatobiliary
LC+IOC,Hepatobiliary
LEFT 5 TH FINGER AMPUTATION,สาขา:ศัลยกรรมทั่วไป
LEFT ADRENALECTOMY นอกเวลา,สาขา:ทางเดินปัสสาวะ
LEFT AXILLO-UNIFEMORAL BYPASS + ENDARTERECTOMY,สาขา:หลอดเลือด
"LEFT BCT (WIRE LOCALIZATION BY RADIOLOGIST) + TAD, GASTRO+COLONOSCOPE",Endoscopy_GI
LEFT BCT + ALND,Breast
LEFT BCT + SLNB,Breast
LEFT BCT + SLNB (WIRE LOCALIZATION),Breast
LEFT BCT + TAD,Breast
LEFT BCT +SLNB,Breast
LEFT BCT WITH SLNB,Breast
LEFT BRACHIOCEPHALIC AVF,Vascular_access
LEFT BREAST EXCISION,Breast
LEFT CENTRAL QUANDRANTECTOMY WITH SLNB,Breast
LEFT CENTRAL QUANDRECTOMY WITH SLNB,Breast
LEFT CLINOIDECTOMY WITH TUMOR REMOVAL,สาขา:ประสาทและสมอง
LEFT CRANIECTOMY C DEBRIDEMENT,Skin_softtissue
LEFT CRANIECTOMY C TUMOR REMOVAL,สาขา:ประสาทและสมอง
LEFT CRANIOPLASTY,Neuro_cranial
LEFT CRANIOTOMY C TUMOR REMOVAL,Neuro_cranial
LEFT CRANIOTOMY REMOVE TUMOR,Neuro_cranial
LEFT CRANIOTOMY WITH BRAIN ABSCESS EXCISION,Neuro_cranial
LEFT CRANIOTOMY WITH HEMATOMA REMOVALL,Neuro_cranial
LEFT CRANIOTOMY WITH REMOVE CLOT,Neuro_cranial
LEFT CRANIOTOMY WITH TUMOR REMOVAL,Neuro_cranial
LEFT CREANIECTOMY WITH TUMOR REMOVAL + REMOVE PLATE AND WOUND DEBRIDEMENT,Skin_softtissue
LEFT CUBITAL AVF,Vascular_access
LEFT DJ STENT,Vascular_interv
LEFT ENDOSCOPIC TUMOR REMOVAL,สาขา:หู คอ จมูก
LEFT EPIDEDYMECTOMY,สาขา:ทางเดินปัสสาวะ
LEFT FEMORAL ANGIOGRAM,Vascular_interv
LEFT FESS WITH MICRODEBRIDER,ENT
"LEFT FRONTAL CRANIOTOMY, TRANSCORTICAL-TRANSVENTRICULAR APPROACH WITH TUMOR REMOVAL",Neuro_cranial
LEFT FRONTAL PROGRAMABLE VP SHUNT,Neuro_cranial
LEFT FRONTAL VP SHUNT,Neuro_cranial
LEFT HERNIA REPAIR,GI_abdominal
LEFT HERNIA REPAIR WITH MESH,GI_abdominal
LEFT HERNIOPLASTY,สาขา:ลำไส้ใหญ่และทวารหนัก
LEFT HERNIORRHAPHY,GI_abdominal
LEFT HYDROCELCECTOMY,สาขา:ทางเดินปัสสาวะ
LEFT LAPAROSCOPIC NEPHROURETERECTOMY นอกเวลา,Cystoscopy_URO
LEFT LOWER AND RIGHT LOWER PARATHYROIDECTOMY,Thyroid_neck
LEFT MASTECOTMY WITH SLNB,Breast
LEFT MASTECTOMY + ALND,Breast
LEFT MASTECTOMY + SLNB,Breast
LEFT MASTECTOMY C SLNB,Breast
LEFT MASTECTOMY WITH ALND,Breast
LEFT MASTECTOMY WITH SLNB,Breast
LEFT MASTECTOMY WITH SNLB,Breast
LEFT MASTECTOMY WTIH SLNB,Breast
"LEFT MASTECTOMY, SLNB WITH RIGHT PROPHYLAXIS MASTECTOMY",Breast
LEFT MICRODOCHECTOMY,สาขา:ศัลยกรรมทั่วไป
LEFT MICROVASCULAR DECOMPRESSION,สาขา:ประสาทและสมอง
LEFT MICROVASCULAR DECOMPRESSION(MVD),สาขา:ประสาทและสมอง
LEFT MIDDLE MEATAL ANTROSTOMY,สาขา:หู คอ จมูก
LEFT MRM,Breast
"LEFT NIPPLE SPARING MASTECOMY, SLNB(DUAL TRACER), RIGHT PROPHYLAXIS MASTECTOMY WITH IMMEDIATE IMPLANT RECONSTRUCTION",Breast
"LEFT NSM, IMPLANT RECONSTRUCTION, SLNB",Breast
LEFT OCCIPITAL CRANIOTOMY WITH AVM EXCISION,Neuro_cranial
LEFT OPEN HERNIA REPAIR,GI_abdominal
LEFT ORCHIECTOMY,Uro_other
LEFT PARIETAL CRANIOTOMY WITH REMOVE TUMOR,Neuro_cranial
LEFT PCNL ญาติน้องอ้อย,Cystoscopy_URO
LEFT PERCUTANEOUS NEPHROSTOMY WITH FRAGMENTATION,Uro_other
LEFT PROPHYLAXIS MASTECTOMY,Breast
LEFT PTERIONAL CRANIOTOMY WITH REMOVE TUMOR,Neuro_cranial
LEFT RETROSIGMOID CRANIOTOMY WITH REMOVE TUMOR,Endoscopy_GI
LEFT RETROSIGMOID SOC WITH TUMOR REMOVAL,Endoscopy_GI
LEFT RETROSIGMOID SUBOCCIPITAL CRANIECTOMY WITH TUMOR REMOVAL,Endoscopy_GI
LEFT RP,สาขา:ทางเดินปัสสาวะ
LEFT SPHENOIDOTOMY,สาขา:หู คอ จมูก
"LEFT SSM, SLNB WITH IMMEDIATE IMPLANT RECONSTRUCTION",Breast
"LEFT SSM, SLNB, WITH IMPLANT RECONSTRUCTION",Breast
LEFT SUPERFICIAL +/- TOTAL PAROTIDECTOMY,สาขา:ศัลยกรรมทั่วไป
LEFT TB1,สาขา:หลอดเลือด
LEFT TB2,สาขา:หลอดเลือด
LEFT TEP,สาขา:ศัลยกรรมทั่วไป
LEFT THYROIDECTOMY,Thyroid_neck
LEFT TOEPVA,สาขา:ศัลยกรรมทั่วไป
LEFT TOETVA,Thyroid_neck
LEFT TOETVA WITH LEFT CND,Thyroid_neck
LEFT TOTAL MASTECTOMY + SLNB,Breast
LEFT TRANSORAL ENDOSCOPIC UPPER AND LOWER PARATHYROIDECTOMY UNDER GA,Thyroid_neck
LEFT UPPER PARATHYROIDECTOMY WITH 4 GLANDS EXPLORATION +/- LEFT THYROID LOBECTOMY,Thyroid_neck
LEFT URS +/- BX,Cystoscopy_URO
LEFT URS+BIOPSY,Cystoscopy_URO
LEFT URSL,สาขา:ทางเดินปัสสาวะ
LEFT URSL LASER ใช้ FLU,สาขา:ทางเดินปัสสาวะ
LEFT URSL WITH RIGHT RP,สาขา:ทางเดินปัสสาวะ
LEFT VAE + SLNB,Breast
LEFT VARICOCELECTOMY,สาขา:ทางเดินปัสสาวะ
LEFT VENTRICULOSTOMY,สาขา:ประสาทและสมอง
LEFT VERICOCELECTOMY,สาขา:ทางเดินปัสสาวะ
LEFT VP SHUNT,Neuro_cranial
LEFT VP SHUNT + OFF EVD,Neuro_cranial
LEFT VP SHUNT UNDER NEVIGATE,Neuro_cranial
LEFT VP SHUNT WITH OFF EVD,Neuro_cranial
LEFT WIDE EXCISION + SLNB,Breast
LEFT WIDE EXCISION WITH ALND,Breast
LEVATOPLASTY,สาขา:ลำไส้ใหญ่และทวารหนัก
LGIB,สาขา:ลำไส้ใหญ่และทวารหนัก
LIFT,Anorectal
LIFT + CORE OUT FISTULAECTOMY + LIS,Vascular_access
LIFT + DRAINAGE,Anorectal
LIFT + FISTULOTOMY,Vascular_access
LIFT AT 1 O'CLOCK,Anorectal
LIFT+/- CORE OUT FISTULA,Vascular_access
LIFT+CIS,Anorectal
LIFT+LIS,Anorectal
LIFTING,สาขา:ตกแต่ง
LIGASURE HEMORRHOIDECTOMY,Anorectal
LIGATE AVBG,Vascular_access
"LIGATE AVBG + TCC LT IJV , PALINDROME",Vascular_access
LIGATE AVBG LT FOREARM,Vascular_access
LIGATE AVBG LT UPPERARM,Vascular_access
"LIGATE AVBG WITH TCC RT IJV , HEMOFLOW",Vascular_access
LIGATE AVF,Vascular_access
LIGATE AVF + ANEURYSMECTOMY,Vascular_access
LIGATE AVF + ANEURYSMECTOMY + TCC RT.IJV + AVF RT.CUBITAL,Vascular_access
LIGATE AVF + PERM CATH,Vascular_access
"LIGATE AVF + TCC RT IJV , CENTROS",Vascular_access
LIGATE AVF + TCC RT IJV CENTROS,Vascular_access
LIGATE AVF + TCC RT+-LT IJV,Vascular_access
LIGATE AVF + TCC RT. IJV,Vascular_access
LIGATE AVF +- ANEURYSMECTOMY LT,Vascular_access
LIGATE AVF LT CUBITAL,Vascular_access
LIGATE AVF LT CUBITAL + TCC LT IJV,Vascular_access
"LIGATE AVF LT CUBITAL + TCC LT IJV , TRITON",Vascular_access
LIGATE AVF LT CUBITAL + TCC RT IJV PALINDROME,Vascular_access
LIGATE AVF LT CUBITAL ใหญ่มากกกก,Vascular_access
LIGATE AVF LT UPPER ARM C TCC RT IJV,Vascular_access
LIGATE AVF LT WRIST,Vascular_access
LIGATE AVF LT. BRANCH *2,Vascular_access
LIGATE AVF LT.CUBITAL C TCC AT RT.IJV,Vascular_access
LIGATE AVF RIGHT UPPER ARM C TCC RT.IJV,Vascular_access
LIGATE AVF RT CUBITAL,Vascular_access
"LIGATE AVF RT CUBITAL + TCC RT IJV , CENTROS",Vascular_access
"LIGATE AVF RT CUBITAL + TCC RT IJV , HEMOFLOW",Vascular_access
LIGATE AVF RT WRIST,Vascular_access
LIGATE AVF RT WRIST + AVF LT CUBITAL,Vascular_access
LIGATE AVF RT.WRIST,Vascular_access
LIGATE AVF UNDER LA,Vascular_access
LIGATE AVF WITH TCC AT LT IJV,Vascular_access
"LIGATE AVF WITH TCC LT IJV , CENTROS",Vascular_access
LIGATE AVF WITH TCC RT IJV,Vascular_access
LIGATE AVF+TCC RT IJV CENTROS,Vascular_access
LIGATE BRANCH *2 AVF LT.WRIST,Vascular_access
LIGATE BRANCH OF CEPHALIC VEIN,สาขา:หลอดเลือด
LIGATE BRANCH OF LT.CEPHALIC VEIN,สาขา:หลอดเลือด
LIGATE BRANCH OF LT.CEPHALIC VEIN + FISTULOGRAM +/- PTA,Vascular_access
"LIGATE CEPHALIC BRANCH , REMOVED TCC",สาขา:หลอดเลือด
LIGATE CEPHALIC BRANCH AVF LT WRIST,Vascular_access
LIGATE CEPHALIC BRANCH+REMOVE TCC RT IJV,Central_line
LIGATE CEPHALIC VEIN,สาขา:หลอดเลือด
LIGATE LT AVF,Vascular_access
LIGATE LT AVF + ANEURYSMECTOMY,Vascular_access
LIGATE+ANEURYSMECTOMY LT ARM+TCC FV,สาขา:หลอดเลือด
LIGATED AVF,Vascular_access
LIGATED AVF LT CUBITAL,Vascular_access
LIGATED BRANCH AVF LT CUBITAL,Vascular_access
LIGATION AVF LT CUBITAL,Vascular_access
LIGATION AVF RT CUBITAL + DLC TO TCC RT FV,Vascular_access
LIGATION LT AVF + ANEURYSMECTOMY UNDER GA WITH LMA,Vascular_access
LIMIT AMPUTATION 3RD FINGER,สาขา:ศัลยกรรมทั่วไป
"LIMIT AMPUTATION LT 4TH,5TH TOE",สาขา:ศัลยกรรมทั่วไป
LIPECTOMY,Skin_softtissue
LIPOFILLING AND SUCTION,สาขา:ตกแต่ง
LIPOFILLING LT BREAST,Breast
LIPOFILLING OF LEFT BREAST,Breast
LIPOLYSIS,สาขา:ตกแต่ง
LIPOSUCTION,สาขา:ตกแต่ง
LIPOSUCTION ABDOMEN AND ARM,สาขา:ตกแต่ง
LIPOSUCTION AND LIPOFILLING,สาขา:ศัลยกรรมทั่วไป
LIPOSUCTION OF AXILLARY BREAST TISSUE,Breast
LIPOSUCTION+/--EXCISION BOTH BREAST,Breast
LIS,Anorectal
LIS + EXCISION,Anorectal
LIS + FISTULECTOMY,Vascular_access
LIS + FISTULOTOMY,Vascular_access
LIS + HEMORRHOIDECTOMY,Anorectal
LIS + RBL,Anorectal
LIS UNDER LA,Anorectal
LIS WITH HEMORRHOIDECTOMY,Anorectal
LIS+EXCISION SENTINEL PILE,Anorectal
LIS+FISTULTOMY,Vascular_access
LN EXCISION,Skin_softtissue
LOCAL EXCISION OF LESION OF BREAST,Breast
LOCAL EXCISION OF LESION OR TISSUE OF BONE UNSPECIFIED SITE,Skin_softtissue
LOCAL WOUND DEBRIDEMENT AND RESUTURE WOUND AT NECK UNDER GA,Skin_softtissue
LOCALIZATION EXCISION RT BREAST,Breast
LOOP AVBG RT UPPER ARM,Vascular_access
LOOP COLOSTOMY,สาขา:ลำไส้ใหญ่และทวารหนัก
LOOP DISTAL TRANSVERSE COLOSTOMY,สาขา:ลำไส้ใหญ่และทวารหนัก
LOOP OVER LOOP AVBG LT.UPPER ARM + DLC RT EJV,Vascular_access
LOOP PROXIMAL COLOSTOMY,สาขา:ลำไส้ใหญ่และทวารหนัก
LOOP PROXIMAL TRANSVERSE COLOSTOMY,สาขา:ลำไส้ใหญ่และทวารหนัก
LOOP SIGMOID COLOSTOMY,Endoscopy_GI
LOWER BLEPAHROPLASTY,สาขา:ตกแต่ง
LOWER BLEPHALOPLASTY,สาขา:หู คอ จมูก
LOWER BLEPHAROPLAST,Blepharoplasty
LOWER BLEPHAROPLASTY,Blepharoplasty
LOWER EYELID CORRECTION,Blepharoplasty
LOWER EYELID CORRECTURE,Blepharoplasty
LOWER LAMINECTOMY L4-5 WITH REMOVED DISC,Spine
LOWER LID BLEPHAROPLASTY,Blepharoplasty
LOWER LIP REVISION,สาขา:ตกแต่ง
LP SHUNT,Neuro_cranial
LRKT,สาขา:ปลูกถ่ายอวัยวะ
LRP,สาขา:ทางเดินปัสสาวะ
LT 1ST TOE AMPUTATION,สาขา:หลอดเลือด
LT 1ST-3RD TOE AMPUTATION,สาขา:หลอดเลือด
LT 2ND TOE AMPUTATION,สาขา:หลอดเลือด
LT ATTICOTOMY +- MRMD + NIMS,สาขา:หู คอ จมูก
LT BB TRANSPOSITION,สาขา:หลอดเลือด
LT BCT + SLNB,Breast
LT BCT + SLNB + MCW LICAP RECONSTRUCTION & RT.BRAST MASS EXCISION + MAMMOPLASTY,Breast
LT BCT C SLNB,Breast
LT BCT WITH ALND,Breast
LT BCT WITH SLNB,Breast
LT BCT WITH SLNB WITH EXCISION R5 MASS,Breast
LT BIG TOE AMPUTATION,สาขา:ศัลยกรรมทั่วไป
LT BKA,สาขา:หลอดเลือด
LT BRACHIOANTECUBITAL AVF,Vascular_access
LT BRACHIOCEPHALIC AVF,Vascular_access
LT BRACHIOCEPHALIC AVF (CUBITAL),Vascular_access
LT BRACHIOCEPHLIC AVF,Vascular_access
LT BREAST EXCISION +- TOTAL MASTECTOMY C SLNB,Breast
LT BREAST MASS EXCISION,Breast
LT BURHOLE WITH IRRIGATION,สาขา:ประสาทและสมอง
LT BURR HOLE C IRRIGATION,Neuro_cranial
LT BURRHOLE C IRRIGATION,Neuro_cranial
LT CIA STENT WITH LT IIA EMBOLIZATION,Vascular_interv
LT COMPLETION TRANAXILLARY THYROIDECTOMY,Thyroid_neck
LT CRANIECTOMY C CLOT REMOVAL,สาขา:ประสาทและสมอง
LT CRANIECTOMY C REMOVE HEMATOMA,สาขา:ประสาทและสมอง
LT CRANIOPLASTY,Neuro_cranial
LT CRANIOTOMY C CLIPPING ANEURYSM,Neuro_cranial
LT CRANIOTOMY C TUMOR REMOVAL,Neuro_cranial
LT CRANIOTOMY CTUMOR REMOVAL,Neuro_cranial
LT CRANIOTOMY WITH CLIPPING ANEURYSM,Neuro_cranial
LT CRANIOTOMY WITH REMOVE TUMOR,Neuro_cranial
LT CRANIOTOMY WITH TUMOR REMOVAL,Neuro_cranial
LT CUBITAL AVF,Vascular_access
LT DECOMPRESSIVE CRANIECTOMY,สาขา:ประสาทและสมอง
LT DJ STENT EXCHANGING,Vascular_interv
LT DJ STENT REMOVAL,Vascular_interv
LT EMMM,สาขา:หู คอ จมูก
LT EMMM+DENTAL EXTRACTION,สาขา:หู คอ จมูก
LT ENDOCOPIC TYMPANOPLASTY (TEMPORALIS FASCIA),ENT
LT ENDOSCOPIC ATTICOTOMY,สาขา:หู คอ จมูก
LT ENDOSCOPIC FAT PLUG MYRINGOPLASTY,ENT
LT ENDOSCOPIC MARSUPIALIZATION,สาขา:หู คอ จมูก
LT ENDOSCOPIC TUMOR REMOVAL,สาขา:หู คอ จมูก
LT ENDOSCOPIC TUMOR REMOVAL WITH NAVIGATOR+-EXTERNAL APP,สาขา:หู คอ จมูก
LT ENDOSCOPIC TYMPANOPLASTY,ENT
LT ENDOSCOPIC TYMPANOPLASTY (TEMPORALIS FASCIA GRAFT),ENT
LT ENDOSCOPIC TYMPANOPLASTY (TRAGAL PERICHONDRIUM),ENT
LT FEMORAL ANGIOGRAM,Vascular_interv
LT FESS,ENT
LT FESS+ BILAT TURBINOPLASTY+ NAVIGATOR,ENT
LT FESS+- SEPTOPLASTY,ENT
LT FESS+SEPTOPLASTY,ENT
LT FIBULA BURRING,Skin_softtissue
LT FLEXIBLE URSL,สาขา:ทางเดินปัสสาวะ
LT FOREARM AVBG,Vascular_access
LT FOREARM BASILLIC VEIN TRANPOSITION,สาขา:หลอดเลือด
LT FOREARM BRACHIOBRACHIAL AVBG,Vascular_access
LT FOREARM LOOP AVBG,Vascular_access
LT FOREFOOT AMPUTATION,สาขา:หลอดเลือด
LT FRONTAL CRANIOTOMY WITH TUMOR REMOVAL,Neuro_cranial
LT HERNIOPLASTY,สาขา:ศัลยกรรมทั่วไป
LT HIGH LIGATION WITH VENOUS STRIPPING WITH PHELBECTOMY,สาขา:หลอดเลือด
LT HL WITH VS,สาขา:หลอดเลือด
LT HL WITH VS WITH PHLEBECTOMY,สาขา:หลอดเลือด
LT INTERNAL ILAC EMBOLIZATION,Vascular_interv
LT LAP NEPHRECTOMY,Uro_other
LT LAP TAPP,สาขา:ศัลยกรรมทั่วไป
LT LAP TEP,สาขา:ศัลยกรรมทั่วไป
LT LAP. TEP,สาขา:ศัลยกรรมทั่วไป
LT LATERAL SECTIONECTOMY,สาขา:ตับ/ตับอ่อน/ทางเดินน้ำดี
LT LATERAL TEMPORAL BONE RESECTION + ABDOMINAL FAT OBLITERATION + FACIAL NIMS,สาขา:หู คอ จมูก
LT LOBECTOMY,สาขา:ศัลยกรรมทั่วไป
LT LOOP FOREARM AVBG,Vascular_access
LT MASTEC + SLNB,Breast
LT MASTECTOMY,Breast
LT MASTECTOMY + ALND,Breast
LT MASTECTOMY + SLNB,Breast
LT MASTECTOMY C SLNB,Breast
LT MASTECTOMY WITH SLNB,Breast
LT MINICRANIOTOMY C CLOT REMOVAL,Neuro_cranial
LT MINICRANIOTOMY C REMOVE CLOT,Neuro_cranial
LT MINICRANIOTOMY WITH IRRIGATE,Neuro_cranial
LT MMA,สาขา:หู คอ จมูก
LT MMA+SEPTOPLASTY,ENT
LT MODIFIED RADICAL MASTOIDECTOMY WITH FACIAL NIMS,สาขา:หู คอ จมูก
LT MRM,สาขา:ศัลยกรรมทั่วไป
"LT MRM WITH CHEST WALL RESECTION AND RECONSTRUCTION,",สาขา:ศัลยกรรมทั่วไป
LT MVD,สาขา:ประสาทและสมอง
LT MYRINGOTOMY + PE TUBE INSERTION(LA),ENT
LT MYRINGOTOMY WITH PE TUBE,ENT
LT OCCIPITAL CRANIOTOMY C TUMOR REMOVAL,Neuro_cranial
LT OCCIPITAL CRANIOTOMY WITH RE-CLIPPING ANEURYSM WITH REMOVE CLOT,Neuro_cranial
LT OPEN HERNIOPLASTY,สาขา:ศัลยกรรมทั่วไป
LT ORCHIECTOMY,Uro_other
LT PARIETAL CRANIOTOMY WITH REMOVE TUMOR,Neuro_cranial
LT PCNL,Cystoscopy_URO
LT PROGRAMABLE VP SHUNT,Neuro_cranial
LT RADICAL MASTOIDECTOMY + FACIAL NIMS,สาขา:หู คอ จมูก
LT RADIOCEPHALIC AVF,Vascular_access
LT RADIOCEPHALIC AVF [PROXIMALIZATION],Vascular_access
LT RADIOCEPHALIC AVF [SNUFFBOX],Vascular_access
LT RETROSIGMOID CRANIOTOMY C TUMOR REMOVAL,Endoscopy_GI
LT RETROSIGMOID SOC WITH CAVERNOMA REMOVAL,Endoscopy_GI
LT RFA,สาขา:หลอดเลือด
LT RFA WITH MULTIPLE PHLEBECTOMY,สาขา:หลอดเลือด
LT RFA WITH PHLEBECTOMY,สาขา:หลอดเลือด
LT RIBS RESECTION,สาขา:ทรวงอก
LT RP+/-DJ STENT,Vascular_interv
LT SNUFFBOX AVF,Vascular_access
LT SPJ LIGATION + STAB AVULSION LEFT LEG,สาขา:หลอดเลือด
"LT SSM, SLNB, RT PROPHYLAXIS SSM ENDOSCOPIC ASSIST WITH IMMEDIATE RECOSTRUCTION",Breast
LT SUBOCCIPITAL CRANIOTOMY C MICROVASCULAR DECOMPRESSION,Neuro_cranial
LT SUPERFICIAL PAROTIDECTOMY UNDER GA,Skin_softtissue
LT TB1,สาขา:หลอดเลือด
LT TB2,สาขา:ศัลยกรรมทั่วไป
LT TEP,สาขา:ศัลยกรรมทั่วไป
LT THORACOTOMY C DECORTICATION C DRAINAGE,สาขา:ทรวงอก
LT THORACOTOMY WITH DECORTICATION,สาขา:ทรวงอก
LT THORACOTOMY WITH PDA LIGATION,สาขา:โรคหัวใจ
LT THYROID LOBECTOMY,Thyroid_neck
LT TM C LT SLNB,Breast
LT TOETVA,Thyroid_neck
LT TONSILLECTOMY WITH COBLATOR,ENT
LT TYMPANOMASTOIDECTOMY,สาขา:หู คอ จมูก
LT TYMPANOMASTOIDECTOMY + FACIAL NIMS,สาขา:หู คอ จมูก
LT UPPER ARM AVBG,Vascular_access
LT UPPER ARM LOOP AVBG,Vascular_access
LT UPPERARM LOOP AVBG,Vascular_access
LT URETEROSTOS TUBE EXCHANGING UNDER LA,Cystoscopy_URO
LT URS,Cystoscopy_URO
LT URSL,สาขา:ทางเดินปัสสาวะ
LT URSL + REMOVE DJ STENT,Vascular_interv
LT URSL +- DJ STENT,Vascular_interv
LT URSL +- LT DJ STENT,Vascular_interv
LT URSL WITH DJ STENT,Vascular_interv
LT VATS C BIOPSY,Skin_softtissue
LT VATS C BLEBECTOMY C PLEURODESIS,สาขา:โรคหัวใจ
LT VENOUS STRIPPING + MULTIPLE PHLEBECTOMY,สาขา:หลอดเลือด
LT VP SHUNT,Neuro_cranial
LT VP SHUNT + OFF EVD,Neuro_cranial
"LT VP SHUNT, TRACHEOSTOMY",Neuro_cranial
"LT, VAE WITH SLNB",Breast
LT- URS-L,Cystoscopy_URO
LT. BB TRANSPOSITION,สาขา:หลอดเลือด
LT. BB TRANSPOSITION (TB2),สาขา:หลอดเลือด
LT. BCT WITH SLNB WITH LICAP,Breast
LT. BCT+SLNB,Breast
LT. BRACHIOCEPHALIC AVF,Vascular_access
LT. BRACHIOCEPHLIC AVF,Vascular_access
LT. COMPLETION THYROIDECTOMY,Thyroid_neck
LT. CRANIECTOMY C TUMOR REMOVAL,สาขา:ประสาทและสมอง
LT. CRANIECTOMY DECOMPRESSIVE,สาขา:ประสาทและสมอง
LT. DJ STENT EXCHANGING,Vascular_interv
LT. DJ STENT EXCHANGING UNDER IV SEDATION,Vascular_interv
LT. DJ STENT INSERTION,Vascular_interv
LT. DJ STENT PLACEMENT,Vascular_interv
LT. DJ STENT REMOIVAL WITH RP +- RIRS,Vascular_interv
LT. DJ STENT REMOVAL UNDER LA,Vascular_interv
LT. ESS +/- SEPTOPLASTY,ENT
LT. FEMORAL ANGIOGRAPHY,Vascular_interv
LT. FIFTH TOE AMPUTATION,สาขา:ศัลยกรรมทั่วไป
LT. FLEXIBLE URS - L WITH DJ STENT,Cystoscopy_URO
LT. HERNIOPLASTY,สาขา:ศัลยกรรมทั่วไป
LT. HIGH LIGATION WITH VENOUS STRIPPING WITH PHLEBECTOMY,สาขา:หลอดเลือด
LT. HYDROCELECTOMY,Uro_other
LT. LAP. TEP,สาขา:ศัลยกรรมทั่วไป
LT. MASTECTOMY,Breast
LT. MASTECTOMY + SLNB,Breast
LT. MASTECTOMY WITH SLNB,Breast
LT. MASTECTOMY WITH SLNB(DUAL TECHNIQUE),Breast
LT. MEDIUM PRESSURE VP SHUNT,Neuro_cranial
LT. MRM,Breast
LT. MYRINGOTOMY C PE TUBE,ENT
LT. NEPHRECTOMY,Uro_other
LT. OCCIPITAL CRANIOTOMY WITH TUMOR REMOVAL,Neuro_cranial
LT. ORCHIECTOMY (INGUINAL APPROACH),Uro_other
LT. PARTIAL GLOSSECTOMY C SND (AREA 1-3),ENT
LT. PCNL,Cystoscopy_URO
LT. PCNL +- LT. DJ STENT,Cystoscopy_URO
LT. PROGRAMMABLE VP SHUNT+ REMOVE OLD VP SHUNT,Neuro_cranial
"LT. RETROSIGMOID CRANIOTOMY WITH TUMOR REMOVAL, MONITORING CN7",Endoscopy_GI
LT. RIRS WITH LASER ENDOPYELOTOMY,สาขา:ทางเดินปัสสาวะ
LT. RP +/- DJ STENT INSERTION,Vascular_interv
LT. SPHENOIDECTOMY + MICRODEBRIDER+ NAVIGATOR,Skin_softtissue
LT. SUPERFICIAL PAROTIDECTOMY,Skin_softtissue
LT. TB1,สาขา:หลอดเลือด
LT. TB2,สาขา:หลอดเลือด
LT. THORACOTOMY WITH PERICARDIAL WINDOW,สาขา:โรคหัวใจ
LT. THYROID LOBECTOMY,Thyroid_neck
LT. THYROID LOBECTOMY +/- TTD,Thyroid_neck
LT. TM + SLNB,Breast
LT. TOETVA,Thyroid_neck
LT. TRANSAXILLARY THYROIDECTOMY,Thyroid_neck
LT. TWO BURR HOLE DRAINAGE,Neuro_cranial
LT. URETEROSTOMY EXCHANGING,Cystoscopy_URO
LT. URS + DJ STENT,Cystoscopy_URO
LT. URS +/- DJ STENT,Cystoscopy_URO
LT. URS-L,Cystoscopy_URO
LT. URS-L WITH DJ STENT,Cystoscopy_URO
LT. URS-L WITH YEARLY DJ STENT,Cystoscopy_URO
LT. URSL,สาขา:ทางเดินปัสสาวะ
LT. URSL + DJ STENT,Vascular_interv
LT. URSL + REMOVE DJ STENT,Vascular_interv
LT. URSL + REMOVE RT. DJ STENT,Vascular_interv
LT. URSL +/- DJ STENT,Vascular_interv
LT. VARICOCELECTOMY,สาขา:ทางเดินปัสสาวะ
LT. VASECTOMY,Uro_other
LT. VENOGRAM +/- PTA,สาขา:หลอดเลือด
LT. VP SHUNT,Neuro_cranial
LT.ALAR RECONSTRUCTION,สาขา:ตกแต่ง
LT.BB TRANSPOSITION,สาขา:หลอดเลือด
LT.BB TRANSPOSTION,สาขา:หลอดเลือด
LT.BCT C ACLN,Breast
LT.BCT+SLNB,Breast
LT.BCT+TAD,Breast
LT.BKA,สาขา:หลอดเลือด
LT.CRANECTOMY WITH REMOVE CLOT WITH LT.FRONTAL LOBECTOMY,สาขา:ประสาทและสมอง
LT.CUBITAL AVF,Vascular_access
LT.DJ INSERTION UNDER TIVA,สาขา:ทางเดินปัสสาวะ
LT.FOREARM LOOP AVBG,Vascular_access
LT.HEMICOLECTOMY,GI_abdominal
LT.MASTECTOMY,Breast
LT.MASTECTOMY + SLNB,Breast
LT.MASTECTOMY WITH ALND,Breast
LT.MASTECTOMY WITH LT.ALND WITH EXCISION RT. BREAST MASS,Breast
LT.MICRODOCHECTOMY,สาขา:ศัลยกรรมทั่วไป
LT.MVD,สาขา:ประสาทและสมอง
LT.PARIETAL CRANIOTOMY WITH TUMOR REMOVAL,Neuro_cranial
LT.RETROGRADE PYELOGRAM +LT.URS + LT.DJ STENT UNDER GA,Cystoscopy_URO
LT.SUBMANDIBULECTOMY,Skin_softtissue
LT.TB1,สาขา:หลอดเลือด
LT.TB2,สาขา:หลอดเลือด
LT.TOTAL PAROTIDECTOMY C LT. MRND,ENT
LT.URETEROLITHOTOMY,Cystoscopy_URO
LT.URS+ DJ STENT,Cystoscopy_URO
LT.VATS+ LUL BLEBECTOMY + PLEURECTOMY,สาขา:ทรวงอก
LT.VP SHUNT(MEDIUM PRESSURE),Neuro_cranial
LT.WRIST AVF,Vascular_access
LTTOETVA,Thyroid_neck
LUL LOBECTOMY,สาขา:ทรวงอก
LYMPHATIC MALFORMATION OPERATION EXCISION UNDER GA,Skin_softtissue
MAMMOPLASTY,สาขา:ตกแต่ง
MASS AT RT. HIP,Skin_softtissue
MASS REMOVAL,Skin_softtissue
MASS REMOVAL (SMALL MASS),Skin_softtissue
MASS REMOVAL AT LT. SHOULDER,Skin_softtissue
MEATOTMY WITH CYSTOSCOPE,Cystoscopy_URO
MEATOTOMY WITH FLEXIBLE CYSTO UNDER LA,Cystoscopy_URO
MEDIAN STERNOTOMY C TUMOR REMOVAL,สาขา:ทรวงอก
MEDIAN STERNOTOMY WITH PERICARDIECTOMY,สาขา:ทรวงอก
MEDIAN STERNOTOMY WITH THYMECTOMY,สาขา:ศัลยกรรมทั่วไป
MEDIAN SUBOCCIPITAL CRANIECTOMY C POSTERIOR FOSSA DECOMPRESSION,สาขา:ประสาทและสมอง
MEDIASTERNOTOMY WITH INCISIONAL BIOPSY,Skin_softtissue
MESH REMOVAL,สาขา:ลำไส้ใหญ่และทวารหนัก
MICRO DL + EXCISION (GA),Skin_softtissue
MICRO DL C EXCISION,Skin_softtissue
MICRO DL EXCISION,Skin_softtissue
MICRODISCECTOMY L5-S1,Spine
MICRODISCECTOMY S5-L1 RT,Spine
MICRODISECECTOMY L4-5,สาขา:ประสาทและสมอง
MICRODISECTOMY L5S1 LT,สาขา:ประสาทและสมอง
MICRODISSECTOMY,สาขา:ประสาทและสมอง
MICRODL C BX,สาขา:หู คอ จมูก
MICRODL C EXCISION,Skin_softtissue
MICRODOCHECTOMY,Breast
MICRODOCHECTOMY AT RT BREAST,Breast
MICRODOCHECTOMY LT BREAST,Breast
MICRODOCHECTOMY OF LEFT BREAST,Breast
MICRODOCHECTOMY OF RIGHT BREAST,Breast
MICRODOCHECTOMY OF RIGHT NIPPLE,Breast
MICRODOCHECTOMY WITH WIDE EXCISION RT BREAST,Breast
MICRODOCHECTOMYRT BREAST,Breast
MICROSCOPE,สาขา:ประสาทและสมอง
"MICROSCOPE , SPINE CLASSIC RETRACTOR , DRILL",Spine
"MICROSCOPE , TISSEEL GLUE, DORO RETRACTOR , TAFLON FELT",สาขา:ประสาทและสมอง
MICROSCOPE MAYFIELD DORO,สาขา:ประสาทและสมอง
"MICROSCOPE, MAYFIELD, DORO",สาขา:ประสาทและสมอง
MICROSCOPIC DISCECTOMY L5-S1,Spine
MICROSCOPIC ENDONASAL TRANSPHENOID APPROACH WITH TUMOR REMOVAL,สาขา:ประสาทและสมอง
MICROWAVE ABLATION,สาขา:ศัลยกรรมทั่วไป
MICROWAVE ABLATION AT LEFT THYROID MASS,Thyroid_neck
MICROWAVE ABLATION AT RIGHT THYROID MASS,Thyroid_neck
MICROWAVE ABLATION BILATERAL THYROID MASS,Thyroid_neck
MICROWAVE ABLATION BOTH THYROID LOBE UNDER LA,Thyroid_neck
MICROWAVE ABLATION LEFT THYROID MASS,Thyroid_neck
MICROWAVE ABLATION LEFT THYROID MASS UNDER LA,Thyroid_neck
MICROWAVE ABLATION RIGHT THYROID MASS UNDER LA,Thyroid_neck
MICROWAVE ABLATION RIGHT THYROID MASSES X2,Thyroid_neck
MICROWAVE ABLATION THERAPY UNDER LA,สาขา:ศัลยกรรมทั่วไป
MICROWAVE ABLATION THYROID NODULES UNDER LA,Thyroid_neck
MICROWAVE ABLATION UNDER GA,สาขา:ศัลยกรรมทั่วไป
MICROWAVE ABLATION UNDER LA,สาขา:ศัลยกรรมทั่วไป
MIF TLIF L 4-5,Spine
MINI CRANIECTOMY,สาขา:ประสาทและสมอง
MINI FACE LIFING,สาขา:ตกแต่ง
MINI FACE LIFTING,สาขา:ตกแต่ง
MINICRANIOTOMY C CLOT REMOVAL,Neuro_cranial
"MINICRANIOTOMY WITH CLOT REMOVAL, TRACHEOSTOMY",Neuro_cranial
MINICRANIOTOMY WITH REMOVE HEMATOMA,Neuro_cranial
MINITHORACOTOMY WITH DECORTICATION,สาขา:ทรวงอก
MINITHORACOTOMY WITH REMOVE CHEMOPORT,Central_line
MIROWAVE ABLATION,สาขา:ศัลยกรรมทั่วไป
MIS C TLIF L4-L5,Spine
"MIS L3-4,L4-5 LAMINECTOMY WITH PDS FIXATION",Spine
MIS L345 LAMINECTOMY C PDS FIXATION,Spine
MIS L4-5 DISSECTOMY C PDS FIXATION,สาขา:ประสาทและสมอง
MIS L4-5 LAMINECTOMY C PDS,Spine
MIS L4-5 PDS FIXATION,สาขา:ประสาทและสมอง
MIS L4-5 PDS FIXATION WITH MICRODISCETOMY,สาขา:ประสาทและสมอง
MIS L4-S1 LAMINECTOMY WITH PDS FIXATION,Spine
MIS LAMINECTOMY C PDS FIXATION L5S1,Spine
MIS PDS C LAMINECTOMY L4-5,Spine
MIS TILF L4-5,สาขา:ประสาทและสมอง
MIS TILF L4/5,สาขา:ประสาทและสมอง
MIS TLIF L 345,Spine
MIS TLIF L 4-5,Spine
MIS TLIF L3/4 L4/5,Spine
MIS TLIF L345,Spine
MIS TLIF L4-5,Spine
MIS TLIF L4-5 WITH PDS FIXATION,Spine
MIS TLIF L4-L5,Spine
MIS TLIF L4/5,Spine
MIS TLIF L45,Spine
MIS TLIF L45S1,Spine
MIS TLIF L5-S1,Spine
MIS TLIF L5-S1 (+- L4-5),Spine
MIS TLIF L5/S1,Spine
MMF,สาขา:ตกแต่ง
MODIFIED CAPSO,สาขา:หู คอ จมูก
MODIFIED CAPSO+ RF NOSE,ENT
MODIFIED RADICAL MASTOIDECTOMY LT.,สาขา:หู คอ จมูก
MODIFIED RADICAL MASTOIDECTOMY RT,สาขา:หู คอ จมูก
MR- FUSION PROSTATE BIOPSY,Uro_other
MR- FUSION PROSTATE BIOSY UNDER GA,Uro_other
MRI - FUSION TRUS BX,Cystoscopy_URO
MRI -FUSION,Cystoscopy_URO
MRI FUSION BIOPSY,Cystoscopy_URO
MRI FUSION BX,Cystoscopy_URO
MRI FUSION BX (TRANPERINEUM),Cystoscopy_URO
MRI FUSION BX.,Cystoscopy_URO
MRI FUSION C BX,Cystoscopy_URO
MRI FUSION PROSTATE,Cystoscopy_URO
MRI FUSION PROSTATE BIOPSY,Cystoscopy_URO
MRI FUSION PROSTATE BX,Cystoscopy_URO
MRI FUSION TRU BX,Cystoscopy_URO
MRI FUSION TRUS - BIOPSY,Cystoscopy_URO
MRI FUSION TRUS BIOPSY,Cystoscopy_URO
MRI FUSION TRUS BX,Cystoscopy_URO
MRI FUSION TRUS-BX,Cystoscopy_URO
MRI FUSION TRUX BS,Cystoscopy_URO
MRI FUSION TRUX BX,Cystoscopy_URO
MRI FUSION WITH BX,Cystoscopy_URO
MRI FUSTION TRUX BX,สาขา:ทางเดินปัสสาวะ
MRI-FUSION,Cystoscopy_URO
MRI-TRUS FUSION BIOPSY,Cystoscopy_URO
MRI-TRUS FUSION PROSTATE BIOPSY,Cystoscopy_URO
MRI/TRUS-FUSION BX,Cystoscopy_URO
MRM C TRAM FLAP,Skin_softtissue
MUCOSECTOMY,สาขา:ลำไส้ใหญ่และทวารหนัก
MVD,สาขา:ประสาทและสมอง
MWA,สาขา:ศัลยกรรมทั่วไป
MWA AT LEFT THYROID MASS UNDER GA,Thyroid_neck
MWA AT LEFT THYROID MASS X 2,Thyroid_neck
MWA BOTH LOBE,สาขา:ศัลยกรรมทั่วไป
MWA RIGHT THYROID CYST,Thyroid_neck
MWA UNDER U/S GUIDED,สาขา:ศัลยกรรมทั่วไป
MYRINGOPLASTY,ENT
MYRINGOTOMY + TRIUNE INSERTION,ENT
MYRINGOTOMY + TRIUNE INSERTION (LA),ENT
MYRINGOTOMY C PE TUBE,ENT
NAIL EXTRACTION,สาขา:ศัลยกรรมทั่วไป
NAN,สาขา:หู คอ จมูก
NASAL ENDOSCOPE + REMOVE PACKING + STOP BLEEDING +- RT SPA LIGATION,สาขา:หู คอ จมูก
NASAL ENDOSCOPY + DL + BIOPSY,Skin_softtissue
NASAL ENDOSCOPY + DL + BIOPSY +- RT TONSILLECTOMY,ENT
NASAL ENDOSCOPY + OFF PACKING +- SPA LIGATION,สาขา:หู คอ จมูก
NASAL RECONSTRUCTION,สาขา:ตกแต่ง
NASAL TELE+CAUTERY,สาขา:หู คอ จมูก
NASAL TELE+OFF PACKING +- CAUTERY,สาขา:หู คอ จมูก
NASAL TELE+OFF PACKING +- LT SPA LIGATION,สาขา:หู คอ จมูก
NASAL TELE+STOP BLEEDING,สาขา:หู คอ จมูก
NEEDLE LOCALIZATION EXCISION,Skin_softtissue
NEEDLE LOCALIZATION RT BREAST MASS R12,Breast
NEEDLE LOCALIZE EXCISION,Skin_softtissue
NEEDLE LOCALIZE EXCISION LT BREAST,Breast
NEEDLE LOCALIZE EXCISION LUOQ,Skin_softtissue
NEEDLE LOCALIZED EXCISION,Skin_softtissue
NEEDLE LOCALIZED EXCISION LT,Skin_softtissue
NEEDLE LOCALIZED EXCISION LT BREAST (OPTIME 2 HR),Breast
NEEDLE LOCALIZED EXCISION LT.BREAST WITH LT.AXILLARY LN SAMPLING,Breast
NEEDLE LOCALIZED EXCISION RILQ ABNORMAL CALCIFICATION,Skin_softtissue
NEEDLE LOCALIZED EXCISION RT BREAST,Breast
NEEDLE LOCALIZED EXCISIONAL BIOPSY AT SEGMENTAL CALCIFICATION RT LIQ,Skin_softtissue
NERVE EXPLORETION ( BUCCAL BR OF RT FACIAL N.),สาขา:ตกแต่ง
NIP BONE + SUTURE WOUND,Skin_softtissue
NLE BOTH BREAST,Breast
NLE LEFT BREAST,Breast
NLE LT BREAST,Breast
NLE RT BREAST,Breast
NLE WITH SLNB BOTH BREAST,Breast
NONEXICISIONAL DEBRIDEMENT,Skin_softtissue
NV FLAP RT 2 ND FINGER AND CLOSE STUMP RT 3RD FINGER UNDER BPB,Skin_softtissue
OC,สาขา:ตับ/ตับอ่อน/ทางเดินน้ำดี
OC + IOC,สาขา:ศัลยกรรมทั่วไป
OC + REPAIR SB + CHOLANGIOGRAM + FROZEN SECTION CYSTIC DUCT MARGIN +/- PYLORIC EXCLUSION GJA +/- WHIPPLE???,Vascular_interv
"OC + WEDGE LIVER SEGMENT 4B,5",Hepatobiliary
OCHIECTOMY,สาขา:ทางเดินปัสสาวะ
OEPN SUBTOTAL GASTRECTOMY WITH D2 LYMPHADENECTOMY WITH PERITONEAL LAVAGE,GI_abdominal
OFF ARCH BAR,สาขา:ตกแต่ง
OFF CHEMOPERT,สาขา:ลำไส้ใหญ่และทวารหนัก
OFF DJ,สาขา:ทางเดินปัสสาวะ
OFF DJ RT,สาขา:ทางเดินปัสสาวะ
OFF DJ STENT,Vascular_interv
OFF DJ STENT +-CIRCUMCISION,Uro_other
OFF DJ STENT LT,Vascular_interv
OFF DJ STENT UNDER LA,Vascular_interv
OFF DJ STENT UNDER SEDATE,Vascular_interv
OFF DJ STENT UNDER TIVA,Vascular_interv
OFF DJ STENT+ CHANGE BILAT DJ STENT UNDER GAIV,Vascular_interv
OFF IVC FILTER,สาขา:หลอดเลือด
OFF LEFT DJ,สาขา:ทางเดินปัสสาวะ
OFF LEFT DJ STENT FLEXIBLE,Vascular_interv
OFF LT DJ STENT,Vascular_interv
OFF LT. DJ STENT,Vascular_interv
OFF PERM CATH,Vascular_access
"OFF RT, DJ STENT",Vascular_interv
OFF RT. CHEMOPORT,Central_line
OFF RT. DJ STENT,Vascular_interv
OFF RT. RJ STENT,Vascular_interv
OFF TANKOFF,สาขา:ศัลยกรรมทั่วไป
OFF TCC,สาขา:หลอดเลือด
OFF TCC + FISTULOGRAM +/- PTA,Vascular_access
OFF TCC + PTA,สาขา:หลอดเลือด
OFF TCC RT IJV,Central_line
"OFF TCC RT IJV , TCC LT IJV CENTROS",Central_line
OFF TCC RT IJV ON BILINTA,Central_line
OFF TCC RT. IJV,Central_line
OFF TCC RT.IJV UNDER LA,Central_line
"OFF TCC, FISTULOGRAM +/- PTA",Vascular_access
OFF TK,สาขา:ศัลยกรรมทั่วไป
OP : RT. OCCIPITAL CRANIOTOMY WITH TUMOR REMOVAL,Neuro_cranial
OPE LT THYROIDECTOMY,Thyroid_neck
OPEN & DRAINAGE,สาขา:ศัลยกรรมทั่วไป
OPEN ABD WALL HERNIA REPAIR,GI_abdominal
OPEN ABDOMINAL AORTIC ANEURYSMORRHAPHY,สาขา:หลอดเลือด
OPEN ANEURYSMORHAPPHY USING BIFURCATED GRAFT/TUBE GRAFT,Skin_softtissue
OPEN ANEURYSMORRHAPHY WITH TUBE GRAFT,Skin_softtissue
OPEN ANTERIOR RESECTION,GI_abdominal
OPEN APPENDECTOMY,GI_abdominal
OPEN AR,สาขา:ลำไส้ใหญ่และทวารหนัก
OPEN AR +/- DLI,สาขา:ศัลยกรรมทั่วไป
OPEN AR WITH CYSTECTOMY WITH ILEAL CONDUIT,สาขา:ลำไส้ใหญ่และทวารหนัก
OPEN AR WITH IOUS,สาขา:ลำไส้ใหญ่และทวารหนัก
OPEN AR WITH TAH AND BSO WITH +/- SMALL BOWEL RESECTION +/- WEDGE BLADDER,GI_abdominal
OPEN AR WITH WEDGE LIVER RESECTION S7,Hepatobiliary
OPEN BILAT NEPHRECTOMY,Uro_other
OPEN BILATERAL HERNIOPLASTY,สาขา:ศัลยกรรมทั่วไป
OPEN BIOPSY AT S1,Skin_softtissue
OPEN BIOPSY OF LARYNX OR TRACHEA,Skin_softtissue
OPEN BIOPSY OF TONGUE,Skin_softtissue
OPEN BX.,สาขา:ตกแต่ง
OPEN BY PASS FROM FA TO P3,สาขา:หลอดเลือด
OPEN C WEDGE RESECTION RUL MASS,Skin_softtissue
OPEN CHOLCYSTECTOMY +- REPAIR CBD,Hepatobiliary
OPEN CHOLECYSTECTOMY,Hepatobiliary
OPEN CHOLECYSTECTOMY +/- REPIAR CBD,Hepatobiliary
OPEN CHOLECYSTECTOMY C IOC,Hepatobiliary
OPEN CHOLECYSTECTOYMY +- S2 WEDGE LIVER RESECTION,Hepatobiliary
OPEN CHOLECYTECTOMY,Hepatobiliary
OPEN COMPLETION LEFT THYROIDECTOMY,Thyroid_neck
OPEN COMPLETION LEFT THYROIDECTOMY WITH CENTRAL LN DISSECTION,Thyroid_neck
OPEN COMPLETION LEFT THYROIDECTOMY WITH CND,Thyroid_neck
OPEN COMPLETION LEFT THYROIDECTOMY WITH LEFT CND AND FROZEN SECTION LYMPH NODE LEVEL 3 AT LEFT SIDE +/- LEFT MRND,Thyroid_neck
OPEN COMPLETION PARATHYROIDECTOMY LT SCM + FROZEN SECTION เคสแรก** เครียมเครื่อง USG,Thyroid_neck
OPEN COMPLETION RIGHT THYROIDECTOMY,Thyroid_neck
OPEN COMPLETION RIGHT THYROIDECTOMY WITH BILAT. CND,Thyroid_neck
OPEN COMPLETION RIGHT THYROIDECTOMY WITH NIMS,Thyroid_neck
OPEN COMPLETION RT THYROIDECTOMY,Thyroid_neck
OPEN COMPLETION THYROIDECTOMY,Thyroid_neck
OPEN CYSTOLITHOTOMY,Cystoscopy_URO
OPEN DECORTICATED LT CHEST,สาขา:ทรวงอก
OPEN DISTAL PANCREATECOMY WITH SPLENIC PRESERVATION WITH EGD,Endoscopy_GI
OPEN DISTAL PANCREATECTOMY,Hepatobiliary
OPEN DISTAL PANCREATECTOMY + SPLENECTOMY,Hepatobiliary
"OPEN DP, WARSHAW TECHNIQUE",สาขา:ตับ/ตับอ่อน/ทางเดินน้ำดี
OPEN DRAINAGE +/- ORCHIDECTOMY,Uro_other
OPEN DRAINAGE WITH EL,สาขา:ศัลยกรรมทั่วไป
OPEN ERHC,สาขา:ลำไส้ใหญ่และทวารหนัก
"OPEN ESOPHAGOGASTRECTOMY WITH SB RECONSTRUCTION , INTRAOP FROZEN",GI_abdominal
OPEN EXTENDED CHOLECYSTECTOMY,Hepatobiliary
OPEN EXTENDED CHOLECYSTECTOMY +/- EN BLOC COLON RIGHT SIDE,Hepatobiliary
OPEN EXTENDED RIGH HEMICOLECTOMY,GI_abdominal
OPEN FEEDING JEJUNOSTOMY,สาขา:ศัลยกรรมทั่วไป
OPEN GASTROSTOMY,สาขา:ศัลยกรรมทั่วไป
OPEN GASTROSTOMY INSERTION,สาขา:ศัลยกรรมทั่วไป
OPEN GASTROTOMY,สาขา:ศัลยกรรมทั่วไป
OPEN GRAFT AND CHANGE VAC,Skin_softtissue
OPEN HEMORRHOIDECTOMY,Anorectal
OPEN HENIOPLASTY,สาขา:ศัลยกรรมทั่วไป
"OPEN HERNIA REPAIR, RIGHT",GI_abdominal
OPEN HERNIOPLASTY,สาขา:ศัลยกรรมทั่วไป
OPEN HERNIOPLASTY LT,สาขา:ศัลยกรรมทั่วไป
OPEN HERNIOPLASTY RT,สาขา:ศัลยกรรมทั่วไป
OPEN HERNIOPLASTY RT SIDE,สาขา:ศัลยกรรมทั่วไป
OPEN INCISIONAL HERNIA REPAIR,GI_abdominal
OPEN L3/4 L4/5 PDS C LAMINECTOMY,Spine
OPEN LAR,GI_abdominal
OPEN LAR + CYSTECTOMY + ILEAL CONDUIT + S3 SACRECTOMY + PERINEAL RESECTION,GI_abdominal
OPEN LAR + DIVERTING LOOP COLOSTOMY,GI_abdominal
OPEN LAR + LT NEPHRECTOMY,Uro_other
OPEN LAR + VAGINECTOMY + DIVERT LOOP TRANSVERSE COLOSTOMY,GI_abdominal
"OPEN LAR + WEDGE LIVER S6,8",Hepatobiliary
OPEN LAR +- APR,GI_abdominal
OPEN LAR +/- DLI WITH INTRA OP COLONOSCOPY,Endoscopy_GI
OPEN LAR +/-APR,GI_abdominal
OPEN LAR C HAARTMAN (END COLOSTOMY),GI_abdominal
OPEN LAR WITH LOOP PROXIMAL TRANSVERSE COLOSTOMY WITH WEDGE BLADDER +/- CYSTECTOMY WITH ILEAL CONDUIT,GI_abdominal
OPEN LAR WITH LT NEPHRECTOMY,Uro_other
OPEN LEFT ADRENALECTOMY,สาขา:ศัลยกรรมทั่วไป
OPEN LEFT HEPATECTOMY,Hepatobiliary
OPEN LEFT HERNIOPLASTY,สาขา:ศัลยกรรมทั่วไป
OPEN LEFT HERNIOPLASTY WITH UMBILICAL HERNIA REPAIR,GI_abdominal
OPEN LEFT HERNIORRHAPHY,สาขา:ลำไส้ใหญ่และทวารหนัก
OPEN LEFT LATERAL SEGMENTECTOMY,สาขา:ตับ/ตับอ่อน/ทางเดินน้ำดี
OPEN LEFT LOWER AND UPPER PARATHYROIDECTOMY UNDER GA,Thyroid_neck
OPEN LEFT LOWER PARATHYROIDECTOMY +/- LEFT UPPER PARATHYROIDECTOMY,Thyroid_neck
OPEN LEFT LYMPH NODE FROZEN SECTION +/- COMPLETION THYROIDECTOMY AND LEFT MRND,Thyroid_neck
OPEN LEFT NEPHRECTOMY,Uro_other
OPEN LEFT SUBSTERNAL THYROID RESECTION WITH LEFT THYROID LOBECTOMY AND ISTHMECTOMY,Thyroid_neck
OPEN LEFT SUPERFICIAL PAROTIDECTOMY AND OPEN TOTAL THYROIDECTOMY,Thyroid_neck
OPEN LEFT THORACOTOMY AND LLLOBECTOMY,สาขา:ทรวงอก
OPEN LEFT THYROID LOBECTOMY,Thyroid_neck
OPEN LEFT THYROID LOBECTOMY AND ISTHMECTOMY,Thyroid_neck
OPEN LEFT THYROIDECTOMY,Thyroid_neck
OPEN LEFT THYROIDECTOMY AND ISTHMECTOMY,Thyroid_neck
OPEN LEFT UPPER AND LOWER PARATHYROIDECTOMY,Thyroid_neck
OPEN LHC,GI_abdominal
OPEN LHC WITH DJ STENT INSERTION,Vascular_interv
OPEN LHC WITH OPEN S6 SEGMENTECTOMY,GI_abdominal
OPEN LIVER S6 RESECTION,Hepatobiliary
OPEN LIVER SEGMENT 8 RESECTION,Hepatobiliary
OPEN LT HERNIOPLASTY,สาขา:ศัลยกรรมทั่วไป
OPEN LT HERNIOPLASTY (OPTIME1.5HR),สาขา:ศัลยกรรมทั่วไป
OPEN LT LOBECTOMY,สาขา:ศัลยกรรมทั่วไป
OPEN LT THYROID LOBECTOMY,Thyroid_neck
OPEN LT THYROIDECTOMY,Thyroid_neck
OPEN LT. HERNIOPLASTY,สาขา:ศัลยกรรมทั่วไป
OPEN LT. RADICAL NEPHRECTOMY,Uro_other
OPEN LT. THORACOTOMY WITH PERICARDIAL WINDOW,สาขา:โรคหัวใจ
OPEN LT. THYROID LOBECTOMY,Thyroid_neck
OPEN LT.HERNIOPLASTY,สาขา:ลำไส้ใหญ่และทวารหนัก
OPEN LUL LOBECTOMY WITH FROZEN SECTION WITH LYMPHNODES RESECTION +- LPAPLASTY,สาขา:ทรวงอก
OPEN NEPHRECTOMY,Uro_other
OPEN NOVASPINE L4/5 PDS C LAMINECTOMY,Spine
OPEN PANCREATICODUODENECTOMY,Hepatobiliary
OPEN PDS FIXATION T9-L1,สาขา:ประสาทและสมอง
OPEN RADICAL CYSTECTOMY WITH ILEAL CONDUIT,สาขา:ทางเดินปัสสาวะ
OPEN RADICAL NEPHRECTOMY นอกเวลา,Uro_other
"OPEN RAMPS (PANCREATECTOMY, SPLENECTOMY, TISSUE RESECTION, LND > ANTR RAMPS)",สาขา:ตับ/ตับอ่อน/ทางเดินน้ำดี
OPEN REDUCTION NASAL BONE,Fracture_fixation
OPEN REMNANT CHOLECYSTECTOMY,Hepatobiliary
OPEN REPAIR,สาขา:หลอดเลือด
OPEN REPAIR AAA,สาขา:หลอดเลือด
OPEN REPAIR DIAPHRAGMATIC HERNIA,GI_abdominal
OPEN REPAIR HERNIA,GI_abdominal
OPEN REPAIR HERNIA RT,GI_abdominal
"OPEN REPAIR HERNIA, GYNE ทำ SO ต่อ SET เป็น CASE สุดท้าย",GI_abdominal
OPEN REPAIR INCISIONAL HERNIA,GI_abdominal
OPEN REPAIR UMBILICAL HERNIA,GI_abdominal
OPEN REVISION NECK UNDER GA,สาขา:ศัลยกรรมทั่วไป
OPEN RH,สาขา:ตับ/ตับอ่อน/ทางเดินน้ำดี
OPEN RHC,GI_abdominal
OPEN RHC + IOUS,GI_abdominal
OPEN RHC +/- OC,GI_abdominal
OPEN RHC+- REPAIR DUODENUM,GI_abdominal
OPEN RIB RESECTION WITH RECONSTRUCTION WITH PLATE AND SCREW,สาขา:ทรวงอก
OPEN RIGHT ADRENALECTOMY,สาขา:ศัลยกรรมทั่วไป
OPEN RIGHT ANTERIOR SECTIONECTOMY,สาขา:ตับ/ตับอ่อน/ทางเดินน้ำดี
OPEN RIGHT HEPATECTOMY,Hepatobiliary
OPEN RIGHT HEPATECTOMY+S1+BDR+LND,Hepatobiliary
OPEN RIGHT HERNIOPLASTY,สาขา:ศัลยกรรมทั่วไป
OPEN RIGHT HERNIOPLASTY (OPTIME1.5HR),สาขา:ศัลยกรรมทั่วไป
OPEN RIGHT HERNIOPLASTY WITH MESH GRAFT,Skin_softtissue
OPEN RIGHT LOWER LOBECTOMY,สาขา:โรคหัวใจ
OPEN RIGHT LOWER PARATHYROIDECTOMY +/- UPPER GLAND,Thyroid_neck
OPEN RIGHT NEPHRECTOMY,Uro_other
OPEN RIGHT PARATHYROIDECTOMY UNDER GA,Thyroid_neck
"OPEN RIGHT POSTERIOR SECTIONECTOMY + WEDGE S4,8 +/- OC",สาขา:ตับ/ตับอ่อน/ทางเดินน้ำดี
OPEN RIGHT RADICAL NEPHRECTOMY WITH WEDGE IVC,Uro_other
OPEN RIGHT SUBSTERNAL THYROIDECTOMY,Thyroid_neck
OPEN RIGHT SUBSTERNAL THYROIDECTOMY AND ISTHMECTOMY,Thyroid_neck
OPEN RIGHT SUBSTERNAL THYROIDECTOMY WITH ISTHMECTOMY,Thyroid_neck
OPEN RIGHT THYRIOD LOBECTOMY WITH RIGHT PARATHYRIODECTOMY,สาขา:ศัลยกรรมทั่วไป
OPEN RIGHT THYROID LOBECTOMY,Thyroid_neck
OPEN RIGHT THYROID LOBECTOMY AND ISTHMECTOMY,Thyroid_neck
OPEN RIGHT THYROID LOBECTOMY AND PARATHYROIDECTOMY,Thyroid_neck
OPEN RIGHT THYROID LOBECTOMY WITH ISTHMECTOMY UNDER GA,Thyroid_neck
OPEN RIGHT THYROID LOBECTOMY WITH RIGHT UPPER AND LOWER PARATHYROIDECTOMY,Thyroid_neck
OPEN RIGHT THYROIDECTOMY,Thyroid_neck
OPEN RIGHT THYROIDECTOMY WITH BILATERAL PARATHYROIDECTOMY,Thyroid_neck
OPEN RIGHT THYROIDECTOMY WITH ISTHMECTOMY,Thyroid_neck
OPEN RIGHT THYROIDECTOMY WITH ISTHMECTOMY +/- CND,Thyroid_neck
OPEN RIGHT TRISECTIONECTOMY+CAUDATE LOBECTOMY+PV RESECTION WITH RECONSTRUCTION+BILE DUCT RESECTION+LYMPHNODE DISSECTION+ROU-EN Y HEPATICOJEJUNOSTOMY,สาขา:ตับ/ตับอ่อน/ทางเดินน้ำดี
OPEN RIGHT UPPER AND LOWER PARATHYROIDECTOMY,Thyroid_neck
OPEN RIGHT UPPER AND LOWER PARATHYROIDECTOMY +/- LEFT LOWER PARATHYROIDECTOMY,Thyroid_neck
OPEN RIGHT UPPER AND LOWER PARATHYROIDECTOMY WITH OPEN LEFT THYROID LOBECTOMY UNDER GA,Thyroid_neck
OPEN RIGHT UPPER PARATHYROIDECTOMY UNDER GA,Thyroid_neck
OPEN RT HEMICOLECTOMY,GI_abdominal
OPEN RT HERNIOPLASTY,สาขา:ศัลยกรรมทั่วไป
OPEN RT HERNIOPLASTY (OPTIME1.5HR),สาขา:ศัลยกรรมทั่วไป
OPEN RT POSTERIOR SECTIONECTOMY,สาขา:ตับ/ตับอ่อน/ทางเดินน้ำดี
OPEN RT POSTERIOR SEGTIONECTOMY,สาขา:ตับ/ตับอ่อน/ทางเดินน้ำดี
OPEN RT RADICAL NEPHRECTOMY,Uro_other
OPEN RT THYROID LOBECTOMY,Thyroid_neck
OPEN RT THYROIDECTOMY,Thyroid_neck
OPEN RT THYROIDECTOMY C ISTHMECTOMY,Thyroid_neck
OPEN RT. HERNIOPLASTY,สาขา:ศัลยกรรมทั่วไป
OPEN RT. LOWER PARATHYROIDECTOMY +/- RT. THYROIDECTOMY,Thyroid_neck
OPEN RT. RADICAL NEPHRECTOMY,Uro_other
OPEN RT. THORACOTOMY WITH WEDGE EXCISION OR INCISIONAL BIOPSY RLL,Skin_softtissue
OPEN RT. THYROIDECTOMY,Thyroid_neck
OPEN RT.HERNIOPLASTY,GI_abdominal
OPEN S8 RESECTION,สาขา:ตับ/ตับอ่อน/ทางเดินน้ำดี
OPEN SEGMENT 4 RESECTION + DROP COLOSTOMY,สาขา:ตับ/ตับอ่อน/ทางเดินน้ำดี
"OPEN SEGMENTECTOMY 5,6 + OC",สาขา:ตับ/ตับอ่อน/ทางเดินน้ำดี
OPEN SEGMENTECTOMY S4B 5,สาขา:ตับ/ตับอ่อน/ทางเดินน้ำดี
OPEN SEGMENTECTOMY S6&8,สาขา:ศัลยกรรมทั่วไป
OPEN SIGMOIDECTOMY,Endoscopy_GI
"OPEN SIGMOIDECTOMY + SIMULTANEOU SWEDGE LIVER S5,6,7",Endoscopy_GI
OPEN SIGMOIDECTOMY + WEDGE LIVER RESECTION S6 +/- PARAAORTIC LN RESECTION,Endoscopy_GI
OPEN SIGMOIDECTOMY C WEDGE BLADDER +/- ILEAL CONDUIT,Endoscopy_GI
OPEN SIGMOIDECTOMY WITH WEDGE BLADDER WITH URITERIC STENT,Endoscopy_GI
OPEN SIGMOIDECTOMY WITH WEDGE LIVER S7,Endoscopy_GI
OPEN SISTRUNK OPERATION,สาขา:ศัลยกรรมทั่วไป
OPEN SPLENECTOMY,สาขา:ศัลยกรรมทั่วไป
OPEN SUBTOTAL COLECTOMY,GI_abdominal
OPEN SUBTOTAL COLECTOMY + HIPEC,GI_abdominal
OPEN SUBTOTAL PARATHYROIDECTOMY,Thyroid_neck
OPEN SUBTOTAL PARATHYROIDECTOMY UNDER GA,Thyroid_neck
OPEN THORACOTOMY WITH DECORTICATE RIGHT LUNG,สาขา:ทรวงอก
OPEN THORACOTOMY WITH PLEURAL DRAINAGE +/- DECORTICATE,สาขา:ทรวงอก
OPEN THORACOTOMY WITH PLEURAL DRAINAGE RT LUNG,สาขา:ทรวงอก
OPEN THYROID CYST RESECTION WITH ISTHMUSECTOM,Thyroid_neck
OPEN THYROIDECTOMY RT,Thyroid_neck
OPEN TOTAL PARATHYROIDECTOMY WITH AT TO LEFT FOREARM UNDER GA,Thyroid_neck
OPEN TOTAL PARATHYROIDECTOMY WITH ATX TO LEFT FOREARM,Thyroid_neck
OPEN TOTAL PARATHYROIDECTOMY WITH ATX TO RIGHT FOREARM,Thyroid_neck
OPEN TOTAL PARATHYROIDECTOMY WITH ATX TO RT FOREARM,Thyroid_neck
OPEN TOTAL PARATHYROIDECTOMY WITH AUTOTRANSPLANT,Thyroid_neck
OPEN TOTAL PARATHYROIDECTOMY WITH AUTOTRANSPLANT TO LT. FOREARM,Thyroid_neck
OPEN TOTAL PARATHYROIDECTOMY WITH AUTOTRANSPLANTATION TO LEFT FOREARM,Thyroid_neck
OPEN TOTAL PARATHYROIDECTOMY WITH AUTOTRANSPLANTATION TO RIGHT FOREARM,Thyroid_neck
OPEN TOTAL PARATHYROIDECTOMY WITH AUTOTRANSPLANTATION TO RIGHT FOREARM +/- MEDIAN STERNOTOMY,Thyroid_neck
OPEN TOTAL PARATHYROIDECTOMY WITH AUTOTRANSPLANTATION TO RIGHT FOREARM UNDER GA,Thyroid_neck
OPEN TOTAL PARATHYROIDECTOMY WITHOUT AUTOTRANSPLANTATION (+/- MEDIAN STERNOTOMY),Thyroid_neck
OPEN TOTAL THYRIODECTOMY WITH RT MRND WITH BILATERAL CND,สาขา:ศัลยกรรมทั่วไป
OPEN TOTAL THYROIDECTMY,Thyroid_neck
OPEN TOTAL THYROIDECTOMY,Thyroid_neck
OPEN TOTAL THYROIDECTOMY (UNCONTROLLED),Thyroid_neck
OPEN TOTAL THYROIDECTOMY + CENTRAL NODE,Thyroid_neck
OPEN TOTAL THYROIDECTOMY +/- BILAT CND,Thyroid_neck
OPEN TOTAL THYROIDECTOMY +/- CND,Thyroid_neck
OPEN TOTAL THYROIDECTOMY +/- RIGHT CND,Thyroid_neck
OPEN TOTAL THYROIDECTOMY +/-CND +/-LT MRND +/- GASTROSTOMY +/-TRACHEOSTOMY,Thyroid_neck
OPEN TOTAL THYROIDECTOMY C CND,Thyroid_neck
OPEN TOTAL THYROIDECTOMY WITH BILAT. CND,Thyroid_neck
OPEN TOTAL THYROIDECTOMY WITH BILAT. CND WITH 4 GLANDS PARATHYROID EXPLORATION AND PARATHYROIDECTOMY,Thyroid_neck
OPEN TOTAL THYROIDECTOMY WITH BILATERAL CENTRAL NECK DISSECTION,Thyroid_neck
OPEN TOTAL THYROIDECTOMY WITH BILATERAL CND,Thyroid_neck
OPEN TOTAL THYROIDECTOMY WITH BILATERAL CND + RT.MRND+RT.IJV RESECTION +/- TRACHEOSTOMY,Central_line
OPEN TOTAL THYROIDECTOMY WITH BILATERAL PROPHYLACTIC CND WITH RIGHT MRND WITH LEFT LN BIOPSY---> FROZEN,Thyroid_neck
OPEN TOTAL THYROIDECTOMY WITH LEFT UPPER AND LOWER PARATHYROIDECTOMY,Thyroid_neck
OPEN TOTAL THYROIDECTOMY WITH LN DISSECTION,Thyroid_neck
OPEN TOTAL THYROIDECTOMY WITH LN LEVEL 6 DISSECTION,Thyroid_neck
OPEN TOTAL THYROIDECTOMY WITH PROPHYLACTIC BILATERAL CENTRAL NECK DISSECTION,Thyroid_neck
OPEN TOTAL THYROIDECTOMY WITH PROPHYLACTIC CENTRAL NECK DISSECTION,Thyroid_neck
OPEN TOTAL THYROIDECTOMY WITH PROPHYLACTIC CND,Thyroid_neck
OPEN TOTAL THYROIDECTOMY WITH RIGHT PARATHYROIDECTOMY WITH ATX TO RIGHT FOREARM,Thyroid_neck
OPEN TOTAL THYROIDECTOMY WITH SUBTOTAL PARATHYROIDECTOMY,Thyroid_neck
OPEN TOTAL TOETVA,Thyroid_neck
OPEN TTD,สาขา:ศัลยกรรมทั่วไป
OPEN TTD +/- CND,สาขา:ศัลยกรรมทั่วไป
OPEN TTD +/- LN DISSECTION,สาขา:ศัลยกรรมทั่วไป
OPEN TTD +/- LN LEVEL 6 DISSECTION,สาขา:ศัลยกรรมทั่วไป
OPEN TTD +/- PARATHYROID ATX,Thyroid_neck
OPEN TTD WITH BILAT. CND WITH RIGHT MRND,สาขา:ศัลยกรรมทั่วไป
OPEN TTD WITH CND,สาขา:ศัลยกรรมทั่วไป
OPEN TTD WITH TRACHEA RESECTION WITH +- TRACHEOSTOMY WITH THERAPEUTIC LEFT CND WITH PROPHYLAXIS RT CND WITH BILATERAL THERAPEUTIC MRND,Tracheostomy
OPEN UMBILICAL HERNIA REPAIR,GI_abdominal
OPEN URETEROLITHOTOMY,Cystoscopy_URO
OPEN URETEROURETEROSTOMY,Cystoscopy_URO
OPEN WEDGE LIVER S6,Hepatobiliary
OPEN WEDGE LIVER S7,Hepatobiliary
OPEN WEDGE RESECTION,สาขา:ตับ/ตับอ่อน/ทางเดินน้ำดี
OPEN WEDGE S4A/B,สาขา:ศัลยกรรมทั่วไป
"OPEN WEDGE S5,6 +/- OC",สาขา:ตับ/ตับอ่อน/ทางเดินน้ำดี
OPEN WEDGE S7,สาขา:ศัลยกรรมทั่วไป
"OPEN WEDGE SEGMENT 2,7,8 + LAR SIMULTANEOUS",GI_abdominal
OPEN WHIPPLE OPERATION,Hepatobiliary
OPENED GASTRECTOMY,GI_abdominal
OPENED GASTROSTOMY,สาขา:ศัลยกรรมทั่วไป
OPENED MINITHORACOTOMY WITH WEDGE RESECTION RUL,สาขา:ทรวงอก
OPENED TOTAL THYROIDECTOMY,Thyroid_neck
OPERATIONS ON PROSTATE AND SEMINAL VESICLES,Uro_other
OR FOR WIDE EXCISION ON NOSE AND LEFT TEMPORAL REA AND EC 10/10/2024,ENT
ORCHIOPEXY,Uro_other
ORIF,Fracture_fixation
ORIF C BONE GRAFT 1 ST MCP,Fracture_fixation
ORIF C IMF,Fracture_fixation
ORIF C K-WIRE FIXATION,Fracture_fixation
"ORIF C P&S RT ZYGOMA, BOTH MAXILLAE, MANDIBLE C RT ORBITAL FLOOR RECONSTRUCTION C 3D-MESH PLATE WITH ARCH BAR IMF WITH PRIMARY WOUND CLOSURE",Fracture_fixation
ORIF C PAF RT ZYGOMA,Fracture_fixation
ORIF C PAS C MMF,Fracture_fixation
ORIF C PLATE & SCREW FIXATION,Fracture_fixation
ORIF C PLATE & SCREW FIXATION C ARCH BAR INTERMAXILLAR FIXATION C LT ZYGOMATIC ARCH REDUCTION,Fracture_fixation
ORIF C PLATE AND SCREW C CLOSED REDUCTION OF NASAL BONE +- MMF,Fracture_fixation
ORIF C PLATE AND SCREW RT. ZYGOMA,Fracture_fixation
ORIF C PLATE&SCREW +ORBITAL FLOOR RECONSTRUCTION C MESH PLATE,Fracture_fixation
ORIF C PLATE&SCREW FIXATION C REPAIR TENDON +- K-WIRE FIXATION,Fracture_fixation
ORIF C PS C K-WIRE RT HAND,Fracture_fixation
ORIF LT. ZYGOMA,Fracture_fixation
"ORIF MANDIBLE, MAXILLA",Fracture_fixation
ORIF ON MANDIBLE,Fracture_fixation
ORIF WITH K WIRE + TENDON REPAIR LT. INDEX FINGER,Fracture_fixation
ORIF WITH P&S + CLOSED REDUCTION OF NASAL BONE,Fracture_fixation
ORIF WITH P&S WITH ARCH BAR MMF,Fracture_fixation
ORIF WITH PAS AT RT.ZYGOMA,Fracture_fixation
ORIF WITH PAS WITH MMF,Fracture_fixation
ORIF WITH PLATE AND SCREW,Fracture_fixation
ORIF WITH PLATE AND SCREW AT MANDIBLE,Fracture_fixation
"ORIF WITH PLATE AND SCREW ON MANDIBLE,MAXILLAR, ZYGOMA WITH MMF",Fracture_fixation
ORIF WITH PLATE AND SCREW WITH MMF,Fracture_fixation
ORIF WTIH PAS WITH MMF,Fracture_fixation
ORIF+PLATE,Fracture_fixation
OSTECTOMY,สาขา:ตกแต่ง
OSTEOTOMY,สาขา:ตกแต่ง
"OSTEOTOMY, LOCAL",สาขา:ตกแต่ง
OTHER BRONCHOSCOPY,สาขา:หู คอ จมูก
OTHER CERVICAL BIOPSY,Skin_softtissue
OTHER CRANIOTOMY,Neuro_cranial
OTHER ENDOSCOPY OF SMALL INTESTINE,Endoscopy_GI
OTHER EXCISION OF LESION OR TISSUE OF LIP,Skin_softtissue
OTHER EXCISION OF MOUTH,Skin_softtissue
OTHER EXCISION OF SALIVARY GLAND LESION,ENT
OTHER EXCISION OF SOFT TISSUE,Skin_softtissue
OTHER HERNIA REPAIR,GI_abdominal
OTHER INCISION OF SKIN AND SUBCUTANEOUS TISSUE,สาขา:หู คอ จมูก
OTHER INCISION WITH DRAINAGE OF SKIN AND SUBCUTANEOUS TISSUE,สาขา:หู คอ จมูก
OTHER OPERATIONS ON SALIVARY GLAND OR DUCT,ENT
OTHER SEPTOPLASTY,ENT
PACKING LT MASTOID AIR CELL,สาขา:ประสาทและสมอง
"PALATE EXAM, +- REDU PALATOPLASTY",สาขา:ตกแต่ง
PALATOPLASTY,สาขา:ตกแต่ง
PALATOPLASTY + BILATERAL MYRINGOTOMY +- PT TUBE,ENT
PALIATIVE SIGMOID COLOSTOMY,Endoscopy_GI
PALLIATIVE MASTECTOMY,Breast
PALLIATIVE MASTECTOMY LT BREAST,Breast
PALLIATIVE RT MASTECTOMY,Breast
PANCREATODUODENECTOMY,Hepatobiliary
PARATHYROIDECTOMY,Thyroid_neck
PARTIAL GLOSSECTOMY,ENT
PARTIAL GLOSSECTOMY C LT. MRND +/- SKIN GRAFT LT. THIGH OR LT. PMM FLAP,ENT
PARTIAL GLOSSECTOMY LT. AND SND LEVEL 1-4,ENT
PARTIAL GLOSSECTOMY LT. C LT. SND,ENT
PARTIAL GLOSSECTOMY LT. C LT. SND 1-3 C PRIMARY CLOSURE,ENT
PARTIAL MANDIBULECTOMY,สาขา:หู คอ จมูก
PARTIAL PENECTOMY,สาขา:ทางเดินปัสสาวะ
"PARTIAL,OR SUBTOTAL THYROIDECTOMY,ISTHMECTOMY,OTHER",Thyroid_neck
PCN,สาขา:ทางเดินปัสสาวะ
PCNL LT.,Cystoscopy_URO
PCNL RT,Cystoscopy_URO
PCNL RT.,Cystoscopy_URO
PD,สาขา:ศัลยกรรมทั่วไป
PDS C LAMINECTOMY L2-L5 UNDER NAVIGATOR BRAIN LAB,Spine
PDS FIXATION AT T3-T7,สาขา:ประสาทและสมอง
PDS FIXATION L1-3 CROSS LINK,สาขา:ประสาทและสมอง
PDS FIXATION L4/5,สาขา:ประสาทและสมอง
PEDICULAR SCREW C7-T1 WITH LAMINECTOMY C7-T1 UNDER NAVIGATION,Spine
PEDICULAR SCREW FIXATION C6-T1 WITH LAMINECTOMY C7,Spine
PEDICULAR SCREW FIXATION T12-L2,Spine
PEDICULAR SCREW FIXATION T12-L4,Spine
PEDICULAR SCREWS FIXATION L2-5,Spine
PEDICULAR SCREWS FIXATION L2345S1,Spine
PEDICULAR SCREWS FIXATION T 11-L3,Spine
PEG,สาขา:ลำไส้ใหญ่และทวารหนัก
PEG WITH DL +BIOPSY,Skin_softtissue
PELVIC EXCENTERATION (+/- APR),สาขา:ลำไส้ใหญ่และทวารหนัก
PELVIC EXEN + S3 SACRECTOMY,สาขา:ศัลยกรรมทั่วไป
PELVIC EXEN C URETEROSTOMY +- CONDUIT C ABDOMINAL FREE FLAP,Cystoscopy_URO
PENILE AUGMENTATION,Uro_other
PENILE BIOPSY,Uro_other
PENILE PROSTHESIS IMPLANTATION,Uro_other
PERCUTANEOUS EXCISION,Skin_softtissue
PERCUTANEOUS EXCISION (VABB),Skin_softtissue
PERCUTANEOUS EXCISION BOTH BREAST,Breast
"PERICARDIAL DRAINAGE + DRESSING WOUND RT LEG, LT FOOT WITH RETENTION SUTURE",Skin_softtissue
PERICARDIAL WINDOW,สาขา:ทรวงอก
PERITONEAL WINDOW,GI_abdominal
PERITONIUM WINDOW,สาขา:หลอดเลือด
PERM,สาขา:ศัลยกรรมทั่วไป
PERM CATH,Vascular_access
PERM CATH INSERTION,Vascular_access
PERM CATH INSERTION (OPTIME 30 MIN),Vascular_access
PERM CATH INSERTION RT IJV,Vascular_access
PERM CATH RT IJV,Vascular_access
PERM CATH RTIJV,Vascular_access
PERM INSERTION,สาขา:หลอดเลือด
PERM LT CFV,สาขา:หลอดเลือด
PERM RT IJV,Central_line
PERM RT. IJV,Central_line
PERMANENT TRACHEOSTOMY,Tracheostomy
PICC LINE INSERTION,สาขา:หลอดเลือด
PLEURECTOMY WITH DECORTICATION,สาขา:ทรวงอก
PLEUROPERICARDIAL WINDOW,สาขา:โรคหัวใจ
PMEG 4FEN EVAR,Vascular_interv
PORT A CATH,Central_line
PORT A CATH INSERTION,Central_line
PORT A INSERTION,Central_line
PORT A INSERTION RT IJV,Central_line
PORT INSERTION AT RT.IJV,Central_line
PORT-A CATH INSERTION,Central_line
PORTA CATH,Central_line
POSTERIOR C1-2 FIXATION,สาขา:ประสาทและสมอง
POSTERIOR FIXATION LATERAL MASS SCREW C6-T1 + LAMINECTOMY C6-7,Spine
POSTERIOR FOSSA CRANIOTOMY C TUMOR REMOVAL,Neuro_cranial
POWER TURBINOPLASTY (GA) + ใช้หัว MICRODEBRIDER,ENT
POWERED SEPTOTURBINOPLASTY,ENT
PP WINDOW,สาขา:โรคหัวใจ
PRE-SACRAL DRAINAGE,สาขา:ลำไส้ใหญ่และทวารหนัก
PROCTOSCOPE + BX,สาขา:ลำไส้ใหญ่และทวารหนัก
PROGRAMABLE LP SHUNT,Neuro_cranial
PROGRAMABLE VP SHUNT RT. PARIETAL,Neuro_cranial
PROGRAMMABLE VP SHUNT,Neuro_cranial
PROLONG INTUBATION,สาขา:ประสาทและสมอง
PROPHYLACTIC TRACHEOSTOMY,Tracheostomy
PROPHYLAXIS BILATERAL MASTECTOMY,Breast
PROPHYLAXIS MASTECTOMY,Breast
PROPHYLAXIS TRACHEOSTOMY,Tracheostomy
PROXIMAL LOOP TV COLOSTOMY,สาขา:ลำไส้ใหญ่และทวารหนัก
PROXIMAL TRANSVERSE COLOSTOMY,สาขา:ลำไส้ใหญ่และทวารหนัก
PROXIMALIZATION,สาขา:หลอดเลือด
PROXIMALIZATION + ANEURYSMECTOMY LT.AVF,Vascular_access
PROXIMALIZATION AVF LT CUBITAL,Vascular_access
PROXIMALIZATION AVF LT FOREARM,Vascular_access
PROXIMALIZATION AVF LT WRIST,Vascular_access
PROXIMALIZATION AVF LT.WRIST,Vascular_access
PROXIMALIZATION AVF RT FOREARM,Vascular_access
PROXIMALIZATION AVF RT WRIST,Vascular_access
PROXIMALIZATION BRACHIOCEPHALIC AVF,Vascular_access
PTA,สาขา:หลอดเลือด
PTA (DOWNHILL),สาขา:หลอดเลือด
PTA + DCB,สาขา:ศัลยกรรมทั่วไป
PTA + STENT LEFT PA +/- ENDARTERECTOMY,Vascular_interv
"PTA +,- STENT , 7 FR แทงขึ้น",Vascular_interv
PTA +- STENT RT LEG,Vascular_interv
PTA +/- BALLOON VENOPLASTY,Vascular_interv
PTA +/- DCB,สาขา:หลอดเลือด
PTA +/- STENT,Vascular_interv
"PTA +/- STENT, DCB",Vascular_interv
PTA +BALLOON VENOPLASTY,Vascular_interv
PTA AT AVF RIGHT CUBITAL,Vascular_access
PTA BALLOON ANGIOPLASTY,Vascular_interv
PTA LEFT ARM,สาขา:หลอดเลือด
PTA LEFT LEG,สาขา:หลอดเลือด
PTA LT ARM,สาขา:หลอดเลือด
PTA LT AVF,Vascular_access
PTA LT. EIA +SFA +/- STENT,Vascular_interv
PTA LT.ARM,สาขา:ศัลยกรรมทั่วไป
PTA OR TCC RT IJV,Central_line
PTA RIGHT CIA + EIA +/- FEMEROPOPLITEAL BYPASS,สาขา:หลอดเลือด
PTA RIGHT PERONEAL A.,สาขา:หลอดเลือด
PTA RT AVBG,Vascular_access
"PTA RT AVF , LT AVF",Vascular_access
PTA RT.,สาขา:หลอดเลือด
PTA WITH BALLOON ANGIOPLASTY RT. LEG,Vascular_interv
PTA WITH DCB,สาขา:หลอดเลือด
PTA WITH STENT,Vascular_interv
PTA WITH STENT RT AVF,Vascular_access
PTA+/- ANGIOPLASTY LT. AVF,Vascular_access
PTA+/- FISTULOGRAM,Vascular_access
PTA+STENT,Vascular_interv
PTFE GRAFT INTERPOSITION BETWEEN LT.BRACHIAL A. TO CEPHALIC VEIN,Skin_softtissue
PTOSIS,Blepharoplasty
PTOSIS CORRECTION,Blepharoplasty
PVS,สาขา:ทางเดินปัสสาวะ
R2 SYMPATHECTOMY,Vascular_interv
"R2,4 SYMPATHECTOMY",Vascular_interv
R4 R5 T SYMPATHECTOMY,Vascular_interv
R4- 5 SYMPATHECTOMY,Vascular_interv
R4-5 SYMPATECTOMY,สาขา:ศัลยกรรมทั่วไป
R4-5 SYMPATHECTOMY,Vascular_interv
R4-5 SYMPHATECTOMY,สาขา:ศัลยกรรมทั่วไป
R4-R5 SYMPATHECTOMY,Vascular_interv
R45 SYMPATHECTOMY,Vascular_interv
RADICAL ANTEGRADE MODULAR PANCREATOSPLENECTOMY + CHOLECYSTECTOMY (DISTAL PANCREATECTOMY + SPLENECTOMY + LYMPHADENECTOMY),Hepatobiliary
RADICAL CYSTECTOMY + PELVIC LYMPHADENECTOMY,สาขา:ทางเดินปัสสาวะ
RADICAL CYSTECTOMY WITH ILEAL CONDUIT,สาขา:ทางเดินปัสสาวะ
RADICAL CYSTECTOMY WITH URETHRECTOMY WITH ILEAL CONDUIT,สาขา:ทางเดินปัสสาวะ
RADICAL INGULINAL LEFT ORCHIDECTOMY,Uro_other
RADICAL LARYNGECTOMY,ENT
RADICAL LEFT ORCHIECTOMY,Uro_other
"RADICAL NECK DISSECTION, BILATERAL",Thyroid_neck
"RADICAL NECK DISSECTION, UNILATERAL",Thyroid_neck
"RADICAL NECK DISSECTION, UNILATERAL RT.",Thyroid_neck
RADICAL NEPHRECTOMY LT. (OPEN) + TRUS BIOPSY,Cystoscopy_URO
RADICAL NEPHRECTOMY RT.,Uro_other
RADICAL NEPHROURETERECTOMY WITH BCC,Cystoscopy_URO
RADICAL ORCHIDECTOMY RT.,Uro_other
RADICAL ORCHIECTOMY RT.,Uro_other
RADICAL RIGHT ORCHIDECTOMY,Uro_other
RAY AMPUATATION RIGHT BIG TOE,สาขา:ศัลยกรรมทั่วไป
RAY AMPUTATION,สาขา:ศัลยกรรมทั่วไป
RAY AMPUTATION AND DEBRIDEMENT,Skin_softtissue
RAY AMPUTATION LT 3RD TOE,สาขา:หลอดเลือด
RAY AMPUTATION RT. BIG TOE,สาขา:ศัลยกรรมทั่วไป
RAY AMPUTATION WITH CLOSE STUMP,สาขา:ศัลยกรรมทั่วไป
RE CRANIOTOMY WITH REMOVE TUMOR,Neuro_cranial
RE EXCISION LT NIPPLE,Skin_softtissue
RE EXPLORE WOUND + DRAINAGE,Skin_softtissue
RE SUTURE EAR LOBE,ENT
RE TRACHEOSTOMY,Tracheostomy
RE TUR-BT,Cystoscopy_URO
RE TURBT,Cystoscopy_URO
RE WIDE EXCION +LOCAL FLAP,Skin_softtissue
RE WIDE EXCISION,Skin_softtissue
RE WIDE EXCISION WITH FTSG DONOR LEFT HAND,Skin_softtissue
RE WIDEEXCISION,Skin_softtissue
RE-EL,สาขา:ศัลยกรรมทั่วไป
RE-EXCISION OF LT BREAST,Breast
RE-EXCISION WITH P&S FIXATION,Skin_softtissue
RE-EXPLOR C TEMPORARY CLOSURE,สาขา:ศัลยกรรมทั่วไป
RE-EXPLOR LAP (SECOND LOOK),สาขา:ศัลยกรรมทั่วไป
RE-EXPLORE RT FRONTOPARIETAL C CLOT REMOVAL,สาขา:ประสาทและสมอง
RE-EXPLORED LAPAROTOMY +/- CLOSURE ABDOMEN,GI_abdominal
RE-MASTECTOMY OF LEFT BREAST,Breast
RE-POSITION TCC RT. IJV,Central_line
RE-SUTURE,Skin_softtissue
RE-TRANSSPHENOID APPROACH C TUMOR REMOVAL,สาขา:ประสาทและสมอง
RE-TUR-BT,Cystoscopy_URO
RE-WIDE EXCISION,Skin_softtissue
RE-WIDE EXCISION LT. BREAST,Breast
RE-WIDE EXCISION OF RIGHT BREAST,Breast
REALIGNING STENT AT BOTH CIAS,Vascular_interv
RECONSTRUCTIONM OF RIGHT BREAST,Breast
RECRANIOTOMY C TUMOR REMOVAL,Neuro_cranial
REDO CRANIOTOMY WITH TUMOR REMOVAL,Neuro_cranial
REDO LT MVD,สาขา:ประสาทและสมอง
REDO MVD,สาขา:ประสาทและสมอง
REDO PALATOPLASTY,สาขา:ตกแต่ง
REDO REVISE PDS C DECOMPRESS RT L4-5,สาขา:ประสาทและสมอง
REDO RT MVD,สาขา:ประสาทและสมอง
REDU RT BURRHOLE + IRRIGATION,Neuro_cranial
REDUCTION MAMMOPLASTY RIGHT BREAST & LIPOSUCTION + LIPOFILLING LEFT BREAST,Breast
REEXCISION RT BREAST,Breast
REEXCISION WITH SLNB,Breast
REEXPLORE WITH ABSCESS RESECTION,สาขา:ประสาทและสมอง
RELEASE SCAR CONTRACTURE LT. HAND +/-K-WIRE FIXATION+/- FTSG FROM GROIN,Fracture_fixation
RELINING STENT LT LIMB TO LT EIA WITH LT IIA EMBOLIZATION,Vascular_interv
REMOVA CHEMOPORT,Central_line
REMOVAL MASS AT BACK,Skin_softtissue
"REMOVAL MASS AT FOREHEAD, PTOSIS CORRECTION, MASS EXCISOIN, LOWER BLEPHAROPLASTY",Blepharoplasty
REMOVAL OF ARCH BAR,สาขา:ตกแต่ง
"REMOVAL OF FOREIGN BODY, NOT OTHERWISE SPECIFIED",สาขา:ประสาทและสมอง
REMOVAL OF IMPLANT OF BREAST,Breast
REMOVAL PROTHESIS,สาขา:ตกแต่ง
REMOVE ACCESORY BREAST LT +/- RT,Breast
REMOVE AVBG,Vascular_access
REMOVE AVBG + TCC LT IJV ( CENTROS),Vascular_access
REMOVE AVBG +/- REPAIR LT.BRACHIAL A.,Vascular_access
REMOVE AVBG LEFT ARM,Vascular_access
REMOVE AVBG WITH TCC RT IJV PALINDROME,Vascular_access
REMOVE BILAT BREAST IMPLANT,Breast
REMOVE BILATERAL IMPLANTS+AXILLARY LN EXCISION WITH RE-IMPLANTATION,Skin_softtissue
REMOVE BREAST IMPLANT,Breast
REMOVE BULLET RT. LOWER BACK,สาขา:ศัลยกรรมทั่วไป
REMOVE CHEMO PORT,Central_line
REMOVE CHEMOPOORT,สาขา:ลำไส้ใหญ่และทวารหนัก
REMOVE CHEMOPORT,Central_line
REMOVE CHEMOPORT REMNANT+CHEMOR PORT INSERTION,Central_line
REMOVE CRANIOPLASTY,Neuro_cranial
REMOVE DJ STENT,Vascular_interv
REMOVE DJ STENT C RETROGRADE PYELOGRAPHY,Vascular_interv
REMOVE FB,สาขา:หู คอ จมูก
REMOVE FB AT SCALP,สาขา:ประสาทและสมอง
REMOVE FB UNDER MICRO,สาขา:หู คอ จมูก
REMOVE FB+FOREHEAD FLAP,Skin_softtissue
REMOVE GRAFT,Skin_softtissue
REMOVE GRAFT LT.AVBG UNDER BRACHIAL PLEXUS BLOCK,Vascular_access
REMOVE GRAFT+ DLC RT IJV,Central_line
REMOVE IMPLANT OF BOTH BREAST,Breast
REMOVE IMPLANT OF LEFT BREAST,Breast
REMOVE IVC FILTER,สาขา:หลอดเลือด
REMOVE KELOID,สาขา:ตกแต่ง
REMOVE LT AVBG,Vascular_access
REMOVE LT. DJ STENT,Vascular_interv
REMOVE NASAL PACKING + STOP BLEEDING +- SPA LIGATION,สาขา:หู คอ จมูก
REMOVE OLD SLING WITH INSERT NEW PUBOVAGINAL SLING WITH CYSOTOSOPE,สาขา:ทางเดินปัสสาวะ
REMOVE PARATHYROID AUTOTRANSPLANTATION AT RIGHT FOREARM UNDER LA,Thyroid_neck
REMOVE POLYDACTYLY,สาขา:ตกแต่ง
REMOVE PORT A,Central_line
REMOVE PROSTESIS AND CORRECTION,Blepharoplasty
REMOVE PROSTHESIS ( NOSE),สาขา:หู คอ จมูก
REMOVE RIGHT DJ STENT,Vascular_interv
REMOVE RT. DJ STENT,Vascular_interv
REMOVE SIGMOID FLAP + I&D,Endoscopy_GI
REMOVE SILICONE,สาขา:หู คอ จมูก
REMOVE SILICONE (NOSE),สาขา:หู คอ จมูก
REMOVE SILICONE + DEBRIDEMENT + RE-SUTURE,Skin_softtissue
REMOVE SILICONE BOTH BREAST,Breast
REMOVE SKULL PLATE,สาขา:ประสาทและสมอง
REMOVE TCC,สาขา:หลอดเลือด
REMOVE TCC C DLC LT,สาขา:หลอดเลือด
REMOVE TCC RT IJV UNDER LA,Central_line
REMOVE TK,สาขา:ศัลยกรรมทั่วไป
REMOVED FB AND DEBRIDEMENT,Skin_softtissue
REMOVED LP SHUNT,Neuro_cranial
REMOVED PORT-A,Central_line
REPAIR ANASTOMOSIS UNDER IV SEDATION,สาขา:ลำไส้ใหญ่และทวารหนัก
REPAIR ANEURYSM UNDER BRACHIAL PLEXUS BLOCK,สาขา:หลอดเลือด
REPAIR ARTERY,สาขา:ศัลยกรรมทั่วไป
REPAIR DURA AND PACK MASTOID AIR CELL RT. TEMPORO-OCCIPITAL,สาขา:ประสาทและสมอง
REPAIR EXTENSOR TENDON,สาขา:ตกแต่ง
REPAIR FALSE ANEURYSM AT AVF,Vascular_access
REPAIR FALSE ANEURYSM AT RT.AVF,Vascular_access
REPAIR FALSE ANEURYSM AVBG RT.FOREARM,Vascular_access
REPAIR FRONTAL NERVE,สาขา:ตกแต่ง
REPAIR HERNIA,GI_abdominal
REPAIR INCISIONAL HERNIA,GI_abdominal
REPAIR LEAKAGE WITH ANAL DILATION,Anorectal
REPAIR LOBULE BOTH EARS,สาขา:หู คอ จมูก
REPAIR NASAL VALVE (USE EAR CARTILAGE BOTH SIDES) UNDER GA,สาขา:หู คอ จมูก
REPAIR OF DIRECT INGUINAL HERNIA WITH GRAFT OR PROSTHESIS,GI_abdominal
REPAIR OF HYPOSPADIAS OR EPISPADIAS,สาขา:ศัลยกรรมเด็ก
REPAIR OF INDIRECT INGUINAL HERNIA,GI_abdominal
"REPAIR OF INGUINAL HERNIA WITH GRAFT OR PROSTHESIS, NOT OTHERWISE SPECIFIED",GI_abdominal
REPAIR OF UMBILICAL HERNIA,GI_abdominal
REPAIR RT TEMPORAL MUSCLE,สาขา:ประสาทและสมอง
REPAIR RT.RADIAL A.,สาขา:หลอดเลือด
REPAIR TENDON,สาขา:ตกแต่ง
REPAIR URETHRA,สาขา:ทางเดินปัสสาวะ
REPEAT DL + BX (GA),สาขา:หู คอ จมูก
REPEAT RF NOSE (LA),ENT
REPEAT TUR-BT,Cystoscopy_URO
REPOSITION TCC AT RT.IJV,Central_line
RESECTION 3 METASTATIC LN,สาขา:ศัลยกรรมทั่วไป
RESTERNOTOMY WITH WOUND IRRIGATION AND DEBRIDEMENT,Skin_softtissue
RESUTURE,Skin_softtissue
RESUTURE SKIN OF LEFT BREAST,Breast
RETAIN FOLEY CATH +/- CYSTOSCOPY,Cystoscopy_URO
RETAIN NG TUBE UNDER FLUOROSCOPY,สาขา:ศัลยกรรมทั่วไป
RETAINED U CATH,สาขา:ทางเดินปัสสาวะ
RETENTION SUTURE,Skin_softtissue
RETENTION SUTURE + DEBRIDEMENT,Skin_softtissue
RETROSIGMOID CRANIOTOMY RIGHT,Endoscopy_GI
RETROSIGMOID TUMOR BIOPSY,Endoscopy_GI
RETVISE TCC RT.IJV,Central_line
REVICE TCC RIGHT IJV,Central_line
REVICE TCC RT IJV,Central_line
REVIES RT DJ STENT,Vascular_interv
REVIS TCC,สาขา:หลอดเลือด
REVISE AV GRAFT,Skin_softtissue
REVISE AVBG,Vascular_access
REVISE AVBG + BALLOON ANGIOPLASTY,Vascular_access
REVISE AVBG +/- AVF,Vascular_access
REVISE AVBG +/- TCC AT RT.IJV,Vascular_access
REVISE AVBG LT FOREARM,Vascular_access
REVISE AVBG LT FOREARM ( THROMBECTOMY+PTA ),Vascular_access
REVISE AVBG LT FOREARM + PTA,Vascular_access
REVISE AVBG LT THIGH,Vascular_access
REVISE AVBG LT UPPER ARM,Vascular_access
REVISE AVBG LT UPPERARM,Vascular_access
REVISE AVBG LT. UPPER ARM,Vascular_access
REVISE AVBG LT.FOREARM,Vascular_access
REVISE AVBG LT.UPPERARM,Vascular_access
REVISE AVBG RT FOREARM + PTA,Vascular_access
REVISE AVBG RT.FOREARM + PTA AVBG RT.FOREARM,Vascular_access
REVISE AVBG UNDER LA,Vascular_access
REVISE AVF,Vascular_access
REVISE AVF ( PROXIMALIZATION ),Vascular_access
REVISE AVF (ANEURYSMECTOMY),Vascular_access
REVISE AVF + SUPERFICIALIZATION,Vascular_access
REVISE AVF +/- TCC,Vascular_access
REVISE AVF LT CUBITAL,Vascular_access
REVISE AVF LT FOREARM,Vascular_access
REVISE AVF LT WRIST,Vascular_access
REVISE AVF LT.ARM,Vascular_access
REVISE AVF RT CUBITAL,Vascular_access
REVISE AVF RT FOREARM,Vascular_access
REVISE AVF RT FOREARM OR AVF RT CUBITAL,Vascular_access
REVISE AVF RT WRIST,Vascular_access
REVISE AVF RT WRIST ( PROXIMALIZATION ) OR AVF RT CUBITAL,Vascular_access
REVISE AVG + BALLOON ANGIOPLASTY,Vascular_interv
REVISE CHEMOPORT,Central_line
REVISE COLOSTOMY,สาขา:ลำไส้ใหญ่และทวารหนัก
REVISE GRAFT,Skin_softtissue
REVISE GRAFT (BALLOON + FISTULOGRAM),Skin_softtissue
REVISE GRAFT+PEDICLE,Spine
REVISE LT PERM CATH,Vascular_access
REVISE LT TCC,สาขา:หลอดเลือด
REVISE LT.BRACHIOCEPHALIC,Vascular_access
REVISE LT.KNEE STUMP (OP TIME 1 HR),สาขา:ศัลยกรรมทั่วไป
REVISE OSTOMY (END TRANSVERSE COLOSTOMY),สาขา:ลำไส้ใหญ่และทวารหนัก
REVISE PEDICULAR SCREWS,Spine
REVISE PERM,สาขา:หลอดเลือด
REVISE RHINOPLASTY,ENT
REVISE RT VP SHUNT,Neuro_cranial
REVISE SCREW,สาขา:ประสาทและสมอง
REVISE STUMP,สาขา:ศัลยกรรมทั่วไป
REVISE STUMP + VACUUM DRESSING,สาขา:ศัลยกรรมทั่วไป
REVISE STUMP 1ST-2ND TOE LT.FOOT,สาขา:หลอดเลือด
REVISE STUMP LT.LEG,สาขา:ศัลยกรรมทั่วไป
REVISE SYRINGOPLEURAL SHUNT,Neuro_cranial
REVISE TCC,สาขา:หลอดเลือด
"REVISE TCC , CENTROS",Central_line
REVISE TCC AT LT.IJV,Central_line
REVISE TCC AT RT FV,สาขา:หลอดเลือด
REVISE TCC AT RT IJV,Central_line
REVISE TCC AT RT. IJV,Central_line
REVISE TCC AT RT. IJV (TITAN),Central_line
REVISE TCC AT RT.IJV,Central_line
"REVISE TCC LT FV , CENTROS",Central_line
REVISE TCC LT IJV,Central_line
REVISE TCC LT IJV +/- BALLOON VENOPLASTY,Central_line
"REVISE TCC LT IJV , CENTROS",Central_line
"REVISE TCC LT IJV , PALINDROME",Central_line
REVISE TCC LT IJV OR FV,Central_line
REVISE TCC LT SV,สาขา:หลอดเลือด
REVISE TCC LT. EJV,สาขา:หลอดเลือด
REVISE TCC LT. IJV + VENOGRAM,Central_line
REVISE TCC LT.CFV,สาขา:หลอดเลือด
REVISE TCC LT.IJV,Central_line
REVISE TCC RIGHT IJV,Central_line
REVISE TCC RT CFV,สาขา:หลอดเลือด
REVISE TCC RT CFV WITH INTRAOP VENOGRAM,สาขา:ศัลยกรรมทั่วไป
REVISE TCC RT FV,สาขา:หลอดเลือด
"REVISE TCC RT FV , CENTROS",Central_line
"REVISE TCC RT FV , CENTROS 36 CM",Central_line
"REVISE TCC RT FV , CENTROS OR PALINDROME",Central_line
REVISE TCC RT IJV,Central_line
REVISE TCC RT IJV (CENTROS),Central_line
"REVISE TCC RT IJV , CENTROS",Central_line
"REVISE TCC RT IJV , PALINDROME",Central_line
REVISE TCC RT IJV OR FV,Central_line
REVISE TCC RT. CFV,สาขา:หลอดเลือด
REVISE TCC RT. FV,สาขา:หลอดเลือด
REVISE TCC RT. IJV,Central_line
REVISE TCC RT.CFV,สาขา:หลอดเลือด
REVISE TCC RT.EJV,สาขา:หลอดเลือด
REVISE TCC RT.IJV,Central_line
REVISE TCC RT.IJV .CENTROSE,Central_line
REVISE TCC RT.IJV.CENTRUS,Cystoscopy_URO
REVISE TVV RT. IJV,Central_line
REVISE VP SHUNT,Neuro_cranial
REVISED,สาขา:หลอดเลือด
REVISED AVBG,Vascular_access
REVISED AVBG (THROMBECTOMY + BALLOON ANGIOPLASTY),Vascular_access
REVISED AVBG +/- STENT,Vascular_access
REVISED AVBG +/- TCC,Vascular_access
REVISED AVBG C THROMBECTOMY,Vascular_access
REVISED AVBG LT. FOREARM,Vascular_access
REVISED AVBG RT FOREARM,Vascular_access
REVISED AVF LT RADIOCEPHALIC,Vascular_access
REVISED LT. FOREARM LOOP AVBG,Vascular_access
REVISED LT.BKA STUMP,สาขา:ศัลยกรรมทั่วไป
REVISED PE TUBE (UNDER MICROSCOPY),สาขา:หู คอ จมูก
REVISED STUMP,สาขา:ศัลยกรรมทั่วไป
REVISED STUMP AND SUTURE RT FOOT,Skin_softtissue
REVISED STUMP AT LT BIG TOE + EXCISIONAL DB,Skin_softtissue
REVISED STUMP RT. LEG,สาขา:ศัลยกรรมทั่วไป
REVISED TCC,สาขา:หลอดเลือด
REVISED TCC AT LEFT IJV,Central_line
REVISED TCC AT LT. IJV (CENTROS),Central_line
REVISED TCC AT RIGHT IJV,Central_line
REVISED TCC AT RT IJV,Central_line
REVISED TCC AT RT. IJV,Central_line
REVISED TCC AT RT.IJV,Central_line
REVISED TCC EJV LT,สาขา:หลอดเลือด
REVISED TCC LT IJV,Central_line
REVISED TCC LT IJV +/- BALLOON VENOPLASTY,Central_line
REVISED TCC RT FV,สาขา:หลอดเลือด
REVISED TCC RT IJV,Central_line
REVISED TCC RT.IJV,Central_line
REVISETCC LT IJV,Central_line
REVISION,สาขา:ตกแต่ง
REVISION + SKIN GRAFT,Skin_softtissue
REVISION BILAT FESS WITH MICRODEBRIDER AND NAVIGATOR,ENT
REVISION BILAT FESS WITH NAVIGATOR,ENT
"REVISION BILAT FESS WITH NAVIGATOR , MICRODEBRIDER",ENT
REVISION BILAT FESS+NAVIGATOR,ENT
REVISION BILAT FULLHOUSE FESS+NAVIGATOR+SEPTOPLASTY,ENT
REVISION BILATERAL FESS,ENT
REVISION BOTH AXILLAR UNDER GA,สาขา:ตกแต่ง
REVISION CLEFT LIP SCAR,สาขา:ตกแต่ง
REVISION ENDOSCOPIC TYMPANOPLASTY RT (TEMPORALIS FASCIA),ENT
REVISION FACE LIFT,สาขา:ตกแต่ง
REVISION FESS+NAVIGATOR,ENT
REVISION IMF FIXATION,สาขา:ตกแต่ง
REVISION LT ENDOSCOPIC TYMPANOPLASTY,ENT
REVISION LT TYMPANOMASTOIDECTOMY,สาขา:หู คอ จมูก
REVISION LT. EAR,ENT
REVISION OF IMPLANT OF BREAST,Breast
REVISION OF IMPLANT OF RIGHT BREAST,Breast
REVISION OF RIGHT BREAST,Breast
REVISION OF TRACHEOSTOMY,Tracheostomy
REVISION OPEN RHINOPLASTY,ENT
REVISION RT ENDOSCOPIC TYMPANOPLASTY,ENT
REVISION RT FESS,ENT
REVISION SCAR,สาขา:ตกแต่ง
REVISION SCAR+REMOVE FB AT LT. INDEX,สาขา:ตกแต่ง
REVISION SCREW L3-5 WITH LAMINECTOMY L3,Spine
REVISION SCREW T12-L5,สาขา:ประสาทและสมอง
REVISION SX+NAVIGATOR+FROZEN SECTION,สาขา:หู คอ จมูก
REVISION TCC RIGHT IJV,Central_line
REVISION TCC RT IJV,Central_line
REVISION UPPER BLEPHALOPLASTY,สาขา:หู คอ จมูก
REWIDE EXCISION,Skin_softtissue
REWIDE EXCISION +/- MASTECTOMY LT BREAST,Breast
REZUM,Uro_other
REZUM + ON FOLEY ต่อ 3 เดือน,Uro_other
REZUM UNDER IV SEDATION,Uro_other
REZUM UNDER TIVA,Uro_other
REZUM นอกเวลา,Uro_other
RF BOT +/- RF NOSE (LA),ENT
RF IT,สาขา:หู คอ จมูก
RF LA,สาขา:หู คอ จมูก
RF NOSE,ENT
RF NOSE (GA),ENT
RF NOSE (GA) พ. เพชรรัตน์ทำก่อน + EXCISION MASS AT FACE อ.เฉลิมเกียรติค่ะ,ENT
RF NOSE (LA),ENT
RF NOSE (LA) + ให้ทานยา DIAZEPAM (สั่งให้แล้วจาก OPD) ก่อน OR,ENT
RF NOSE + PALATE (GA),ENT
RF NOSE + PALATE (LA),ENT
RF NOSE + RF PALATE + PARTIAL UVULECTOMY (GA),ENT
RF NOSE + RF PALATE + RF BOT (GA),ENT
RF NOSE + TONSILLECTOMY + BSP,ENT
RF NOSE + TONSILLECTOMY + ESP,ENT
RF NOSE +PALATE,ENT
"RF NOSE , TONSILLECTOMY+ ESP",ENT
RF NOSE LA,ENT
RF NOSE UNDER LA,ENT
RF NOSE WITH TONSILLECTOMY,ENT
RF NOSE( 2ND),ENT
RF NOSE+ CAUTERY,ENT
RF NOSE+ PALATE (LA),ENT
RF NOSE+ TONSILLECTOMY+ BSP,ENT
RF NOSE+T+UPPP,ENT
RF PALATE,สาขา:หู คอ จมูก
RF PALATE (LA),สาขา:หู คอ จมูก
RF PALATE + RF NOSE (LA) + ให้ทานยา DIAZEPAM (สั่งให้แล้วจาก OPD) ก่อน OR,ENT
RF PALATE +/- RF NOSE (LA),ENT
RF PALATE+ NOSE,ENT
RFA,สาขา:ลำไส้ใหญ่และทวารหนัก
RFA + STAB AVULSION + SCLEROTHERAPY BOTH LEGS,สาขา:หลอดเลือด
RFA + STAB AVULSION LT LEG,สาขา:หลอดเลือด
RFA + STAB AVULSION RT.LEG,สาขา:หลอดเลือด
RFA BOTH GSV,สาขา:หลอดเลือด
RFA BOTH LEG,สาขา:หลอดเลือด
RFA BOTH LEGS,สาขา:หลอดเลือด
RFA BOTH LEGS + FOAM SCLEROSING,สาขา:หลอดเลือด
RFA BOTH LEGS + STAB AVULSION,สาขา:หลอดเลือด
RFA BOTH LEGS WITH STAB AVULSION RT. LEG,สาขา:หลอดเลือด
RFA C STAB AVULSION BOTH LEG,สาขา:หลอดเลือด
RFA C STRAP AVULSION LT LEG UNDER SB,สาขา:ศัลยกรรมทั่วไป
RFA HEMMORRHOID,สาขา:ลำไส้ใหญ่และทวารหนัก
RFA HEMOROIDECTOMY,สาขา:ลำไส้ใหญ่และทวารหนัก
RFA HEMORRHIOIDOPEXY,สาขา:ลำไส้ใหญ่และทวารหนัก
RFA HEMORRHOID,Anorectal
RFA HEMORRHOIDECTOMY,Anorectal
RFA HEMORRHOIDOPALSTY,Anorectal
RFA HEMORRHOIDOPEXY,Anorectal
RFA HEMORRHOIDOPLASTY,Anorectal
RFA HEMORRHOIDOPLASTY + LIS,Anorectal
RFA LT LEG,สาขา:หลอดเลือด
RFA LT LEG WITH PHLEBECTOMY,สาขา:หลอดเลือด
RFA OF RT LEG,สาขา:หลอดเลือด
RFA RT LEG,สาขา:หลอดเลือด
RFA RT LEG C STAB AVULSION,สาขา:หลอดเลือด
RFA RT. LEG + STAB AVULSION,สาขา:ศัลยกรรมทั่วไป
RFA RT.LEG WITH STAB AVULSION,สาขา:หลอดเลือด
RFA WITH PHLEBECTOMY OF RT LEG,สาขา:หลอดเลือด
RFA WITH STAB AVALSION BOTH LEGS,สาขา:หลอดเลือด
RFA WITH STAB AVULSION LT.LEG,สาขา:หลอดเลือด
RFIT,สาขา:หู คอ จมูก
RFIT UNDER LA,สาขา:หู คอ จมูก
RHINOPLASTY,ENT
RHINOPLASTY C COSTAL CARTILAGE,ENT
RHINOPLASTY+CHIN AUGMENTATION,ENT
RIB RHINOPLASTY,ENT
RIEVISED STUMP & DEBRIDEMENT,Skin_softtissue
RIGHT ALND,Breast
RIGHT AXILLARY LND,สาขา:ศัลยกรรมทั่วไป
RIGHT BCT + ALND,Breast
RIGHT BCT + SLNB,Breast
RIGHT BCT + SLNB (DUAL TRACER),Breast
RIGHT BCT + SLNB (WIRE LOCALIZATION WITH INTRAOP SPECIMEN X-RAY),Breast
RIGHT BCT + TAD,Breast
RIGHT BCT AND SLNB,Breast
RIGHT BCT+SLNB,Breast
RIGHT BREAST MASS EXCISION,Breast
RIGHT CENTRAL QUANDRANTECTOMY WITH ALND,Breast
RIGHT CENTRAL QUANDRANTECTOMY WITH SLNB,Breast
RIGHT CRANIECTOMY WITH REMOVE TUMOR,สาขา:ประสาทและสมอง
RIGHT CRANIOTOMY C TUMOR REMOVAL,Neuro_cranial
RIGHT CRANIOTOMY WITH REMOVE CLOT,Neuro_cranial
RIGHT CRANIOTOMY WITH TUMOR REMOVAL,Neuro_cranial
RIGHT FRONTAL CRANIOTOMY C TUMOR REMOVAL,Neuro_cranial
RIGHT FRONTAL CRANIOTOMY WITH TUMOR REMOVAL,Neuro_cranial
RIGHT FRONTAL PROGRAMMABLE VP SHUNT,Neuro_cranial
RIGHT FRONTAL STEREOTACTIC BIOPSY UNDER NAVIGATOR,Skin_softtissue
RIGHT FRONTAL VP SHUNT,Neuro_cranial
RIGHT HERNIOPLASTY,สาขา:ลำไส้ใหญ่และทวารหนัก
RIGHT HL WITH VS WITJ PHLEBECTOMY,สาขา:หลอดเลือด
RIGHT LAP TEP,สาขา:ศัลยกรรมทั่วไป
"RIGHT MAMMOREDUCTION, LEFT BREAST AUGMENTATION",Breast
RIGHT MASTECOTMY WITH ALND,Breast
RIGHT MASTECOTMY WITH SLNB,Breast
"RIGHT MASTECOTMY WITH SLNB, LEFT PROPHYLAXIS MASTECTOMY",Breast
RIGHT MASTECTOMY,Breast
RIGHT MASTECTOMY + SLNB,Breast
"RIGHT MASTECTOMY WITH DTI, LEFT BREAST AUGMENTATION",Breast
RIGHT MASTECTOMY WITH SLNB,Breast
RIGHT MASTECTOMY WITH SLNB WITH PROPHYLAXIS LT MASTECTOMY,Breast
"RIGHT MASTECTOMY WTIH SLNB, LEFT PROPHYLAXIS MASTECTOMY",Breast
RIGHT MASTECTOMY+SLNB,Breast
"RIGHT MASTECTOMY, SLNB WITH BILATERAL IMPLANT RECONSTRUCTION",Breast
"RIGHT MASTECTOMY, SLNB WITH LEFT PROPHYLAXIS MASTECTOMY",Breast
RIGHT MICRODOCHECTOMY,สาขา:ศัลยกรรมทั่วไป
RIGHT MRM,Breast
"RIGHT MRM, LEFT PROPHYLAXIS MASTECTOMY",Breast
RIGHT MVD,สาขา:ประสาทและสมอง
RIGHT NECK MASS EXCISION UNDER LA,Skin_softtissue
RIGHT NIPPLE EXCISION,Skin_softtissue
"RIGHT NSM WITH SLNB , LEFT PROPHYLAXIS NSM",Breast
"RIGHT NSM, SLNB WITH IMPLANT RECONSTRUCTION",Breast
"RIGHT NSM, SLNB, SUBPECTORAL IMPLANT WITH TITANIUM MESH",Breast
"RIGHT NSM,SLNB , LEFT PROPHYLAXIS MASTECTOMY, IMMEDIATE IMPLANT RECONSTRUCTION",Breast
RIGHT OPEN HERNIA REPAIR,GI_abdominal
RIGHT OPEN PARTIAL NEPHRECTOMY,Uro_other
RIGHT PARIETAL CRANIOTOMY WITH TUMOR REMOVAL UNDER NAV,Neuro_cranial
RIGHT PARIETAL CRANIOTOMY WITH TUMOR REMOVAL UNDER NAVIGATOR,Neuro_cranial
RIGHT PCN,สาขา:ทางเดินปัสสาวะ
RIGHT PCNL,Cystoscopy_URO
RIGHT PROGRAMMABLE VP SHUNT,Neuro_cranial
RIGHT PROGRAMMABLE VP SHUNT (SOPHYSA),Neuro_cranial
RIGHT RADICAL ORCHIDECTOMY,Uro_other
RIGHT RETROSIGMOID SUBOCCIPITAL CRANIOTOMY (SOC) WITH TUMOR REMOVAL,Endoscopy_GI
RIGHT RETRSIGMOID SOC WITH TUMOR REMOVAL,Endoscopy_GI
RIGHT RIRS,สาขา:ทางเดินปัสสาวะ
RIGHT RIRS+LASER,สาขา:ทางเดินปัสสาวะ
RIGHT SUBMANDIBULAR MASS EXCISION,Skin_softtissue
RIGHT SUBMANDIBULECTOMY,สาขา:หู คอ จมูก
RIGHT SUPERFICIAL PAROTIDECTOMY,สาขา:ศัลยกรรมทั่วไป
RIGHT TEP,สาขา:ศัลยกรรมทั่วไป
RIGHT TOETVA,Thyroid_neck
RIGHT TOETVA WITH RIGHT CND,Thyroid_neck
RIGHT TRANSVERS COLOSTOMY,สาขา:ลำไส้ใหญ่และทวารหนัก
RIGHT TSSM WITH LIPOFILLING,Breast
RIGHT URSL,สาขา:ทางเดินปัสสาวะ
RIGHT VAE,Breast
RIGHT VASECTOMY,Uro_other
RIGHT VP SHUNT,Neuro_cranial
RIGID CYSTO + STRESS TEST,Cystoscopy_URO
RIGID CYSTO +- DILATION UNDER IV SEDATION,Cystoscopy_URO
RIGID CYSTO WITH URETHRAL DILATION UNDER IV SEDATION,Cystoscopy_URO
RIGID CYSTOSCOPE,Cystoscopy_URO
RIGID CYSTOSCOPE +- RETAIN FOLEY'S CATH,Cystoscopy_URO
RIGID CYSTOSCOPE UNDER IV SEDATION,Cystoscopy_URO
RIGID CYSTOSCOPY,Cystoscopy_URO
RIGID CYSTOSCOPY C URETHRAL DILATION,Cystoscopy_URO
RIGID CYSTOSCOPY UNDER IV SEDATION,Cystoscopy_URO
RIGID CYSTOSCOPY WITH CLOTTED BLOOD REMOVAL UNDER IV SEDATION,Cystoscopy_URO
RIGID CYTO +- TUR +- URETHRAL DILATION UNDER IV SEDATION,Uro_other
RIGTH BCT + SLNB,Breast
RIRS,สาขา:ทางเดินปัสสาวะ
RIRS RT. (REDO),สาขา:ทางเดินปัสสาวะ
RIRS WITH LASER ABLASION WITH DJ STENT INSERTION,Vascular_interv
RT AKA,สาขา:ศัลยกรรมทั่วไป
RT AXILLA LN EXCISION,Skin_softtissue
RT BB TRANSPOSITION,สาขา:หลอดเลือด
RT BCT + TAD,Breast
RT BCT +SLNB UNDER GA,Breast
RT BCT C SLNB,Breast
"RT BCT WITH RT SLNB, LT BREAST MASS EXCISION",Breast
RT BCT WITH SLNB,Breast
RT BCT WITH SLNB +/-ALND,Breast
RT BCT WITH SLND,Breast
RT BIG TOE AMPUTATION WITH DEBRIDEMENT,Skin_softtissue
RT BRACHICEPHALIC AVF,Vascular_access
RT BRACHIOANTECUBITAL OR BRACHIOBASILIC AVF,Vascular_access
RT BRACHIOCEPHALIC AVF,Vascular_access
RT BURR HOLE,Neuro_cranial
RT BURR HOLE C IRRIGATION,Neuro_cranial
RT CAROTID ARTERY COVER STENT,Vascular_interv
RT CAROTID ENDARTERECTOMY,สาขา:หลอดเลือด
RT CAROTID STENT,Vascular_interv
RT CAROTID STENTING,Vascular_interv
RT CFA ENDARTERECTOMY WITH DOWNHILL ANGIOPLASTY RT LEG,Vascular_interv
RT CRANIECTOMY WITH TUMOR REMOVAL,สาขา:ประสาทและสมอง
RT CRANIOPLASTY,Neuro_cranial
RT CRANIOTOMY C AVM RESECTION,Neuro_cranial
RT CRANIOTOMY C TUMOR REMOVAL,Neuro_cranial
RT CRANIOTOMY TUMOR REMOVAL,Neuro_cranial
RT CRANIOTOMY WITH CLOT REMOVAL,Neuro_cranial
RT CRANIOTOMY WITH RT TUMOR REMOVAL,Neuro_cranial
RT CRANIOTOMY WITH TUMOR,Neuro_cranial
RT CRANIOTOMY WITH TUMOR REMOVAL,Neuro_cranial
RT CRANIOTOMY WITH TUMOR REMOVAL WITH OPTIC DECOMPRESSION,Neuro_cranial
RT DJ STENT ใช้ FLU,Vascular_interv
RT DLC TO TCC,สาขา:หลอดเลือด
RT ENDOSCOPIC FAT PLUG MYRINGOPLASTY,ENT
RT ENDOSCOPIC REVISION TYMPANOPLASTY WITH TRAGAL CARTILAGE GRAFT,ENT
RT ENDOSCOPIC T-PLASTY (LA),สาขา:หู คอ จมูก
RT ENDOSCOPIC TUMOR REMOVAL,สาขา:หู คอ จมูก
RT ENDOSCOPIC TYMPANOPLASTY,ENT
RT ENDOSCOPIC TYMPANOPLASTY (LA),ENT
RT ENDOSCOPIC TYMPANOPLASTY (TEMPORALIS FASCIA GRAFT),ENT
RT ENDOSCOPIC TYMPANOPLASTY (TEMPORALIS FASCIA),ENT
RT FESS,ENT
RT FESS WITH MICRODEBRIDER WITH NAVIGATOR,ENT
RT FESS+POWERED TURBINOPLASTY,ENT
RT FESS+SEPTOPLASTY,ENT
RT FESS+SEPTOTURBINOPLASTY,ENT
RT FESS+TURBINOPLASTY,ENT
RT FISTULOGRAM +- PTA,Vascular_access
RT FLEX. URS WITH LASER LITHOTRIPSY,Cystoscopy_URO
RT FLEXBLE RIRS นอกเวลา,สาขา:ทางเดินปัสสาวะ
RT FOREARM LOOP AVBG,Vascular_access
RT FRONTAL CRANIOTOMY C TUMOR REMOVAL,Neuro_cranial
RT FRONTAL CRANIOTOMY C TUMOR REMOVAL UNDER NAVIGATION,Neuro_cranial
RT FRONTAL CRANIOTOMY WITH TUMOR REMOVAL,Neuro_cranial
RT FRONTAL EVD,Neuro_cranial
RT FRONTAL EVD C LT CRANIOTONY NC BLOOD CLOT REMOVAL,Neuro_cranial
RT FRONTAL MINICRANIOTOMY WITH CLOT IRRIGATION,Neuro_cranial
RT FRONTAL PROGRAMABLE VP SHUNT,Neuro_cranial
RT FRONTAL VENTRICULOSTOMY FOR INTRATHECCAL IV ATB,สาขา:ประสาทและสมอง
RT FRONTAL VP SHUNT,Neuro_cranial
RT HEMILAMINECTOMY C7,Spine
RT HERNIOPLASTY,สาขา:ศัลยกรรมทั่วไป
RT HERNIOPLASTY + LT HYDROCELECTOMY,Uro_other
RT HERNIORHAPHY,สาขา:ลำไส้ใหญ่และทวารหนัก
RT HERNIOTOMY,สาขา:ศัลยกรรมเด็ก
RT HIGH LIGATION WITH VENOUS STRIPPING WITH PHLEBECTOMY,สาขา:หลอดเลือด
RT HIGH ORCHIECTOMY,Uro_other
RT HL WITH VS WITH MULTIPLE PHLEBECTOMY,สาขา:หลอดเลือด
RT HL WITH VS WITH PHLEBECTOMY,สาขา:หลอดเลือด
RT HL WITH VS WTIH MULTIPLE PHLEBECTOMY,สาขา:หลอดเลือด
"RT HL WITH VS, LT RFA WITH MULTIPLE PHLEBECTOMY",สาขา:หลอดเลือด
RT HYDROCELECTOMY,Uro_other
RT LAP TAPP,สาขา:ศัลยกรรมทั่วไป
RT LAP TEP,สาขา:ศัลยกรรมทั่วไป
RT LAP. PYELOLITHOTOMY,สาขา:ทางเดินปัสสาวะ
RT LAP. TAPP,สาขา:ศัลยกรรมทั่วไป
RT LAP. TEP,สาขา:ศัลยกรรมทั่วไป
RT LATERAL TEMPORAL BONE RESECTION + RT SUPERFICIAL PAROTIDECTOMY + FAT OBLITERATION + FACIAL NIMS,สาขา:หู คอ จมูก
RT LN BIOPSY,Skin_softtissue
RT LOBECTOMY,Thyroid_neck
RT LOOP FOREARM AVBG,Vascular_access
RT LUNG DECORTICATION,สาขา:โรคหัวใจ
"RT MARSUPIALIZATION, LEFT FRONTAL SINUSOTOSMY",ENT
RT MASTECTOMY + SLNB,Breast
RT MASTECTOMY C SLNB,Breast
RT MASTECTOMY WITH +/- TRAM FLAP,Breast
RT MASTECTOMY WITH ALND,Breast
RT MASTECTOMY WITH RT SLNB,Breast
RT MASTECTOMY WITH SLNB,Breast
RT MASTECTOMY WITH SLNB + EXCISION LT NIPPLE POLYP,Breast
RT MASTECTOMY WITH TAD,Breast
RT MASTECTOMY+ SLNB,Breast
RT MASTECTOMY+SLNB,Breast
RT MICRODOCHECTOMY WITH EXCISION LESION,Skin_softtissue
RT MIDDLE MEATAL ANTROSTOMY,สาขา:หู คอ จมูก
RT MMA,สาขา:หู คอ จมูก
RT MMA (GA),สาขา:หู คอ จมูก
RT MMA WITH BILAT TURBINOPLASTY,ENT
RT MMA WITH MICRODEBRIDER,Skin_softtissue
RT MODIFIED RADICAL MASTOIDECTOMY,สาขา:หู คอ จมูก
RT MRM,สาขา:ศัลยกรรมทั่วไป
RT MYRINGOTOMY,ENT
RT MYRINGOTOMY + PE TUBE,ENT
RT MYRINGOTOMY + PE TUBE INSERTION (LA),ENT
RT NLE,สาขา:ศัลยกรรมทั่วไป
"RT NSM, SLNB WITH PREPECTORAL IMPLANT RECONSTRUCTION",Breast
RT OCCIPITAL CRANIOTOMY WITH REMOVE TUMOR,Neuro_cranial
RT OPEN THYROIDECTOMY,Thyroid_neck
"RT OPEN THYROIDECTOMY (FOLLICULAR NEOPLASM, HURTHLE CELL TYPE)",Thyroid_neck
RT OPENED THYROID LOBECTOMY,Thyroid_neck
RT OPENED THYROIDECTOMY,Thyroid_neck
RT OSSICULOPLASTY + INCUS INTERPOSITION (GA),สาขา:หู คอ จมูก
RT PAROTID MASS >> OPERATION RT PARTIAL PAROTIDECTOMY GA,Skin_softtissue
RT PARTIAL MASTECTOMY,Breast
RT PCNL,Cystoscopy_URO
RT PROGRAMMABLE VP SHUNT,Neuro_cranial
RT PROGRAMMABLE VP SHUNT + OFF OLD VP SHUNT,Neuro_cranial
RT PTA,สาขา:หลอดเลือด
RT PTERIONAL CRANIOTOMY WITH TUMOR REMOVAL,Neuro_cranial
RT RADICAL ORCHIDECTOMY,Uro_other
RT RADICAL ORCHIECTOMY,Uro_other
RT RADIOCEPHALIC AVF,Vascular_access
RT RADIOCEPHALIC AVF (SNUFF BOX),Vascular_access
RT RADIOCEPHALIC AVF [+/- AVBG LT FOREARM],Vascular_access
RT RENAL ARTERY STENTING [TRANS LEFT BRACHIAL],Vascular_interv
RT RETROSIGMOID CRANIOTOMY C TUMOR REMOVAL UNDER NEUROMONITORING,Endoscopy_GI
RT RETROSIGMOID CRANIOTOMY WITH CSF LEAKAGE REPAIR,Endoscopy_GI
RT RETROSIGMOID SOC WITH REMOVE TUMOR,Endoscopy_GI
RT RETROSIGMOID SOC WITH TUMOR REMOVAL + EVD,Endoscopy_GI
RT RETROSIGMOID SUBOCCIPITAL CRANIOTOMY C TUMOR REMOVAL,Endoscopy_GI
RT RFA WITH PHLEBECTOMY,สาขา:หลอดเลือด
RT RP +- DJ STENT,Vascular_interv
RT SIDE VP SHUNT C REMOVE VENTRICULOSTOMY,Neuro_cranial
RT SOC C TUMOR REMOVAL,สาขา:ประสาทและสมอง
"RT SPHENOIDOTOMY, POWER INFERIOR TURBINOPLASTY",ENT
RT SUBOCCIPITAL CRANIECTOMY WITH TUMOR REMOVAL WITH VENTICULOSTOMY,สาขา:ประสาทและสมอง
RT SUBOCCIPITAL CRANIOTOMY WITH MICROVASCULAR DECOMPRESSION ( MVD ),Neuro_cranial
RT T-PLASTY (LA),สาขา:หู คอ จมูก
RT TAD,สาขา:ศัลยกรรมทั่วไป
RT TAPP,สาขา:ศัลยกรรมทั่วไป
RT TB2,สาขา:หลอดเลือด
RT TEMPORAL CRANIOTOMY WITH TUMOR REMOVAL,Neuro_cranial
RT THORACOTOMY AND RML LOBECTOMY,สาขา:ทรวงอก
RT THORACOTOMY C RUL LOBECTOMY,สาขา:ทรวงอก
RT THORACOTOMY WITH INCISIONAL BIOPSY,Skin_softtissue
RT THORACOTOMY WITH INCISIONAL BIOPSY MASS AT SVC,Skin_softtissue
RT THORACOTOMY WITH PLEUROPERICARDIIAL WINDOW,สาขา:ทรวงอก
RT THORACOTOMY WITH TUMOR RESECTION,สาขา:ทรวงอก
RT THYROID LOBECTOMY,Thyroid_neck
RT THYROIDECTOMY,Thyroid_neck
RT THYROIDLOBECTOMY,Thyroid_neck
RT TM C SLNB,Breast
RT TOE AMPUTATION WITH DEBRIDEMENT OF LT BIG TOE,Skin_softtissue
RT TOETVA,Thyroid_neck
RT TONSILLECTOMY,ENT
RT TOTAL MASTECTOMY WITH SLNB WITH PROPHYLAXIS LT MASTECTOMY,Breast
RT TOTAL PAROTIDECTOMY + RT RADICAL MASTOIDECTOMY + TUMOR REMOVAL + NIMS,สาขา:หู คอ จมูก
RT TYMPANANOPLASTY (ENDAURAL APPROACH),สาขา:หู คอ จมูก
RT TYMPANOMASTOIDECTOMY,สาขา:หู คอ จมูก
RT UPPER ARM LOOP AVBG,Vascular_access
RT URS WITH RT RPใช้ FLU,Cystoscopy_URO
RT URS-L DJ STENT UNDER GA,Cystoscopy_URO
RT URSL,สาขา:ทางเดินปัสสาวะ
RT URSL +- FLEXIBLE,สาขา:ทางเดินปัสสาวะ
RT URSL ใช้ FLU,สาขา:ทางเดินปัสสาวะ
RT URSL ใช้ FLU นอกเวลา 16.00,สาขา:ทางเดินปัสสาวะ
RT URSL+ DJ STENT INSERTION,Vascular_interv
RT VAT BLEBECTOMY WITH PLEURECTOMY,สาขา:โรคหัวใจ
RT VAT RLL WEDGE RESECTION,สาขา:ทรวงอก
RT VATS C BLEBECTOMY C PLEURODESIS,สาขา:ทรวงอก
RT VATS C TALC PLEURODESIS,สาขา:ทรวงอก
RT VENASEAL,สาขา:หลอดเลือด
RT VENASEAL WITH LT USGFS,สาขา:หลอดเลือด
RT VP SHUNT,Neuro_cranial
RT VP SHUNT + OFF EVD,Neuro_cranial
RT VP SHUNT C TRACHEOSTOMY,Neuro_cranial
"RT, RADICAL ORCHIECTOMY",Uro_other
RT- URS - L WITH RESIDUAL DJ STENT REMOVAL,Cystoscopy_URO
RT. (FLEXIBLE) URSL + DJ STENT,Vascular_interv
RT. BCT C ALND,Breast
RT. BKA,สาขา:ศัลยกรรมทั่วไป
RT. BRACHIOBASILIC AVF,Vascular_access
RT. CRANIOTOMY C BIOPSY,Neuro_cranial
RT. CRANIOTOMY C TUMOR REMOVAL,Neuro_cranial
RT. CRANIOTOMY WITH CLIPPING ANEURYSM,Neuro_cranial
RT. CRANIOTOMY WITH TUMOR REMOVAL WITH ORBITAL RECONSTRCTION,Neuro_cranial
RT. DJ ATENT REMOVAL,สาขา:ทางเดินปัสสาวะ
RT. DJ STENT,Vascular_interv
RT. DJ STENT INSERTION UNDER FLUOROSCOPY,Vascular_interv
RT. EPIDIDYMECTOMY,สาขา:ทางเดินปัสสาวะ
RT. FEMORAL ANGIOGRAM,Vascular_interv
RT. FLEX. URS +/- OFF DJ STENT,Cystoscopy_URO
RT. FRONTAL CRANIOTOMY WITH REMOVE TUMOR UNDER NAVIGATION,Neuro_cranial
RT. FRONTAL CRANIOTOMY WITH STEREOTATIC BIOSPY,Neuro_cranial
RT. FRONTAL EVD,Neuro_cranial
RT. HERNIOPLASTY,สาขา:ศัลยกรรมทั่วไป
RT. HIGH ORCHIECTOMY,Uro_other
RT. HL WITH MULTIPLE PHLEBECTOMY,สาขา:ศัลยกรรมทั่วไป
RT. HYDROCELECTOMY,Uro_other
RT. LOBECTOMY +/- SUBTOTAL THYROIDECTOMY,Thyroid_neck
RT. MASTECTOMY WITH SLNB,Breast
RT. MMA,สาขา:หู คอ จมูก
RT. NASAL ALAR RECONSTRUCTION,สาขา:ตกแต่ง
RT. OCCIPICAL CRANIOTOMY WITH TUMOR REMOVAL,Neuro_cranial
RT. OPEN HERNIOPLASTY,สาขา:ศัลยกรรมทั่วไป
RT. OPEN URETEROLITHOTOMY,Cystoscopy_URO
RT. ORCHIECTOMY,Uro_other
RT. PCNL,Cystoscopy_URO
RT. PCNL WITH LT. DJ STENT REMOVAL,Cystoscopy_URO
RT. PTERIONAL CRANIOTOMY C TUMOR REMOVAL,Neuro_cranial
RT. RIRS,สาขา:ทางเดินปัสสาวะ
RT. SLNB + REWIDE EXCISION SUPERIOR MARGIN,Breast
RT. SUBOCCIPITAL CRANIOTOMY C MICROVASCULAR DECOMPRESSION,Neuro_cranial
RT. SUPERFICIAL PAROTIDECTOMY,Skin_softtissue
RT. TB2,สาขา:ศัลยกรรมทั่วไป
RT. TEMPORAL CRANIECTOMY C CYST REMOVAL,Skin_softtissue
RT. THORACOTOMY C PERICARDIAL WINDOW,สาขา:ทรวงอก
RT. THORACOTOMY WITH PLEUROPERICARDIAL WINDOW +/- LN BIOPSY,Skin_softtissue
RT. THYROID LOBECTOMY,Thyroid_neck
RT. TOETVA,Thyroid_neck
RT. TOETVA คนไข้ +/- OPEN THYROIDECTOMY ขอตัดสินใจอีกครั้งตอน ADMIT,Thyroid_neck
RT. TONSILLECTOMY,ENT
RT. TOTEVA,สาขา:ศัลยกรรมทั่วไป
RT. URETERIC REIMPLANTATION +- BOARI FLAP,Cystoscopy_URO
RT. URS,Cystoscopy_URO
RT. URS + BIOPSY,Cystoscopy_URO
RT. URS +- FLEXIBLE,Cystoscopy_URO
RT. URS UNDER GA,Cystoscopy_URO
RT. URS WITH DJ STENT,Cystoscopy_URO
RT. URS WITH LASER CYSTOLITHOTRIPSY WITH DJ STENT EXCHANGING,Cystoscopy_URO
RT. URS-L,Cystoscopy_URO
RT. URSL,สาขา:ทางเดินปัสสาวะ
RT. URSL + CHANG DJ STENT,Vascular_interv
RT. URSL + DJ STENT,Vascular_interv
RT. URSL +/- DJ STENT,Vascular_interv
RT. VP SHUNT,Neuro_cranial
RT. VP SHUNT + OFF EVD,Neuro_cranial
RT. VP SHUNT + REMOVE EVD,Neuro_cranial
RT.BB TRANSPOSITION,สาขา:หลอดเลือด
RT.BELOW KNEE AMPUTATION,สาขา:หลอดเลือด
RT.BELOW KNEE AMPUTATION (OP TIME 1-1.5 HR),สาขา:หลอดเลือด
RT.BURR HOLE+ IRRIGATION&DRAINAGE,Neuro_cranial
RT.CRANIOPLASTY,Neuro_cranial
RT.CRANIOTOMY C TUMOR REMOVAL,Neuro_cranial
RT.CRANIOTOMY WITH ELEVATE SKULL DEPRESSION WITH REMOVE BLOOD CLOT,Neuro_cranial
RT.DJ STENT REMOVAL UNDER LA,Vascular_interv
RT.FEMORAL ANGIOGRAM WITH PTA,Vascular_interv
RT.FOREFOOT AMPUTATION,สาขา:ศัลยกรรมทั่วไป
RT.HERNIOPLASTY,สาขา:ศัลยกรรมทั่วไป
RT.LOOP TRANSVERSE COLOSTOMY,สาขา:ลำไส้ใหญ่และทวารหนัก
RT.MASTECTOMY,Breast
RT.MASTECTOMY C AXILLARY LN BIOPSY + L1&L12 EXCISION,Breast
RT.MASTECTOMY C SLNB,Breast
RT.MASTECTOMY WITH ALND,Breast
RT.MMA,สาขา:หู คอ จมูก
RT.OPEN LOBECTOMY,สาขา:ศัลยกรรมทั่วไป
RT.PA TO PTA BYPASS,สาขา:หลอดเลือด
RT.SUPERFICIAL PAROTIDECTOMY,ENT
RT.TB1,สาขา:หลอดเลือด
RT.THORACOTOMY C DECORTICATE LUNG,สาขา:ทรวงอก
RT.TOETVA,Thyroid_neck
RT.URSL,สาขา:ทางเดินปัสสาวะ
RT.V-P SHUNT+ OFF EVD,Neuro_cranial
RT.VAE,สาขา:ศัลยกรรมทั่วไป
RT.VATS + MEDIASTINAL LN BIOPS,สาขา:ทรวงอก
RT.VATS WITH LUNG BIOPSY,Skin_softtissue
RT.VATS WITH RUL WEDGE RESECTION,สาขา:ทรวงอก
RT.VATS WITH SURGICAL PLEURODESIS +/- BLEBECTOMY,สาขา:ทรวงอก
RT.VATS+PLEURODESIS+REPAIR AIR LEAKAGE,สาขา:ทรวงอก
RT.VATS+RUL BLEBECTOMY+PLEURECTOMY,สาขา:ทรวงอก
RT.VP SHUNT (MEDIUM PRESSURE),Neuro_cranial
RT.VP SHUNT [MEDIUM PRESSURE],Neuro_cranial
RT.WRIST AVF,Vascular_access
RTIGHT FRONTAL CRANIOTOMY WITH REMOVE TUMOR UNDER NAVIGATION,Neuro_cranial
S/P PARTIAL ALT FLAP,Skin_softtissue
S6 RESECTION,สาขา:ศัลยกรรมทั่วไป
S6 SEGMENTECTOMY,สาขา:ตับ/ตับอ่อน/ทางเดินน้ำดี
SAUCERIZATION,สาขา:หู คอ จมูก
SCALP FLAP RECONSTRUCTION,Skin_softtissue
SCALP RECONSTRUCTION (ROTATIONAL FLAP),สาขา:ตกแต่ง
SCAR REVISION,สาขา:ตกแต่ง
SCAR REVISION + SKIN GRAFT +/- K-WIRE FIXATION,Fracture_fixation
SCAR REVISION C UMBILICOPLASTY,สาขา:ลำไส้ใหญ่และทวารหนัก
SCAR REVISION+STSG+/-K WIRE,สาขา:ตกแต่ง
SCLEROSING + STAB AVULSION (2 SITES) LT LEG,สาขา:หลอดเลือด
SCROTAL EXPLORATION +/- HYDROCELECTOMY,Uro_other
SCROTAL OPENING FOR VASECTOMY,Uro_other
SCRUB BURN C DB,สาขา:ตกแต่ง
SCRUB BURN WITH STSG,สาขา:ตกแต่ง
SECOND LOOK C CHANGE VACC +- GASTROJEJUNOSTOMY,สาขา:ศัลยกรรมทั่วไป
SECOND REPAIR,สาขา:ทางเดินปัสสาวะ
SECOND STAGE REPAIR,สาขา:ทางเดินปัสสาวะ
SECONDARY TCC INSERTION,สาขา:หลอดเลือด
SECONDARY TCC INSERTION AT RT IJV,Central_line
SEGMENTAL GRAFT REMOVAL,Skin_softtissue
SEGMENTAL GRAFT REMOVAL LT UPPER ARM,Skin_softtissue
SEGMENTAL GRAFT REMOVAL OR TOTAL GRAFT REMOVAL + REPAIR LT. BRACHIAL A.,Skin_softtissue
SEGMENTAL GRAFT REMOVAL WITH ANASTOMOSIS,Skin_softtissue
SEGMENTAL GRAFT REMOVAL WITH INTERPOSITION GRAFT,Skin_softtissue
SEGMENTAL GRAFT REMOVAL WITH INTERPOSITION GRAFT LT FOREARM,Skin_softtissue
SEGMENTAL GRAFT REMOVE,Skin_softtissue
SEGMENTAL GRAFT RESECRTION C CONVERT TO AVF LT UPPER ARM,Vascular_access
SEGMENTAL GRAFT RESECTION,Skin_softtissue
SEGMENTAL GRAFT RESECTION LT FOREARM AVBG WITH INTERPOSITION GRAFT,Vascular_access
SEGMENTAL GRAFT RESECTION LT.,Skin_softtissue
SEGMENTAL GRAFT RESECTION WITH INTERPOSITION AVBG LT FOREARM,Vascular_access
SEGMETAL GRAFT RESECTION WITH AVF LT CUBITAL,Vascular_access
SEMI-CLOSED HEMORRHOIDECTOMY,Anorectal
SEPTOPLASTY,ENT
SEPTOPLASTY + RF NOSE,ENT
SEPTOPLASTY + RF NOSE (GA),ENT
SEPTOPLASTY + RF NOSE + LT CONCHA BULLOSA EXCISION (GA),ENT
SEPTOPLASTY + RF NOSE + PARTIAL UVULECTOMY (GA),ENT
SEPTOPLASTY + RF PALATE,ENT
SEPTOPLASTY +DOLYE,ENT
SEPTOPLASTY+ RF NOSE,ENT
SEPTOTURBINOPLASTY,ENT
SET OR FOR AVBG LT FOREARM UNDER LOCAL,Vascular_access
SET OR FOR CHIARI DECOMPRESSION,สาขา:ประสาทและสมอง
SET OR FOR OPEN RADICAL NEPHRECTOMY 16.00 นอกเวลา,Uro_other
SET OR FOR TEMPORAL CRANIOTOMY WITH TUMOR REMOVAL,Neuro_cranial
SET OR FOR TOTAL PARATHYROIDECTOMY WITH AUTOIMPLATATION,Thyroid_neck
SET OR FOR TOTAL THYROIDECTOMY WITH LN LV2 EXCISION(FROZEN) +- LT MRND 15/3/64,Thyroid_neck
SET OR FOR TRUS-BX UNDER TIVA,Cystoscopy_URO
SFA TO ATA BYPASS,สาขา:หลอดเลือด
SFA TO PTA BYPASS,สาขา:หลอดเลือด
SHAVE BIOPSY,Skin_softtissue
SHAVE BX,สาขา:ตกแต่ง
SHAVE EXCISION,Skin_softtissue
SHOERACE SUTURE WOUND,Skin_softtissue
SHUNT LIGATION,Neuro_cranial
SIGMOIDECTOMY,Endoscopy_GI
SIGMOIDECTOMY +/- CLOSURE COLOSTOMY,Endoscopy_GI
SIGMOIDECTOMY WITH CLOSURE COLOSTOMY,Endoscopy_GI
SIGMOIDECTOMY WITH WEDGE BLADDER + PRIMARY REPAIR,Endoscopy_GI
SIGMOIDOSCOPE UNDER LOCAL [BEDSIDE],Endoscopy_GI
SILICONE REMOVAL BOTH BREASTS UNDER GA,Breast
SINGLE PORT LAPAROSCOPIC APPENDECTOMY,Central_line
SINGLE STAGE REPAIR,สาขา:ทางเดินปัสสาวะ
SINUSCOPE WITH COBLATOR ADENOID,ENT
SISTRUNK OPEARTION,สาขา:หู คอ จมูก
SISTRUNK OPERATION,Thyroid_neck
SISTRUNK OPERATION WITH LEFT THYROIDECTOMY,Thyroid_neck
SKIN BIOPSY,Skin_softtissue
SKIN CLOSURE UNDER IV SEDATION,สาขา:ทางเดินปัสสาวะ
SKIN GRAFT AT PERINEUM,Skin_softtissue
SKINGRAFT DRONOR FORM LEFT THIGH,Skin_softtissue
SLING,สาขา:ทางเดินปัสสาวะ
SMALL BOWEL RESECTION,GI_abdominal
SOC C TUMOR REMOVAL,สาขา:ประสาทและสมอง
SOC C TUMOUR REMOVAL,สาขา:ประสาทและสมอง
SOC RETROSIGMOID APPRAOCH LEFT,Endoscopy_GI
SPA LIGATION,สาขา:หู คอ จมูก
SPHENOIDOTOMY,สาขา:หู คอ จมูก
SPHENOIDOTOMY WITH NAVIGATOR,สาขา:หู คอ จมูก
SPHINCTER SAVING FISTULA SURGERY,Vascular_access
SPHINCTEROPLASTY,สาขา:ลำไส้ใหญ่และทวารหนัก
SSV LIGATION+ SCLEROTHERAPY UNDER SPINAL BLOCK,สาขา:หลอดเลือด
STA AND ANEURYSMAL LIGATION,สาขา:ประสาทและสมอง
STAB AVULSION + VENOUS STRIPPING RT,สาขา:หลอดเลือด
STAB AVULSION LT LOWER LEG,สาขา:หลอดเลือด
STAPLE HEMORRHIODECTOMY,สาขา:ลำไส้ใหญ่และทวารหนัก
STAPLE HEMORRHOIDECTOMY + EGD + COLONOSCOPY,Endoscopy_GI
STAPLE REMOVAL,สาขา:ตกแต่ง
STAPLER HEMORRHOIDECTOMY,Anorectal
STENT AT LT BRACHIAL ARTERY,Vascular_interv
STEREOTACTIC GUIDED WIRE LOCALIZATION WIDE EXCISION OF LEFT BREAST,Breast
STEREOTACTIC WIRE LOCALIZATION OF RIGHT BREAST,Breast
STEREOTACTIC WIRE LOCALIZATION WIDE EXCISION O FLEFT BREAST,Breast
STERNAL DEBRIDEMENT WITH PECTORELIS MAJOR FLAP,Skin_softtissue
STERNAL WIRE REMOVE WITH STERNUM DEBRIDEMENT,Skin_softtissue
STOMAL REVISION,สาขา:หู คอ จมูก
STOP BLEEDING,สาขา:หู คอ จมูก
STRICTULOPLASTY,สาขา:ลำไส้ใหญ่และทวารหนัก
STRICTUROPLASTY,GI_abdominal
STSG,สาขา:ตกแต่ง
STSG @ RT.BKA STUMP,สาขา:ตกแต่ง
STSG AT LEFT FOOT,สาขา:ตกแต่ง
STSG AT LT LEG + VAC DRESSING,สาขา:ตกแต่ง
"STSG AT LT. FOOT , DONOR LT. THIGH",สาขา:ตกแต่ง
STSG AT OCCIPITAL AREA,สาขา:ตกแต่ง
STSG AT RT. FOOT,สาขา:ตกแต่ง
STSG AT SCALP DONER RT.THIGH,สาขา:ตกแต่ง
STSG DONOR FROM LEFT THIGH,สาขา:ตกแต่ง
STSG DONOR FROM RT THIGH UNDER GAET,สาขา:ตกแต่ง
STSG LT FOOT,สาขา:ตกแต่ง
STSG LT LEG,สาขา:ตกแต่ง
STSG LT LEG + VAC DRESSING,สาขา:ตกแต่ง
STSG LT. FOOT,สาขา:ตกแต่ง
STSG LT. LEG,สาขา:ตกแต่ง
STSG LT.FOOT,สาขา:ตกแต่ง
STSG RIGHT FOOT,สาขา:ตกแต่ง
STSG RT AMPUTATED BIG TOE UNDER SPINAL BLOCK 11.00น.,สาขา:ตกแต่ง
STSG RT ARM,สาขา:ตกแต่ง
STSG RT FOOT,สาขา:ตกแต่ง
STSG RT LEG,สาขา:ตกแต่ง
STSG RT LEG UNDER SPINAL BLOCK,สาขา:ตกแต่ง
"STSG RT. LEG, DONOR RT. THIGH",สาขา:ตกแต่ง
STSG RT.LEG WITH VAC DRESSING,สาขา:ตกแต่ง
STSG UNDER GA,สาขา:ตกแต่ง
STSG WITH VAC DRESSING,สาขา:ตกแต่ง
STSG WITH VAC. DRESSING,สาขา:ตกแต่ง
STSG(HARVEST DONOR จาก THIGH)+VAC DRESSING,สาขา:ตกแต่ง
STSG/FTSG + VAC DRESSING RIGHT HAND,สาขา:ตกแต่ง
STST LT.FOOT,สาขา:ตกแต่ง
STSTG EVALUATION,สาขา:ตกแต่ง
STUMP CLOSURE,สาขา:ตกแต่ง
SUBCU. EXCISION,Skin_softtissue
SUBCUTANEOUS EXCISION,Skin_softtissue
SUBCUTANEOUS MASTECOMY,สาขา:ศัลยกรรมทั่วไป
SUBCUTANEOUS MASTECTOMY,Breast
SUBCUTANEOUS MASTECTOMY + BREAST AUGMENTATION,Breast
SUBLABIAL TRANSPHENOID TUMOR REMOVAL,สาขา:ประสาทและสมอง
SUBLABIAL TRANSSPHENOID TUMOR REMOVAL,สาขา:ประสาทและสมอง
SUBOCCIPITAL CRANIECTOMY C TUMOR REMOVAL,สาขา:ประสาทและสมอง
SUBOCCIPITAL CRANIECTOMY FOR RELEASE PRESSURE,สาขา:ประสาทและสมอง
SUBOCCIPITAL CRANIECTOMY RIGHT MICROVASCULAR DECOMPRESSION (MVD),สาขา:ประสาทและสมอง
SUBOCCIPITAL CRANIECTOMY W TUMOR REMOVAL,สาขา:ประสาทและสมอง
SUBOCCIPITAL CRANIECTOMY WITH CYST EXCISION,Skin_softtissue
SUBOCCIPITAL CRANIECTOMY WITH MASS REMOVAL,Skin_softtissue
SUBOCCIPITAL CRANIECTOMY WITH TUMOR REMOVAL,สาขา:ประสาทและสมอง
SUBOCCIPITAL CRANIECTOMY WITH TUMOR REMOVAL WITH VENTRICULOSTOMY,สาขา:ประสาทและสมอง
SUBOCCIPITAL CRANIOTOMY WITH TUMOR REMOVAL,Neuro_cranial
SUBTOTAL COLECTOMY,GI_abdominal
SUBTOTAL MASTECTOMY,Breast
SUBTOTAL MASTECTOMY + SLNB,Breast
SUBTOTAL MAXILLECTOMY C SKIN GRAFT,Skin_softtissue
SUBTOTAL PARATHYROIDECTOMY,Thyroid_neck
SUBTOTAL THYROIDECTOMY,Thyroid_neck
SUPERFICAILIZATION,สาขา:หลอดเลือด
SUPERFICALIZATION OF AVF LT CUBITAL,Vascular_access
SUPERFICIAL PAROTIDECTOMY,สาขา:ตกแต่ง
SUPERFICIAL PAROTIDECTOMY RT.,สาขา:ตกแต่ง
SUPERFICIALIZATION,สาขา:หลอดเลือด
SUPERFICIALIZATION +-FISTULOGRAM,Vascular_access
SUPERFICIALIZATION AVF LT ARM,Vascular_access
SUPERFICIALIZATION AVF LT CUBITAL,Vascular_access
SUPERFICIALIZATION BASILLIC VEIN,สาขา:หลอดเลือด
SUPERFICIALIZATION LT.,สาขา:หลอดเลือด
SUPERFICIALIZATION LT.AVF,Vascular_access
SUPINE LT PCNL + RIRS,Cystoscopy_URO
SUPINE MAYFILED MICROSCOPE NAVIGATOR SORING,สาขา:ประสาทและสมอง
SUPINE PCNL + RIRS,Cystoscopy_URO
SUPRAORBITAL CRANIOTOMY,Neuro_cranial
SUPRAPUBIC CYSTOSTOMY,Cystoscopy_URO
SUPRASTERNAL INCISION WITH INCISIONAL BIOPSY,Skin_softtissue
SUR. CYSTO,Cystoscopy_URO
SUR. CYSTOSCOPY,Cystoscopy_URO
SUR.CYSTO,Cystoscopy_URO
SURGICAL DECOMPRESSION,สาขา:หลอดเลือด
SURGICAL DRAINAGE,สาขา:หู คอ จมูก
SURGICAL DRAINAGE AT LEFT NECK,สาขา:หู คอ จมูก
SURVEILANCE CYSTOSCOPY,Cystoscopy_URO
SURVEILLANCE COLONO,สาขา:ลำไส้ใหญ่และทวารหนัก
SURVEILLANCE COLONOSCOPE,Endoscopy_GI
SURVEILLANCE COLONOSCOPY,Endoscopy_GI
SURVEILLANCE COLONOSCOPY R/O RECURRENT,Endoscopy_GI
SURVEILLANCE CYSTO,Cystoscopy_URO
SURVEILLANCE CYSTO + OFF DJ STENT,Cystoscopy_URO
SURVEILLANCE CYSTOSCOPE,Cystoscopy_URO
SURVEILLANCE CYSTOSCOPY,Cystoscopy_URO
SURVEILLANCE EGD & COLONOSCOPE,Endoscopy_GI
SURVEILLANCE EGD + COLONOSCOPY,Endoscopy_GI
"SURVEILLANCE EGD + COLONOSCOPY , REMOVE CHEMOPORT",Endoscopy_GI
SURVEILLANCE EGD+ COLONOSCOPY,Endoscopy_GI
SURVEILLANCE FLEXIBLE CYSTO,Cystoscopy_URO
SURVEILLANCE FLEXIBLE CYSTOSCOPY,Cystoscopy_URO
SURVELIIANCE CYSTO,Cystoscopy_URO
SURVELLIANCE COLONOSCOPY,Endoscopy_GI
SURVIELLANCE COLONOSCOPE + EGD,Endoscopy_GI
SURVIELLANCE EGD + COLONOSCOPE,Endoscopy_GI
SURVIELLANCE EGD COLONOSCOPE,Endoscopy_GI
SURVILLANCE CYSTOSCOPE,Cystoscopy_URO
SUTURE,Skin_softtissue
SUTURE ABDOMINAL WOUND,Skin_softtissue
SUTURE TRACHEOSTOMY WOUND,Tracheostomy
SUTURE WOUND,Skin_softtissue
SUTURE WOUND + EL,Skin_softtissue
SUTURE WOUND + OFF SHOELACE,Skin_softtissue
SUTURE WOUND AT ABDOMINAL WALL,Skin_softtissue
SUTURE WOUND AT FACE,Skin_softtissue
SUTURE WOUND AT INCISION SITE,Skin_softtissue
SUTURE WOUND C VACUUM D/S RT LEG,Skin_softtissue
SUTURE WOUND LT LEG,Skin_softtissue
SUTURE WOUND RT CHEST,Skin_softtissue
SUTURE WOUND RT LEG,Skin_softtissue
SUTURE WOUND RT. LEG,Skin_softtissue
SUTURE WOUND UNDER LOCAL,Skin_softtissue
SUTURE WOUND WITH CHANGE VAC DRESSING,Skin_softtissue
SUTURED WOUND,Skin_softtissue
SYBCUTENEOUS MASTECTOMY,Breast
T + BSP + RF BOT + RF NOSE (GA),ENT
T + BSP + RF NOSE (GA),ENT
T + BSP + SEPTOPLASTY + RF NOSE (GA),ENT
T + M.CAPOS + UVULECTOMY + RF NOSE (GA),ENT
T TUBE CHOLANGIOGRAM +/- REMOVE T TUBE,Vascular_interv
T& A WITH COBLATOR,สาขา:หู คอ จมูก
T&A,สาขา:หู คอ จมูก
T&A (COBLATOR),สาขา:หู คอ จมูก
T&A (COBLATOR) + POST-OP PICU,สาขา:หู คอ จมูก
T&A (GA),สาขา:หู คอ จมูก
T&A (GA) + COBLATOR,สาขา:หู คอ จมูก
T&A (GA) + POST-OP PICU,สาขา:หู คอ จมูก
T&A (ใช้ COBLATOR) + POST-OP PICU อจองให้เรียบร้อยค่ะ,สาขา:หู คอ จมูก
T&A WITH COBLATOR,สาขา:หู คอ จมูก
T+BSP+AP+RF NOSE (GA),ENT
T+BSP+PARTIAL UVULECTOMY (GA),สาขา:หู คอ จมูก
T+BSP+PARTIAL UVULECTOMY+RF NOSE (GA),ENT
T+BSP+PARTIEAL UVULECTOMY+RF NOSE (GA),ENT
T+BSP+RF NOSE,ENT
T+BSP+RF NOSE (GA),ENT
T-TUBE CHOLANGIOGRAPHY,Vascular_interv
T.SUBOCCIPITAL CRANIOTOMY WITH MICROVASCULAR DECOMPRESSION (MVD),Neuro_cranial
T10-11 + L1-2 PDS C LAMINECTOMY T11,Spine
T10-12 PEDICULAR SCREW FIXATION UNDER NAVIGATOR,Spine
T10-L2 PDS FIXATION,สาขา:ประสาทและสมอง
T11 VERTEBRECTOMY+EXPANDABLE CAGE WITH T9-L1 PDS FIXATION,สาขา:ประสาทและสมอง
T11-L3 PDS FIXATION,สาขา:ประสาทและสมอง
T11-L3 PEDICULAR SCREW FIXATION WITH ROD REDUCTION,Spine
T11-L5 LAMINECTOMY+PDS FIXATION,Spine
T12-L1 LAMINECTOMY C PDS FIXATION,Spine
T12-L2 PDS DECOMPRESSION,สาขา:ประสาทและสมอง
T12-L3 PEDICULAR FIXATION,Spine
T2-4 LAMINECTOMY WITH TUMOR REMOVAL,Spine
T8-9 LAMINECTOMY WITH TUMOR REMOVAL,Spine
TAE,สาขา:ลำไส้ใหญ่และทวารหนัก
TAE + LIS,Anorectal
"TB (ได้ ANTI TB> 2 WK) , HX ARDS",สาขา:หู คอ จมูก
TB1,สาขา:ศัลยกรรมทั่วไป
TB1 LT ARM,สาขา:หลอดเลือด
TB1 LT ARM + LIGATE AVF LT WRIST,Vascular_access
TB1 LT CUBITAL,สาขา:หลอดเลือด
TB1 LT.ARM,สาขา:หลอดเลือด
TB1 RT,สาขา:หลอดเลือด
TB1 RT ARM,สาขา:หลอดเลือด
TB2,สาขา:หลอดเลือด
TB2 LT ARM,สาขา:หลอดเลือด
TB2 LT UPPER ARM,สาขา:หลอดเลือด
TB2 LT.,สาขา:หลอดเลือด
TB2 LT. ARM,สาขา:หลอดเลือด
TB2 RT ARM,สาขา:หลอดเลือด
TB2 RT ARM + TCC FV,สาขา:หลอดเลือด
TCC,สาขา:หลอดเลือด
TCC AT IJV,Central_line
TCC AT LEFT IJV,Central_line
TCC AT LT IJV,Central_line
"TCC AT LT IJV, PALINDROME",Central_line
TCC AT LT. FEMORAL,สาขา:หลอดเลือด
TCC AT LT.IJV,Central_line
TCC AT RIGHT EJV/LEFT IJV,Central_line
TCC AT RIGHT IJV,Central_line
TCC AT RT CFV,สาขา:หลอดเลือด
TCC AT RT EJV/ LT EJV/ LT CFV,สาขา:หลอดเลือด
TCC AT RT IJV,Central_line
TCC AT RT. EJV +/- RT. CFV,สาขา:หลอดเลือด
TCC AT RT. IJV,Central_line
TCC AT RT.EJV,สาขา:หลอดเลือด
TCC AT RT.IJV,Central_line
TCC FV AND OFF TCC RT IJV,Central_line
TCC INSERTION,สาขา:หลอดเลือด
TCC INSERTION AT LEFT IJV,Central_line
TCC INSERTION AT LT IJV,Central_line
TCC INSERTION AT LT.IJV,Central_line
TCC INSERTION AT RT EJV,สาขา:หลอดเลือด
TCC INSERTION AT RT IJV,Central_line
TCC INSERTION LT IJV OR FEMORAL,Central_line
TCC INSERTION RT IJV,Central_line
TCC INSETION RT IJV,Central_line
TCC LEFT IJV,Central_line
TCC LEFT IJV + VENOGRAM,Central_line
TCC LT EJV,สาขา:หลอดเลือด
"TCC LT FV , CENTROS",Central_line
TCC LT IJV,Central_line
TCC LT IJV +- RT CFV,Central_line
"TCC LT IJV , CENTROS",Central_line
"TCC LT IJV , CENTROS+LIGATE AVF",Vascular_access
"TCC LT IJV , HEMOFLOW",Central_line
"TCC LT IJV , PALINDROME",Central_line
"TCC LT IJV OR FV , CENTROS",Central_line
TCC LT SCV UNDER LA C MAC,สาขา:หลอดเลือด
TCC LT. IJV,Central_line
TCC LT.IJV,Central_line
TCC LT.IJV + LIGATE AVF LT.WRIST,Vascular_access
TCC LT.IJV OR DLC AT RT.CFV,Central_line
TCC OR REVISE AVBG,Vascular_access
TCC REMOVAL RT IJV,Central_line
TCC REMOVAL WITH BALLOON VENOPLASTY,Vascular_interv
TCC RIGHT FEMORAL VEIN,สาขา:ศัลยกรรมทั่วไป
TCC RIGHT IJV,Central_line
TCC RT EJV,สาขา:หลอดเลือด
TCC RT EJV +/- LT IJV,Central_line
"TCC RT EJV , HEMOFLOW",สาขา:หลอดเลือด
TCC RT EJV / LT FV,สาขา:หลอดเลือด
TCC RT EJV OR DLC TO TCC RT CFV,สาขา:ศัลยกรรมทั่วไป
"TCC RT EJV OR SV , CENTROS",Central_line
TCC RT EJV+- CFV,สาขา:หลอดเลือด
TCC RT FV,สาขา:หลอดเลือด
"TCC RT FV +,- LIGATE AVF RT ARM",Vascular_access
"TCC RT FV , CENTROS",Central_line
"TCC RT FV , CENTROS 31 CM",Central_line
"TCC RT FV , REMOVE TCC LT IJV , CENTROS",Central_line
TCC RT IJV,Central_line
TCC RT IJV +- EJV +- VENOGRAM,Central_line
TCC RT IJV +/- DLC RT IJV,Central_line
TCC RT IJV +/- EJV +VENOGRAM (+/- FV),Central_line
TCC RT IJV +/- LT IJV,Central_line
"TCC RT IJV , CENTROS",Central_line
"TCC RT IJV , HEMOFLOW",Central_line
"TCC RT IJV , PALINDROME",Central_line
"TCC RT IJV ,CENTROS",Central_line
"TCC RT IJV ,HEMOFLOW",Central_line
"TCC RT IJV OR FV , CENTROS",Central_line
TCC RT IJV UNDER LA,Central_line
TCC RT IJV UNDER MAC,Central_line
TCC RT IJV WITH ANEURYSMECTOMY,Central_line
"TCC RT OR LT IJV , CENTROS",Central_line
"TCC RT OR LT IJV , PALINDROME",Central_line
"TCC RT OR LT IJV OR RT FV , CENTROS",Central_line
"TCC RT SV , CENTROS",Central_line
TCC RT. EJV 3/8/65 +/- TCC AT LT IJV,Central_line
TCC RT. EJV OR RT. CFV WITH LIGATED AVF RT. CUBITAL,Vascular_access
TCC RT. IJV,Central_line
TCC RT. IJV +- RT EJV UNDER LA,Central_line
TCC RT. IJV +/- EJV,Central_line
TCC RT. IJV UNDER LA,Central_line
TCC RT.+/-LT. IJV,Central_line
TCC RT.EJV,สาขา:หลอดเลือด
TCC RT.EJV +/- AVF LT.CUBITAL,Vascular_access
TCC RT.EJV +/- LT.IJV,Central_line
TCC RT.EJV +/- RT.CFV,สาขา:หลอดเลือด
TCC RT.EJV OR DLC TO TCC RT.CFV,สาขา:หลอดเลือด
TCC RT.EJV OR LT.IJV,Central_line
TCC RT.EJV OR TCC RT.CFV,สาขา:หลอดเลือด
TCC RT.FV,สาขา:ศัลยกรรมทั่วไป
TCC RT.IJV,Central_line
TCC RT.IJV (CENTROS),Central_line
TCC RT.IJV + AVF LT.WRIST,Vascular_access
TCC RT.IJV + LIGATE AVF LT.CUBITAL,Vascular_access
TCC RT.IJV +/- RT.EJV,Central_line
TCC RT.IJV OR LT.EJV OR LT.CFV +/- VENOGRAM,Central_line
"TCC RT.IJV,CENTROS (LA)",Central_line
"TCC RTR IJV , HEMOFLOW",Central_line
TCC TO PERM RT IJV,Central_line
TCCAT LT IJV,Central_line
TCCC INSETION AT LT IJV,Central_line
TEMPORAL BROW LIFT,สาขา:ตกแต่ง
TEMPORAL LIFT,สาขา:ตกแต่ง
TEMPORARY TRACHEOSTOMY,Tracheostomy
TENCKHOFF INSERTION,สาขา:ศัลยกรรมทั่วไป
TEVAR,Vascular_interv
TEVAR +- CAROTID-SUBCLAVIAN BYPASS,Vascular_interv
TEVAR WITH ILIAC STENT,Vascular_interv
"TF CASE, OPEN LAMINECTOMY T8 WITH TUMOR REMOVAL",Spine
THACHEOSTOMY,สาขา:หู คอ จมูก
THORACOSCOPIC ASSIST LAP. ESOPHAGOGASTRECTOMY,GI_abdominal
THORACOSCOPIC ESOPHAGECTOMY + GASTRIC TUBE RECONSTRUCTION,สาขา:ศัลยกรรมทั่วไป
THORACOTOMY,สาขา:ศัลยกรรมทั่วไป
THORACOTOMY C RT LOWER LOBECTOMY,สาขา:ทรวงอก
THORACOTOMY WITH PERICARDIAL WINDOW,สาขา:ทรวงอก
THROMBECTOMY,Vascular_interv
THROMBECTOMY & FISTULOGRAM LT. AVBG,Vascular_access
THROMBECTOMY + FISTULOGRAM,Vascular_access
THROMBECTOMY + FISTULOGRAM +- PTA,Vascular_access
THROMBECTOMY + FISTULOGRAM LT. AVBG,Vascular_access
THROMBECTOMY +- PERM RIGHT IJV,Central_line
THROMBECTOMY +/- TCC RT. IJV,Central_line
THROMBECTOMY AVBG LT FOREARM C BALLOON VENOPLASTY +/- TCC,Vascular_access
THROMBECTOMY WITH FISTULOGRAM,Vascular_access
THYROID ABLATION,Thyroid_neck
TK,สาขา:หลอดเลือด
TK INSERTION,สาขา:ศัลยกรรมทั่วไป
TK INSERTION ',สาขา:ศัลยกรรมทั่วไป
TK INSERTION UNDER LA,สาขา:ศัลยกรรมทั่วไป
TK INSERTION UNDER LA WITH MAC,สาขา:ศัลยกรรมทั่วไป
TK REMOVAL,สาขา:ศัลยกรรมทั่วไป
TLIF L4-5,Spine
TLIF L4-5 MIS,Spine
TOE AMPUTATION,สาขา:หลอดเลือด
TOE AMPUTATION (RT 1 ST TOE OF FOOT) UNDER REGIONAL BLOCK,สาขา:หลอดเลือด
TOETVA ISTHMECTOMY +/- RT. LOBECTOMY,Thyroid_neck
TOETVA ISTHMUSECTOMY,Thyroid_neck
TONSIILLECTOMY + BSP + RF NOSE (GA),ENT
TONSILLECTMY (GA),ENT
TONSILLECTOMY,ENT
TONSILLECTOMY (GA),ENT
TONSILLECTOMY (GA) + POST-OP SICU จองเมื่อ 10/10/2566 พี่พยบ. ณัฐกฤตา รับทราบ,ENT
TONSILLECTOMY + BSP (GA),ENT
TONSILLECTOMY + BSP + SEPTOPLASTY + RF NOSE (GA),ENT
TONSILLECTOMY + BSP+ MODIFIED CAPSO,ENT
TONSILLECTOMY + BSP+ RF NOSE,ENT
TONSILLECTOMY + BSP+MODIFIED CAPSO,ENT
TONSILLECTOMY + ESP + RF NOSE,ENT
TONSILLECTOMY + ESP+ RF NOSE,ENT
TONSILLECTOMY + PALATAL SURGERY,ENT
TONSILLECTOMY + RF NOSE,ENT
TONSILLECTOMY + RF NOSE (GA),ENT
TONSILLECTOMY + STYLOID PROCESS EXCISION BILATERAL (GA),ENT
TONSILLECTOMY +BSP+RF NOSE (GA),ENT
TONSILLECTOMY +RF NOSE,ENT
TONSILLECTOMY WITH COBLATOR,ENT
"TONSILLECTOMY WITH COBLATOR , RF NOSE",ENT
TONSILLECTOMY WITH RFIT UNDER GA,ENT
TONSILLECTOMY WITHOUT ADENOIDECTOMY,ENT
TONSILLECTOMY+ BSP + RF NOSE,ENT
TONSILLECTOMY+ BSP+ RF NOSE,ENT
TONSILLECTOMY+BSP+/-UVULECTOMY+RF NOSE (GA),ENT
TONSILLECTOMY+BSP+RF NOSE,ENT
TONSILLECTOMY+RF NOSE,ENT
TOTAL GRAFT REMOVAL + TCC RT.IJV,Central_line
TOTAL GRAFT REMOVE WITH REPAIRED BRACHIAL ARTERY,Skin_softtissue
TOTAL LARYNGECTOMY WITH DL WITH +/- BILATERAL MRND +/- LT PMM FLAP,ENT
TOTAL MASTECTOMY LT BREAST,Breast
TOTAL MASTECTOMY WITH SLNB,Breast
TOTAL PARATHYROIDECTOMY WITH ATX,Thyroid_neck
TOTAL PARATHYROIDECTOMY WITH AUTOTRANSPLANT LT ARM,Thyroid_neck
TOTAL PELVIC ECENTERATION WITH ILEAL CONDUIT,สาขา:ลำไส้ใหญ่และทวารหนัก
TOTAL PELVIC EXENTERATION + S3 SACRECTOMY + VRAM FLAP (LUQ COLOSTOMY LLQ CONDUIT),Skin_softtissue
TOTAL RECONSTRUCTION OF PENILE,Uro_other
TOTAL THYMECTOMY,สาขา:ทรวงอก
TOTAL THYROIDECTOMY,Thyroid_neck
TOTAL THYROIDECTOMY + OPEN RT.HERNIOPLASTY,Thyroid_neck
TOTAL THYROIDECTOMY +- MEDIAN STERNOTOMY,Thyroid_neck
TOTAL THYROIDECTOMY +/- CENTRAL NECK DISSECTION,Thyroid_neck
TOTAL THYROIDECTOMY +/- D/L C BIOPSY RT. BOT,Thyroid_neck
TOTAL THYROIDECTOMY +/- MEDIAN STERNOTOMY,Thyroid_neck
TOTAL THYROIDECTOMY C PARATHYROIDECTOMY,Thyroid_neck
TOTAL THYROIDECTOMY WITH RT. MRND,Thyroid_neck
TOTAL TOETVA,Thyroid_neck
TOTAL TOETVA (AUS WITH TRIRADS-5),Thyroid_neck
TOTAL TOETVA WITH CND,Thyroid_neck
TOTAL TOETVA WITH LN DISSECTION,Thyroid_neck
TOTAL TOETVA+PARATHYROIDECTOMY,Thyroid_neck
TPL L3-5,สาขา:ประสาทและสมอง
TPS C LAMINECTOMY L4-5,Spine
TPS L2-4 WITH DECOMPRESSION,สาขา:ประสาทและสมอง
TPS L2-5 WITH DECOMPRESSION,สาขา:ประสาทและสมอง
TPS L3-5 WITH LAMINECTOMY L3-5,Spine
"TPS L3-5 WITH LAMINECTOMY L3-5 WITH DISCECTOMY L3-4, L4-5",Spine
TPS L4-5 WITH DECOMPRESSION,สาขา:ประสาทและสมอง
TPS L4-5 WITH LAMINECTOMY L4-5 UNDER NAVIGATION,Spine
TPS L4-5 WOTH DECOMPRESSION L3-5,สาขา:ประสาทและสมอง
TPS L4-L5 WITH DECOMPRESSION,สาขา:ประสาทและสมอง
TPS L4-S1 WITH LAMINECTOMY,Spine
"TPS T11,L1 WITH L4-5 WITH LAMINECTOMY",Spine
TPS T12-L4,สาขา:ประสาทและสมอง
TPS T4-5/ T8-9 LAMINECTOMY T6 + TUMOR REMOVAL UNDER NAVIGATION,Spine
TPS T7-T9 UNDER NAVIGATE,สาขา:ประสาทและสมอง
TPSL2-S1 C DECOMPRESSION,สาขา:ประสาทและสมอง
TRACEOSTOMY,สาขา:หู คอ จมูก
TRACHCOSTOMY,สาขา:หู คอ จมูก
TRACHEAOSTOMY,สาขา:ประสาทและสมอง
TRACHEOSCOPY THROUGH ARTIFICIAL STOMA,สาขา:หู คอ จมูก
TRACHEOSTOMY,Tracheostomy
TRACHEOSTOMY (GA),Tracheostomy
TRACHEOSTOMY (OPTIME 1HR),Tracheostomy
TRACHEOSTOMY + DL + BIOPSY + CYSTOSCOPY(อ.สุทธิรัตน์),Cystoscopy_URO
TRACHEOSTOMY + DL TELE,Tracheostomy
TRACHEOSTOMY + FOL,Tracheostomy
TRACHEOSTOMY + MULTIPLE TOOTH EXTRACTION+ STOP BLEED(ทำหลัง TRACHEOSTOMY),Tracheostomy
"TRACHEOSTOMY , DL , TELESCOPE NASOPHARYNX",Tracheostomy
TRACHEOSTOMY AWAKE C INCISIONAL BIOPSY RT. NECK MASS,Tracheostomy
TRACHEOSTOMY C D/L C BIOPSY,Tracheostomy
TRACHEOSTOMY C D/L C BIOPSY LT. BASE OF TONGUE,Tracheostomy
TRACHEOSTOMY C DL + BX (GA),Tracheostomy
TRACHEOSTOMY C DL BX C ESOPHAGOSCOPE,Tracheostomy
TRACHEOSTOMY C DL C TA INJECTION,Tracheostomy
TRACHEOSTOMY C EVD LEFT FRONTAL,Neuro_cranial
TRACHEOSTOMY C VP SHUNT MEDIUM PRESSURE,Neuro_cranial
TRACHEOSTOMY TUBE,Tracheostomy
TRACHEOSTOMY UNDER GA,Tracheostomy
"TRACHEOSTOMY UNDER GA , CASE PROLONG INTUBATION",Tracheostomy
TRACHEOSTOMY UNDER LA C NEAR TOTAL GLOSSECTOMY C BILAT ND C LT. PMM FLAP,ENT
TRACHEOSTOMY WITH DIRECT LARYNGOSCOPE +/- BIOPSY,ENT
TRACHEOSTOMY(GA),Tracheostomy
"TRACHEOSTOMY,",Tracheostomy
TRACHESOTMY +FOL,สาขา:หู คอ จมูก
TRACHESOTOMY,สาขา:หู คอ จมูก
TRACHESOTOMY + DL,สาขา:หู คอ จมูก
TRACHESTOMY,สาขา:หู คอ จมูก
TRACHOESTOMY,สาขา:หู คอ จมูก
TRACHOSTOMY,สาขา:หู คอ จมูก
TRACTOTOMY,สาขา:ลำไส้ใหญ่และทวารหนัก
TRAHCEOSTOMY,สาขา:หู คอ จมูก
TRAM FLAP COVERAGE RT. BREAST DEFECT,Breast
TRAN-ANAL EXCISION,Anorectal
TRANANAL EXCISION,Skin_softtissue
TRANANL EXCISION,Skin_softtissue
TRANS-ORAL ODONTOIDECTOMY WITH C1-2 FUSION,Spine
TRANSACRAL LAR,GI_abdominal
TRANSANAL BIOPSY,Skin_softtissue
TRANSANAL EXCISION,Skin_softtissue
TRANSANAL EXCISION +- CLOSED HEMORRHOIDECTOMY,Anorectal
TRANSANAL EXCISION POLYP,Skin_softtissue
TRANSANAL EXCISION WITH HEMORRHOIDECTOMY,Anorectal
TRANSANAL FISTULOTOMY,Vascular_access
TRANSANAL RE-EXCISION,Skin_softtissue
TRANSANAL TME C DLC,สาขา:ลำไส้ใหญ่และทวารหนัก
TRANSAXILLARY LT THYROIDECTOMY,Thyroid_neck
TRANSBRACHIAL STENTING,Vascular_interv
TRANSFEMORAL BRACHIAL STENTING,Vascular_interv
TRANSMETATARSAL AMPUTATION,สาขา:ศัลยกรรมทั่วไป
TRANSMETATARSAL AMPUTATION 1ST2ND3RD RT FOOT,สาขา:ศัลยกรรมทั่วไป
TRANSMETATARSAL AMPUTATION RT. FOOT,สาขา:หลอดเลือด
TRANSMETATASAL AMPUTATION RT FOOT,สาขา:หลอดเลือด
TRANSPEDICULAR SCREWS L4-5 WITHLAMINECTOMY L4-5 L5-S11,Spine
TRANSPEDICULAR SKREW T6-7-9-10 WITH TUMOR REMOVAL UNDER NAVIGATION,Spine
TRANSPHENOID APPROACH C TUMOR REMOVAL,สาขา:ประสาทและสมอง
TRANSPHENOID ENDOSCOPIC TUMOR REMOVAL UNDER NAV,สาขา:ประสาทและสมอง
TRANSPHENOIDAL HYPHOPHYSECTOMY,สาขา:ประสาทและสมอง
TRANSPHENOIDAL TUMOR REMOVAL,สาขา:ประสาทและสมอง
TRANSPHINODAL PITUTOMY TUMOR REMOVAL,สาขา:ประสาทและสมอง
TRANSSPHENOID APPROACH C TUMOR REMOVAL,สาขา:ประสาทและสมอง
TRANSSPHENOID APPROACH C TUMOUR REMOVAL,สาขา:ประสาทและสมอง
TRANSSPHENOID APPROACH WITH TUMOR REMOVAL,สาขา:ประสาทและสมอง
TRANSSPHENOID APPROACHE WITH TUMOR REMOVAL,สาขา:ประสาทและสมอง
TRANSURETHRAL PROSTATECTOMY,Uro_other
TRANSURETHRAL URETEROTOMY,Cystoscopy_URO
TRANSVAGINAL LAPAROSCOPIC CHOLECYSTECTOMY,Hepatobiliary
TRANSVERSE COLOSTOMY,สาขา:ศัลยกรรมทั่วไป
TRU-P,สาขา:ทางเดินปัสสาวะ
TRUS,Cystoscopy_URO
TRUS - BX,Cystoscopy_URO
TRUS -BX,Cystoscopy_URO
TRUS =- BX,Cystoscopy_URO
TRUS BIOPSY,Cystoscopy_URO
TRUS BIOPSY (OPD CASE),Cystoscopy_URO
TRUS BIOPSY + BILATERAL ORHIECTOMY,Cystoscopy_URO
TRUS BIOPSY + TUR-P,Cystoscopy_URO
TRUS BIOPSY+EGD+COLONOSCOPY,Endoscopy_GI
TRUS BIOSPY,Cystoscopy_URO
TRUS BX,Cystoscopy_URO
TRUS BX + BILAT ORCHIDECTOMY,Cystoscopy_URO
"TRUS BX ,22 - 25 CORES",Cystoscopy_URO
TRUS BX C URSL,Cystoscopy_URO
TRUS BX UNDER TIVA,Cystoscopy_URO
TRUS BX WITH CYSTO,Cystoscopy_URO
TRUS BX WITH TUR-P UNDER SB/GA,Cystoscopy_URO
TRUS BX นอกเวลา,Cystoscopy_URO
TRUS BX.,Cystoscopy_URO
TRUS C BX,Cystoscopy_URO
TRUS- BX,Cystoscopy_URO
TRUS-BIOPSY,Cystoscopy_URO
TRUS-BX,Cystoscopy_URO
TRUS-BX UNDER TIVA,Cystoscopy_URO
TRUS-BX ท่าตะแคง,Cystoscopy_URO
TRUS-BX.,Cystoscopy_URO
TRUS-MRI FUSION BIOPSY,Cystoscopy_URO
TRUSBX,Cystoscopy_URO
TTD,สาขา:หู คอ จมูก
TUF,สาขา:ทางเดินปัสสาวะ
TUF +- TURP,Cystoscopy_URO
TUF-STOP BLEED,สาขา:ทางเดินปัสสาวะ
TUI-BN,สาขา:ทางเดินปัสสาวะ
TUI-BN + CYSTOLITHOTRIPSY,Cystoscopy_URO
TUI-BN + TUI-P,สาขา:ทางเดินปัสสาวะ
TUI-BN UNDER IV SEDATION,สาขา:ทางเดินปัสสาวะ
TUI-BN UNDER SB,สาขา:ทางเดินปัสสาวะ
TUIBN,สาขา:ทางเดินปัสสาวะ
TUIP WITH TURBT,Cystoscopy_URO
TUMOR DEBULKING,สาขา:ลำไส้ใหญ่และทวารหนัก
TUMOR REMOVAL,สาขา:ประสาทและสมอง
TUMOR REMOVAL RT. HAND UNDER MICROSCOPE,สาขา:ตกแต่ง
TUMOR REMOVAL UNDER GA,สาขา:ประสาทและสมอง
TUMOR REMOVAL WITH LT SUBMANDIBULECTOMY,สาขา:หู คอ จมูก
TUMOR RESECTION +/- LAR,GI_abdominal
TUMOR RESECTION WITH HIPEC,สาขา:ลำไส้ใหญ่และทวารหนัก
TUR BT,Cystoscopy_URO
TUR STOP BLEED,สาขา:ทางเดินปัสสาวะ
TUR- BT,สาขา:ทางเดินปัสสาวะ
TUR- BT UNDER GA,สาขา:ทางเดินปัสสาวะ
TUR-BT,Cystoscopy_URO
TUR-BT (GA),Cystoscopy_URO
TUR-BT (LATERAL WALL),Cystoscopy_URO
TUR-BT (UNDER GA),Cystoscopy_URO
TUR-BT + DILATE URETHRA,Cystoscopy_URO
TUR-BT + URS C BX,Cystoscopy_URO
TUR-BT +- RT. URS-L,Cystoscopy_URO
TUR-BT AT BLADDER NECK 1 O'CLOCK,Cystoscopy_URO
TUR-BT UNDER GA,Cystoscopy_URO
TUR-BT UNDER IV SEDATION,Cystoscopy_URO
TUR-BT UNDER SA,Cystoscopy_URO
TUR-BT WITH RT. DJ STENT,Cystoscopy_URO
TUR-BT น่าจะ TIVA ได้,Cystoscopy_URO
TUR-BT+/- BCG INSTILLATION,Cystoscopy_URO
TUR-P,Cystoscopy_URO
TUR-P (3 HR.),Cystoscopy_URO
TUR-P + CYSTOLITHOTRIPSY,Cystoscopy_URO
TUR-P + TRUS C BX,Cystoscopy_URO
TUR-P + TUL,Cystoscopy_URO
TUR-P +- BILATERAL DJ STEMT INSERTION นอกเวลา,Cystoscopy_URO
TUR-P --> เปลี่ยนเป็น REZUM,Cystoscopy_URO
TUR-P C URSL LT,Cystoscopy_URO
TUR-P นอกเวลา,Cystoscopy_URO
TUR/TUF BLADDER TUMOR,สาขา:ทางเดินปัสสาวะ
TUR/TUF-BLADDER TUMOR,สาขา:ทางเดินปัสสาวะ
TURBT,Cystoscopy_URO
TURBT UNDER GA,Cystoscopy_URO
TURF,สาขา:ทางเดินปัสสาวะ
TURP,Cystoscopy_URO
TURP C CIRCUMCISION,Cystoscopy_URO
TURP C RIGHT HYDROCELECTOMY,Cystoscopy_URO
TURP C URETHRAL DILATION,Cystoscopy_URO
TURP HOLEP WITH LASER VC,Cystoscopy_URO
TURP UNDER SPINAL BLOCK,Cystoscopy_URO
TURP WITH BILAT RP WTH BILAT DJ,Cystoscopy_URO
TURP WITH LASER VC,Cystoscopy_URO
TURP WITH VESICLE LASER LITHOTRIPSY,Cystoscopy_URO
TURP นอกเวลา,Cystoscopy_URO
TVC MASS > >> DL C BIOPSY,Skin_softtissue
TWO BURR HOLE,Neuro_cranial
TYMPANOCENTESIS C PE TUBE,สาขา:หู คอ จมูก
TYMPANOMASTOIDECTOMY + FACIAL NIMS,สาขา:หู คอ จมูก
TYMPANOMASTOIDECTOMY RT EAR,ENT
U+L CORRECTURE,Blepharoplasty
U+L EYELID CORRECTION,Blepharoplasty
U+L EYELID CORRECTURE,Blepharoplasty
U-CATHETER,Central_line
U/D BELL'PALSY HYPOTHYROID,Thyroid_neck
U/S GUIDED CLIP PLACEMENT,สาขา:ศัลยกรรมทั่วไป
U/S GUIDED VABB,Breast
"U/S MARKING LUOQ MASS EXCISION , NEEDLE LOCALIZED RUOQ CAL EXCISION",Skin_softtissue
UB,สาขา:ตกแต่ง
UB LB,สาขา:ตกแต่ง
ULTRAOSUND GUIDED VABB,Breast
ULTRASOUND GUIDED VABB,Breast
UMBILICAL RECONSTRUCTION,สาขา:ตกแต่ง
UNILATERAL EXTENDED SIMPLE MASTECTOMY,Breast
UNILATERAL REPAIR OF INGUINAL HERNIA,GI_abdominal
UNILATERAL REPAIR OF INGUINAL HERNIA (RIGHT SIDE),GI_abdominal
UNILATERAL SIMPLE MASTECTOMY,Breast
UNILATERAL THYROID LOBECTOMY,Thyroid_neck
UNILATERAL THYROID LOBECTOMY LT.,Thyroid_neck
UNILATERAL THYROID LOBECTOMY RT.,Thyroid_neck
UPPER + LOWER EYELID CORRECTION,Blepharoplasty
UPPER BLEP.,สาขา:ตกแต่ง
UPPER BLEPHALOPLASTY,สาขา:หู คอ จมูก
UPPER BLEPHAROPLASTY,Blepharoplasty
UPPER CORRECTION,Blepharoplasty
UPPER EYELID CORRECTION,Blepharoplasty
UPPER EYEYLID CORRECTION,Blepharoplasty
UPPER+LOWER EYELID CORRECTION,Blepharoplasty
URATHRAL DILATION,สาขา:ทางเดินปัสสาวะ
URETERIC CATH + LAR + OC,Cystoscopy_URO
URETERIC CATH + TUMOR RESECTION + HIPEC,Cystoscopy_URO
URETERIC STENT + TUMOR REMOVAL + CHOLECYSTECTOMY + HIPEC,Cystoscopy_URO
URETEROLITHOTOMY LT. (OPEN),Cystoscopy_URO
URETEROLITHOTOMY RT.,Cystoscopy_URO
URETEROSCOPY,Cystoscopy_URO
URETEROSTOMY EXCHANGING,Cystoscopy_URO
URETEROSTOMY TUBE EXCHANGING,Cystoscopy_URO
URETHERAL DILATATION,สาขา:ทางเดินปัสสาวะ
URETHRAL DILATATION,Uro_other
URETHRAL DILATION,Uro_other
URETHRAL DILATION BY RIGID CYSTOSCOPY,Cystoscopy_URO
URETHRAL DILATION WITH RIGID CYSTO,Cystoscopy_URO
URETHRAL DILATION WITH RIGID CYSTOSCOPY,Cystoscopy_URO
URETHRECTOMY,สาขา:ทางเดินปัสสาวะ
URETHROSCOPY,สาขา:ทางเดินปัสสาวะ
URETHROSCOPY LITHOTRIPSY,สาขา:ทางเดินปัสสาวะ
URETHROSCOPY UNDER LA,สาขา:ทางเดินปัสสาวะ
URETHROTOMY,สาขา:ทางเดินปัสสาวะ
URS,Cystoscopy_URO
URS + REMOVE BILAT DJ STENT,Cystoscopy_URO
URS BILAT C LITHOTRIPSY,Cystoscopy_URO
URS C DJ STENT LT.,Cystoscopy_URO
URS CHANGE BILAT DJ STENT,Cystoscopy_URO
URS WITH OFF DJ STENT BOTH SIDE,Cystoscopy_URO
URS-L,Cystoscopy_URO
URSL + DJ STENT INSERTION LT,Vascular_interv
URSL +- DJ STENT,Vascular_interv
URSL +/- DJ STENT,Vascular_interv
URSL BILAT +- DJ,สาขา:ทางเดินปัสสาวะ
US GUIDED MICROWAVW ABLATION,สาขา:ศัลยกรรมทั่วไป
US GUIDED MICROWAVW ABLATION LEFT THYROID MASS,Thyroid_neck
US GUIDED MICROWAVW ABLATION RIGHT THYROID MASS,Thyroid_neck
US GUIDED MICROWAVW ABLATION UNDER LA,สาขา:ศัลยกรรมทั่วไป
V-P SHUT,สาขา:ประสาทและสมอง
VAB RT BREAST MASS,Breast
VABB,สาขา:ทรวงอก
VABB OF LEFT BREAST,Breast
VABB OF LEFT BREAST MASS,Breast
VABB UNDER TIVA,สาขา:ศัลยกรรมทั่วไป
VABE,สาขา:ศัลยกรรมทั่วไป
VABE L9 UNDER TIVA,สาขา:ศัลยกรรมทั่วไป
"VABE LT BREAST L2,L3",Breast
VABE RT BREAST,Breast
VAC DRESSING,สาขา:ตกแต่ง
VACCUM DRESSING,สาขา:ตกแต่ง
VACCUUM DRESSING C ABDOMINAL TOILET,สาขา:ศัลยกรรมทั่วไป
VACNB,สาขา:ศัลยกรรมทั่วไป
VACNB LT BREAST MASS,Breast
VACUAM ASSISTED BREAST EXCISION,Breast
VACUUM ASSISTED BREAST EXCISION OF RIGHT BREAST,Breast
VACUUM ASSITED EXCISION,Skin_softtissue
VACUUM BIOPSY LT.BREAST MASS L12,Breast
VACUUM DRESSING,สาขา:ตกแต่ง
VACUUM DRESSING + ABDOMINAL TOILET,สาขา:ศัลยกรรมทั่วไป
VACUUM DRESSING C ABDOMINAL TOILET,สาขา:ศัลยกรรมทั่วไป
VAE,Breast
VAE LT BREAST (L9),Breast
VAE OF BOTH BREAST,Breast
VAE OF LEFT BREAST,Breast
VAE OF LEFT BREAST MASS,Breast
VAE OF RIGHT BREAST,Breast
"VAE OF RIGHT BREAST , EXCISION SKIN TAG AT BACK",Breast
VAE R3,สาขา:ศัลยกรรมทั่วไป
VAE RT BREAST,Breast
VAE RT BREAST MASS,Breast
VARICOCELECTOMY LT.,สาขา:ทางเดินปัสสาวะ
VASECTOMY,Uro_other
VASECTOMY (+/- ใช้ MAGNET),Uro_other
VASECTOMY AND LIGATION OF VAS DEFERENS,Uro_other
VASECTOMY AND LIGATION OF VAS DEFERENS+CIRCUMCISION,Uro_other
VASECTOMY UNDER IV SEDATE,Uro_other
VASECTOMY UNDER IV SEDATION,Uro_other
VASECTOMY UNDER IV SEDATRION,Uro_other
VASECTOMY UNDER LA,Uro_other
VASECTOMY UNDER TIVA,Uro_other
VASECTOMY UNDER TIVA + LA,Uro_other
VASECTOMY WITH CIRCUMCISION,Uro_other
"VASOR LIPOSUCTION ABDOMEN,LOVE HANDLE, AND BOTH THIGHS",สาขา:ตกแต่ง
VASOVASOSTOMY RIGHT ใช้กล้อง MICRO,สาขา:ทางเดินปัสสาวะ
VAT C BLEBECTOMY C PLEURODESIS,สาขา:ทรวงอก
VAT C PLEURAL DRAIN RT.CHEST,สาขา:โรคหัวใจ
VAT C REPAIR AIRLEAK C PLEURODESIS,สาขา:ทรวงอก
VAT LLL LOBECTOMY AND LN DISSECTION AND FROZEN SECTION,สาขา:ทรวงอก
VAT REPAIR AIR LEAK,สาขา:ทรวงอก
VAT WITH BIOPSY WITH PLEURODESIS,Skin_softtissue
VAT WITH DECORTICATION,สาขา:ทรวงอก
VAT WITH PLEURODESIS,สาขา:ทรวงอก
VATS +/-OPEN WITH LEFT LOWER LUNG LOBECTOMY,สาขา:ทรวงอก
VATS AND DECORTICATE,สาขา:ทรวงอก
VATS BIOPSY,Skin_softtissue
VATS C BLEBECTOMY RT CHEST,สาขา:ทรวงอก
VATS C DRAINAGE,สาขา:ทรวงอก
VATS C LLL LOBECTOMY,สาขา:ทรวงอก
VATS C PLEURODESIS RT,สาขา:โรคหัวใจ
VATS C PLEUROPERICARDIAL WINDOW,สาขา:ทรวงอก
VATS C RML LOBECTOMY,สาขา:ทรวงอก
VATS C RT LOWER LOBECTOMY,สาขา:ทรวงอก
VATS C WEDGE EXCISION + PLEURAL BIOPSY,Skin_softtissue
VATS C WEDGE EXCISION BILATERAL PULMONARY NODULE,Skin_softtissue
VATS C WEDGE RESECTION RLL NODULE + OPEN WEDGE IVER SEGMENT 4.6.8,สาขา:โรคหัวใจ
VATS C WEDGE RESECTION RT LOWER LUNG,สาขา:ทรวงอก
VATS C WEDGE RLL RESECTION,สาขา:ทรวงอก
VATS DECORTICATE LEFT LUNG,สาขา:ทรวงอก
VATS DECORTICATE RIGHT LUNG,สาขา:ทรวงอก
VATS DECORTICATION,สาขา:ทรวงอก
VATS DECORTICATION LT LUNG,สาขา:ทรวงอก
VATS DECORTICATION RT.,สาขา:ทรวงอก
VATS LINGULAR WEDGE RESECTION WITH PROPHYLAXIS PP WINDOW,สาขา:ทรวงอก
VATS LLL RESECTION + FROZEN +/- LLL LOBECTOMY,สาขา:ทรวงอก
VATS LUL LOBECTOMY + LN DISSECTION,สาขา:ทรวงอก
VATS LUL LOBECTOMY C LN DISSECTION,สาขา:ทรวงอก
VATS LUL LOBECTOMY WITH LN DISSECTION,สาขา:ทรวงอก
VATS LUL LOBECTOMY WITH LYMPHNODE DISSECTION,สาขา:ทรวงอก
VATS PLEURODESIS,สาขา:โรคหัวใจ
VATS REPAIR AIRLEAK +- BLEBECTOMY C PLEURECTOMY,สาขา:ทรวงอก
VATS REPAIR AIRLEAK RT. CHEST,สาขา:ทรวงอก
VATS RIGHT DECORTICATON,สาขา:ทรวงอก
VATS RIGHT LUNG BIOPSY,Skin_softtissue
VATS RLL LOBECTOMY,สาขา:ทรวงอก
VATS RLL LOBECTOMY C PORT A INSERTION,Central_line
VATS RML LOBECTOMY WITH LYMPH NODE DISSECTION,สาขา:ทรวงอก
VATS RT APICAL BLEBECTOMY C PLEURECTOMY RT,สาขา:ทรวงอก
VATS RT DECORTICATE,สาขา:ทรวงอก
VATS RT PLEURAL DRAINAGE,สาขา:ทรวงอก
VATS RT PLEURECTOMY,สาขา:โรคหัวใจ
VATS RUL LOBECTOMY,สาขา:ทรวงอก
VATS RUL WEDGE + FS +- LOBECTOMY,สาขา:ทรวงอก
VATS SUPERIOR LLL SEGMENTECTOMY/LOBECTOMY,สาขา:ทรวงอก
VATS TALC PLEURODESIS C BIOPSY,Skin_softtissue
VATS THYMECTOMY,สาขา:ทรวงอก
VATS TOTAL THYMECTOMY WITH WEDGE RESECTION RUL,สาขา:ทรวงอก
VATS WEDGE EXCISIONAL BIOPSY,Skin_softtissue
VATS WEDGE RERSECTION OF RUL,สาขา:ทรวงอก
VATS WEDGE RESECTION LLL NODULE WITH FROZEN SECTION +- LLL LOBECTOMY,สาขา:ทรวงอก
VATS WEDGE RESECTION OF LLL,สาขา:ทรวงอก
VATS WEDGE RESECTION OF RUL NODULE,สาขา:ทรวงอก
VATS WEDGE RESECTION OF RUL NODULE WITH FROZEN SECTION +- RUL LOBECTOMY,สาขา:ทรวงอก
VATS WEDGE RESECTION RLL NODULE,สาขา:ทรวงอก
VATS WEDGE RESECTION RML NODULE,สาขา:ทรวงอก
VATS WEDGE RESECTION RT LUNG,สาขา:ทรวงอก
VATS WEDGE RUL,สาขา:ทรวงอก
VATS WITH BLEBECTOMY RT LUNG,สาขา:ทรวงอก
VATS WITH LLLOBECTOMY AND LN DISSECTION,สาขา:ทรวงอก
VATS WITH LOBECTOMY RT.LUNG,สาขา:ทรวงอก
VATS WITH MINITHORACOTOMY,สาขา:ทรวงอก
VATS WITH PLEURODESIS,สาขา:โรคหัวใจ
VATS WITH REPAIR DIAPHRAGMATIC DEFECT,สาขา:โรคหัวใจ
VATS WITH WEDGE RESECTION LUL +/- CONVERT OPEN,สาขา:ทรวงอก
VENASEAL BOTH LEGS,สาขา:หลอดเลือด
VENASEAL LT LEG,สาขา:หลอดเลือด
VENASEAL LT LEG WITH PHLEBECTOMY,สาขา:หลอดเลือด
VENASEAL OF BOTH LEGS,สาขา:หลอดเลือด
VENASEAL OF RT LEG,สาขา:หลอดเลือด
VENOGRAM + DLC TO TCC LT IJV +/- PTA LT BRACHIOCEPHALIC,Vascular_access
VENOGRAM + PTA,สาขา:หลอดเลือด
VENOGRAM +/- BALLOON VENOPLASTY,Vascular_interv
VENOGRAM WITH REVICE TCC RT. CFV,สาขา:หลอดเลือด
VENOGRAM WITH REVISE TCC RT IJV (+- RT CFV),Central_line
VENOGRAM+/-REVISED TCC LT IJV+/- TCC RT IJV,Central_line
VENOGRAM+TCC RT IJV+/-LT IJV+/-RT CFV,Central_line
VENOGRAPHY +/- BALLOON VENOPLASTY,Vascular_interv
VENOGRAPHY +/- VENOPLASTY,Vascular_interv
VENOUS STRIPPING + SPJ LIGATION + STAB AVULSION BOTH LEGS,สาขา:หลอดเลือด
VENOUS STRIPPING + STAB AVULSION AT LT.LEG,สาขา:หลอดเลือด
VENOUS STRIPPING + STAB AVULSION LT. LEG,สาขา:หลอดเลือด
VENOUS STRIPPING + STAB AVULSION RT LEG,สาขา:ศัลยกรรมทั่วไป
VENOUS STRIPPING AT RT GSV,สาขา:หลอดเลือด
VENOUS STRIPPING LT.LEG,สาขา:หลอดเลือด
VENOUS STRIPPING WITH STAB AVULSION,สาขา:ศัลยกรรมทั่วไป
VENOUS STRIPPING WITH STAB AVULSION AT BOTH LEGS,สาขา:หลอดเลือด
VENTICULOSTOMY,สาขา:ประสาทและสมอง
VENTRICULOSTOMY,สาขา:ประสาทและสมอง
VENTRICULOSTOMY RIGHT SIDE,สาขา:ประสาทและสมอง
VISUAL URETHOTOMY,สาขา:ทางเดินปัสสาวะ
VOCAL CORDECTOMY,สาขา:หู คอ จมูก
VP SHUNT,Neuro_cranial
VP SHUNT + CRANIOPLASTY,Neuro_cranial
VP SHUNT + OFF EVD,Neuro_cranial
VP SHUNT C TRACHEOSTOMY,Neuro_cranial
VP SHUNT REMOVAL,Neuro_cranial
VP SHUNT WITH TRACHEOOSTOMY,Neuro_cranial
VY FLAP ON THUMB,Skin_softtissue
WATER SOLUBLE CONTRAST,สาขา:ศัลยกรรมทั่วไป
WATER VAPOR THERAPY,สาขา:ทางเดินปัสสาวะ
WATER VAPOR THERAPY (REZUM),สาขา:ทางเดินปัสสาวะ
WE WITH LOCAL FLAP,Skin_softtissue
"WEDGE CRLM S5,6,7 + IOUS C MIRENA INSERTION",สาขา:ตับ/ตับอ่อน/ทางเดินน้ำดี
WEDGE EXCISION WITH VASECTOMY UNDER SA,Uro_other
WEDGE LIVER (SEGMENT7 RESECTION),Hepatobiliary
WEDGE LIVER + LT. ADRENALECTOMY,Hepatobiliary
WEDGE LIVER RESECTION,Hepatobiliary
WEDGE LIVER S8,Hepatobiliary
"WEDGE LIVER SEGMENT 6,8 + IOUS",Hepatobiliary
WEDGE RESECTION LUL,สาขา:ทรวงอก
WEDGE RESECTION SEGMENT 4B5,สาขา:ตับ/ตับอ่อน/ทางเดินน้ำดี
WHIPPLE OPENRATION,Hepatobiliary
WHIPPLE OPERATION,Hepatobiliary
WHIPPLE PROCEDURE,Hepatobiliary
WIDE CIRCUMCISION,Uro_other
"WIDE EXCION WITH SCALP FLAP, GA",Skin_softtissue
WIDE EXCISION,Skin_softtissue
WIDE EXCISION (BILATERAL MAMMOREDUCTION TECHNIQUE),Skin_softtissue
WIDE EXCISION + COLONOSCOPY,Endoscopy_GI
WIDE EXCISION + LOCAL FLAP,Skin_softtissue
WIDE EXCISION + SCALP FLAP,Skin_softtissue
WIDE EXCISION + SKIN GRAFT,Skin_softtissue
WIDE EXCISION + SLNB,Breast
WIDE EXCISION + SPC,Skin_softtissue
WIDE EXCISION +- LOCAL FLAP,Skin_softtissue
WIDE EXCISION AND SKIN GRAFT,Skin_softtissue
WIDE EXCISION AT LARGE RIGHT NECK MASS,Skin_softtissue
WIDE EXCISION AT LT. NASAL ALAR,Skin_softtissue
WIDE EXCISION C COMPLETE GROIN NODE RESECTION,Skin_softtissue
WIDE EXCISION C FLAP +/- STSG C VACUUM D/S,Skin_softtissue
WIDE EXCISION C FROZEN SECTION,Skin_softtissue
WIDE EXCISION C FROZEN SECTION C NASOLABIAL FLAP COVER,Skin_softtissue
WIDE EXCISION C FROZEN SECTION C NASOLABIAL FLAP COVERAGE,Skin_softtissue
WIDE EXCISION C LOCAL FLAP UNDER GA,Skin_softtissue
WIDE EXCISION DB,Skin_softtissue
WIDE EXCISION FOM LT. C LT. MRND C LT. NASOLABIAL FLAP,Skin_softtissue
WIDE EXCISION L1 WITH MICRODOCHECTOMY WITH SLNB,Breast
WIDE EXCISION LEFT BREAST MASS,Breast
WIDE EXCISION LEFT HEEL C DELAY RECONSTRUCTION C COMPLETE LEFT GROIN NODE DISSECTION,Skin_softtissue
WIDE EXCISION LEFT SCALENUS MUSCLE UNDER GA,Skin_softtissue
WIDE EXCISION LT BREAST MAS C EXCISION RT BREAST MASS,Breast
WIDE EXCISION MASS ON RIGHT CHEEK WITH FREE FALP COVERAGE (ALT),Skin_softtissue
WIDE EXCISION MASS RT.EAR PINNA,ENT
WIDE EXCISION MASS WITH LOCAL FLAP COVERAGE UNDER SB,Skin_softtissue
WIDE EXCISION OF BREAST,Breast
WIDE EXCISION OF LEFT BREAST,Breast
WIDE EXCISION OF LEFT BREAST(INFRAMAMMARY INCISION),Breast
WIDE EXCISION OF LESION OF LIP,Skin_softtissue
WIDE EXCISION OF RIGHT BREAST,Breast
WIDE EXCISION OF RIGHT BREAST + SLNB,Breast
WIDE EXCISION OF RIGHT CHEST WALL,Skin_softtissue
WIDE EXCISION RECURRENT TUMOR *2 SITES,Skin_softtissue
WIDE EXCISION RIGHT BREAST MASS,Breast
WIDE EXCISION RT BREAST MASS,Breast
WIDE EXCISION RT THIGH +- STSG,Skin_softtissue
WIDE EXCISION RT.BREAST,Breast
"WIDE EXCISION TONSIL AND BASE OF TONGUE WITH RT.SND1-3 WITH ALT FREE FLAB WITH TRACHEOSTOMY,",ENT
WIDE EXCISION UMBILLICAL MASS,Skin_softtissue
WIDE EXCISION WITH FLAP,Skin_softtissue
WIDE EXCISION WITH FLAP COVERAGE,Skin_softtissue
WIDE EXCISION WITH FLAP COVERY,Skin_softtissue
WIDE EXCISION WITH FOREHEAD FLAP COVERAGE,Skin_softtissue
WIDE EXCISION WITH LOCAL FLAP,Skin_softtissue
WIDE EXCISION WITH LOCAL FLAP AT UPPR LIP,Skin_softtissue
WIDE EXCISION WITH PRIMARY CLOSURE,Skin_softtissue
WIDE EXCISION WITH PRMARY CLOSURE,Skin_softtissue
WIDE EXCISION WITH SENTINEL LYMPH NODE BIOPSY,Skin_softtissue
WIDE EXCISION WITH SKIN GRAFT RT LEG,Skin_softtissue
WIDE EXCISION WITH SLNB,Breast
WIDE EXCISION WITH STSG,Skin_softtissue
WIDE EXCISION+- FLAP COVERAGE,Skin_softtissue
WIDE EXCISION+/-STSG WITH INTRA OP FROZEN SECTION,Skin_softtissue
WIDE EXCISION+FLAP,Skin_softtissue
WIDE EXCISION+STSG,Skin_softtissue
WIDE EXCISON (PRONE POSITION),สาขา:ศัลยกรรมทั่วไป
WIDE EXCISSION,สาขา:ตกแต่ง
WIDE EXSION,สาขา:ตกแต่ง
WIDE LOCAL EXCISION MASS AT SCALP,Skin_softtissue
WIDE LOCAL EXCISION+LOCAL FLAP RT ALAR UNDER GA,Skin_softtissue
WIRE LOCALIZATION C WIDE EXCISION DCIS LT BREAST,Breast
WIRE LOCALIZATION EXCISION,Skin_softtissue
WIRE LOCALIZATION EXCISION WITH INTRAOP FROZEN SECTION,Skin_softtissue
WIRE LOCALIZATION OF RIGHT BREAST MASS EXCISION + EXCISION LIPOMA OF LEFT BREAST,Breast
WIRE LOCALIZATION WIDE EXCISION,Skin_softtissue
WIRE LOCALIZATION WIDE EXCISION OF RIGHT BREAST,Breast
WIRE LOCALIZED EXCISION RIGHT BREAST MASS,Breast
WIRE LOCALIZED EXCISION RT.BREAST,Breast
WIRE LOCALIZED WIDE EXCISION OF LEFT BREAST,Breast
WOUND DEBRIDEMENT + SUTURE,Skin_softtissue
WOUND DRESSING AND IRRIGATION,Skin_softtissue
WOUND DRESSING C IRRIGATION,Skin_softtissue
WOUND IRRIGATION,Skin_softtissue
WOUND IRRIGATION AND DRESSING,Skin_softtissue
WOUND IRRIGATION WND DEBRIDEMENT,Skin_softtissue
ตัดแต่งสะดือ,สาขา:ตกแต่ง
ใช้ DERMABOND WITH GOMCO DAYCASE,Uro_other
"ใช้กล้อง, CUSA",สาขา:ประสาทและสมอง
